Lens ID,Title,Author/s,Abstract
000-122-744-113-792,Editor's Note: EGFR Activation and Signaling in Cancer Cells Are Enhanced by the Membrane-Bound Metalloprotease MT4-MMP.,Alexandra Paye; Alice Truong; Cassandre Yip; Jonathan Cimino; Silvia Blacher; Carine Munaut; Didier Cataldo; Jean Michel Foidart; Erik Maquoi; Joelle Collignon; Philippe Delvenne; Guy Jerusalem; Agnes Noèl; Nor Eddine Sounni,peer reviewed
000-935-967-706-286,1566P Clinical relevance of circulating tumor DNA in HER2 -positive advanced gastric cancer: Results from phase Ib trial of HER2 and PD-1 dual targeted therapy (Ni-High),H. Osumi; T. Wakatsuki; D. Takahari; A. Ooki; K. Chin; H. Shoji; M. Ogura; I. Nakayama; N. Yamamoto; H. Hirano; H. Hara; K. Minashi; E. Shinozaki; K. Kato; N. Kurihara; S. Kitano; K. Takeuchi; N. Boku; K. Yamaguchi,
000-963-992-163-111,Regulating Tumorigenicity and Cancer Metastasis through TRKA Signaling.,Yichao Fan; Boya Zhang; Xinhui Du; Bangmin Wang; Qiang Yan; Liangyu Guo; Weitao Yao,"Tropomyosin receptor kinase (TRK) A, TRKA, is a specific binding receptor of nerve growth factor (NGF), which plays an essential role in the occurrence and progression of human cancers. TRKA overexpression has been proven to be a powerful carcinogenic driver and has been verified in many tumors. The TRKA receptor kinase domain is over-activated in an NGF-dependent manner, accompanied by activation of downstream signal pathways, such as RAS-MAPK, PI3K-AKT, JAK2-STAT3 pathway, PLC γ pathway, and Hippo pathway, which participate in tumor cell proliferation, invasion, epithelial-mesenchymal transition (EMT), perineural invasion (PNI), drug resistance, and cancer pain. In addition, chimeric oncogenes produced by the fusion of NTRK1 and other genes are also the direct cause of tumorigenesis and cancer development. The newly developed TRK inhibitors can improve symptoms and tumor regression in cancer patients with overexpression of TRKA or NTRK1 fusion gene. With the emergence of drug resistance, next generation of TRK inhibitors can still maintain strong clinical efficacy in the case of TRK kinase domain mutations, and these inhibitors are in clinical trials. This review summarizes the characteristics and research progress of TRKA, focusing on the regulatory role of the TRKA signal pathway in different tumors. In addition, we have summarized the clinical significance of TRKA and the TRK inhibitors. This review may provide a new reference for the study of the mechanism of TRKA in different tumors, and also provide a new perspective for the in-depth understanding of the role of TRKA as a biomarker and therapeutic target in human cancer."
000-965-490-020-750,Correction: Lysyl Oxidase-like Protein LOXL2 Promotes Lung Metastasis of Breast Cancer.,Fernando Salvador; Alberto Martin; Celia López-Menéndez; Gema Moreno-Bueno; Vanesa Santos; Alberto Vázquez-Naharro; Patricia G Santamaría; Saleta Morales; Pierre R Dubus; Laura Muinelo-Romay; Rafael López-López; Jason C Tung; Valerie M Weaver; Francisco Portillo; Amparo Cano,"In the original version of this article (1), there were errors in Fig. 2 and Fig. 7. Specifically, in Fig. 2, the hematoxylin and eosin images of the metastatic lung in Fig. 2A for the knockout PyMT;LΔ/− mice and the metastatic lung in Fig. 2C for the control PyMT;R26STOPL2 mice were both mistakenly taken from the same original image. In Fig. 7A, the same Western blot bands were used to represent α-tubulin expression in the T1 control samples and Snail 1 expression in the T1 Snail1 samples. In addition, the orientation of the Snail 1 Western blot bands in the T2 Snail1 samples was incorrect in the original version. The correct images have been provided and the errors have been corrected in the latest online HTML and PDF versions of the article. The authors regret these errors."
001-126-801-426-66X,ASO Author Reflections: Diagnosis and Treatment Strategies for Post-Prostatectomy Urinary Incontinence: How to Identify and Intervene Early?,Yunlong Li; Yingming Xiao; Zhengang Shen; Shengke Yang; Zeng Li; Hong Liao; Shukui Zhou,
001-158-992-608-568,Systematic Identification of the Cancer Pathways and Molecules Related With Breast Cancer Immunogenicity,Xiaoli Wang; Silu Xu; Lingli Huang; Lei Wang; Nan Wu,"<title>Abstract</title>;         <p>To identify molecular features related to immunogenic activity in breast cancer (BC) and provide new targets and directions for BC immunotherapy. We first used ESTIMATE to evaluate the degree of immune cell infiltration of the BC patients in TCGA and METABRIC, and explore the relationship between the degree of immune cell infiltration and prognosis of breast cancer patients. Then, we identified the cancer pathways, proteins, miRNAs related to BC immunogenicity, and predicted miRNAs target genes and identified the pathways related to target genes with KEGG pathway enrichment analysis. We also explored the correlation between PD-L1 expression level and cancer pathways and found that PD-L1 expression showed a positive association with cancer pathways. In this article we have successfully identified several cancer pathways, proteins, miRNAs and their target genes, which could be as promising new target for BC immunotherapy. And PD-L1 blockade therapy may be more effective in BC patients with the activation of some cancer pathways.</p>"
001-198-638-072-795,Discovery of Pyrrolopyrimidinone Inhibitors of the BCL6-SMRT Corepressor Interaction,Methvin Isaac; Iain  D. G. Watson; Justin  A. Morin; Pandiaraju Subramanian; Anh Chau; Michael Prakesch; Brian Wilson; Mohammed  M. Morshed; Babu Joseph; David Uehling; Gennady Poda; Ayome Abibi; Manuel Chan; Herman Cheung; Carly Griffin; Victor Mao; Richard Marcellus; Craig Strathdee; Ratheesh Subramaniam; Brigitte Theriault; Jeffrey Winston; Ahmed Aman; Taira Kiyota; Elijus Undzys; Douglas  A. Kuntz; Neil Pomroy; Ahmed Mamai; Gilbert  G. Privé,
001-256-242-987-326,MHC Hammer reveals genetic and non-genetic HLA disruption in cancer evolution.,Clare Puttick; Thomas P Jones; Michelle M Leung; Felipe Galvez-Cancino; Jiali Liu; Manuel Varas-Godoy; Andrew Rowan; Oriol Pich; Carlos Martinez-Ruiz; Robert Bentham; Krijn K Dijkstra; James R M Black; Rachel Rosenthal; Nnennaya Kanu; Kevin Litchfield; Roberto Salgado; David A Moore; Peter Van Loo; Mariam Jamal-Hanjani; Sergio A Quezada; null null; Charles Swanton; Nicholas McGranahan,"Disruption of the class I human leukocyte antigen (HLA) molecules has important implications for immune evasion and tumor evolution. We developed major histocompatibility complex loss of heterozygosity (LOH), allele-specific mutation and measurement of expression and repression (MHC Hammer). We identified extensive variability in HLA allelic expression and pervasive HLA alternative splicing in normal lung and breast tissue. In lung TRACERx and lung and breast TCGA cohorts, 61% of lung adenocarcinoma (LUAD), 76% of lung squamous cell carcinoma (LUSC) and 35% of estrogen receptor-positive (ER+) cancers harbored class I HLA transcriptional repression, while HLA tumor-enriched alternative splicing occurred in 31%, 11% and 15% of LUAD, LUSC and ER+ cancers. Consistent with the importance of HLA dysfunction in tumor evolution, in LUADs, HLA LOH was associated with metastasis and LUAD primary tumor regions seeding a metastasis had a lower effective neoantigen burden than non-seeding regions. These data highlight the extent and importance of HLA transcriptomic disruption, including repression and alternative splicing in cancer evolution."
001-539-807-937-087,"Abstract P6-05-02: Endocrine biomarkers in response to AR-inhibition with bicalutamide for the treatment of AR(+), ER/PR(−) metastatic breast cancer (MBC) (TBCRC011)",Ayca Gucalp; Sara M. Tolaney; SJ Isakoff; JN Ingle; MC Liu; Lisa A. Carey; K. L. Blackwell; HS Rugo; Lisle Nabell; Andres Forero; Vered Stearns; L Momen; Joseph Gonzalez; A Akhtar; Dilip Giri; S. Patil; Kimberly Feigin; Clifford A. Hudis; TA Traina,"Background: Our group and others have identified a subset of ER/PR(−) breast cancers characterized by expression of the androgen receptor (AR) and androgen-dependent growth (Doane 2006). We conducted a proof-of-concept multicenter phase II study to test the efficacy of the AR-antagonist, bicalutamide for the treatment of AR(+) ER/PR(−) MBC (NCT00468715). Results of the primary endpoint, clinical benefit rate (CBR), were presented at ASCO (Gucalp 2012). Data for the impact of bicalutamide on circulating hormone levels in women are limited. Elevations in serum testosterone (T) and estradiol (E) have been observed for men treated with bicalutamide. We hypothesized comparable patterns of change in circulating endocrine markers in response to bicalutamide for women with MBC. Methods: Patients (pts) with AR(+) (IHC ≥10%), ER/PR(−) (IHC Results: 26 patients with AR(+) ER/PR(−) MBC were treated on study. Evaluable number (n) of pts at baseline, C2 and EOS are 26, 26 and 19 respectively. Two pts remain on study. Menopausal status: pre=2, post=24. Baseline median total and free T and estradiol were consistent with expected norms, however a wide range was observed (Table). There were no significant differences observed for median free T, total T, E or SHBG between baseline and C2 or baseline and EOS. Changes in hormone levels could not be stratified by menopausal status or response to bicalutamide given small sample size. Given the wide range of baseline values, we examined the percent change for each endocrine biomarker from baseline to C2 and EOS. As shown in the Table, there was no difference in median percent change observed across time points for each biomarker. Conclusions: No discernible patterns of change in T, E or SHBG were observed in response to bicalutamide therapy when given to women for the treatment of AR(+), ER/PR(−) MBC. These circulating hormones require further evaluation for use as a pharmacodynamic marker. Citation Information: Cancer Res 2012;72(24 Suppl):Abstract nr P6-05-02."
001-575-878-265-490,MA09.04 Genome-wide Analysis Identifies Nuclear Factor IC as a Novel Transcription Factor and Potential Therapeutic Target in SCLC,V. Shukla; H. Wang; L. Varticovski; S. Baek; R. Wang; F.J. Echtenkamp; Y. Wang; S.K. Gara; M.R. Zhang; H. Chen; P.S. Meltzer; M.M. Miettinen; L.M. Neckers; W.M. Linehan; G.L. Hager; D.S. Schrump,
001-620-177-508-867,Cancer Evolution and the Limits of Predictability in Precision Cancer Medicine,Kamil A. Lipinski; Louise J. Barber; Matthew N. Davies; Matthew Ashenden; Andrea Sottoriva; Marco Gerlinger,"The ability to predict the future behavior of an individual cancer is crucial for precision cancer medicine. The discovery of extensive intratumor heterogeneity and ongoing clonal adaptation in human tumors substantiated the notion of cancer as an evolutionary process. Random events are inherent in evolution and tumor spatial structures hinder the efficacy of selection, which is the only deterministic evolutionary force. This review outlines how the interaction of these stochastic and deterministic processes, which have been extensively studied in evolutionary biology, limits cancer predictability and develops evolutionary strategies to improve predictions. Understanding and advancing the cancer predictability horizon is crucial to improve precision medicine outcomes."
001-634-539-643-642,Activities of the swallowing rehabilitation team for head and neck cancer patients at The Cancer Institute Hospital of Japan Foundation for Cancer Research: —がん研有明病院でのチーム医療の取り組み—,Yu Koizumi; Toru Sasaki; Hiroyuki Yonekawa; Hirofumi Fukushima; Wataru Shimbashi; Akira Seto; Ryosuke Kamiyama; Kotaro Shirao; Ryuta Hidaka; Kazunori Ichikawa; Ryoto Nagai; Kota Fukuta; Takuma Morita; Yuichi Ehara; Jo Omata; Kunihiko Tokashiki; Jyunichi Torii; Koji Yamamura; Kazuyoshi Kawabata; Ken Tomizuka; Kaori Kawana; Takako Toyota; Koji Takahashi; Hiroki Mitani,
001-661-984-020-826,Development and Current Status of a Chest X-ray Interpretation Exercise System for Lung Cancer Screening,Takeshi Kobayashi; Yuichiro Maruyama; Kiyoshi Murata; Kazuto Ashizawa; Katsunori Oikado; Akira Sakurada; Masami Sato; Kiyoshi Shibuya; Tomotaka Sobue; Daisuke Takenaka; Tomio Nakayama; Kenji Nishii; Masao Harada; Sumiko Maeda; Hiroyuki Miura; Hideki Mitomo; Makiko Murota; Motoyasu Sagawa,
002-132-645-474-498,Risk of second primary Cancer among bladder Cancer patients: a population-based cohort study in Korea,Whi-An Kwon; Jae Young Joung; Jiwon Lim; Chang-Mo Oh; Kyu-Won Jung; Sung-Han Kim; Ho Kyung Seo; Weon Seo Park; Jinsoo Chung; Kang Hyun Lee; Young-Joo Won,"For the expanding population of bladder cancer survivors in Korea, the development of subsequent cancers is a significant concern. Here, we provide the second primary cancer incidence rates and types in Korean patients with bladder cancer. Using population-based data from the Korea Central Cancer Registry from 1993 to 2013, we studied the standardized incidence ratios among 48,875 individuals with an initial diagnosis of bladder cancer. Standardized incidence ratios for second primary cancers were evaluated according to age at diagnosis, latency, diagnostic year, and treatment. Over the same period, the overall risk of a second primary cancer was reduced by 6% in patients with bladder cancer compared with the development of a new malignancy in the general population (standardized incidence ratio = 0.94; 95% CI, 0.91–0.97, p < 0.05). For specific cancers, the standardized incidence ratios for stomach, colon, liver, and non-Hodgkin lymphoma were significantly lower in patients with bladder cancer. However, the risk of prostate and kidney cancer in patients with bladder cancer were significantly increased. The risk of lung squamous cell carcinoma and lung adenocarcinoma as second primary cancers was significantly elevated in patients with bladder cancer. Korean patients with bladder cancer have a 6% lower risk of developing a second primary cancer. However, they have a higher risk of developing subsequent prostate and kidney cancers, lung squamous cell carcinoma, and lung adenocarcinoma, suggesting the need for continual intensive cancer surveillance among bladder cancer survivors."
002-188-824-355-796,Correction: Impact of Genetic Ancestry on Genomics and Survival Outcomes in T-cell Acute Lymphoblastic Leukemia.,Haley Newman; Shawn H R Lee; Petri Pölönen; Rawan Shraim; Yimei Li; Hongyan Liu; Richard Aplenc; Shovik Bandyopadhyay; Changya Chen; Meenakshi Devidas; Caroline Diorio; Kimberly Dunsmore; Omar Elghawy; Amira Elhachimi; Tori Fuller; Sumit Gupta; Junior Hall; Andrew D Hughes; Stephen P Hunger; Mignon L Loh; Zachary Martinez; Michael F McCoy; Cassidy G Mullen; Stanley B Pounds; Elizabeth Raetz; Anna Eames Seffernick; Gongping Shi; Jonathan Sussman; Kai Tan; Lahari Uppuluri; Tiffaney L Vincent; Ruth Wang'ondu; Lena E Winestone; Stuart S Winter; Brent L Wood; Gang Wu; Jason Xu; Wenjian Yang; Charles G Mullighan; Jun J Yang; Kira Bona; David T Teachey,
002-207-511-935-379,"Rapid Discovery of Pyrido[3,4-d]pyrimidine Inhibitors of Monopolar Spindle Kinase 1 (MPS1) Using a Structure-Based Hybridization Approach",Paolo Innocenti; Hannah Woodward; Savade Solanki; Sébastien Naud; Isaac M. Westwood; Nora Cronin; Angela Hayes; Jennie Roberts; Alan T. Henley; Ross Baker; Amir Faisal; Grace Mak; Gary Box; Melanie Valenti; Alexis De Haven Brandon; Lisa O’Fee; Harry Saville; Jessica Schmitt; Berry Matijssen; Rosemary Burke; Rob L. M. van Montfort; Florence I. Raynaud; Suzanne A. Eccles; Spiros Linardopoulos; Julian Blagg; Swen Hoelder,"Monopolar spindle 1 (MPS1) plays a central role in the transition of cells from metaphase to anaphase and is one of the main components of the spindle assembly checkpoint. Chromosomally unstable cancer cells rely heavily on MPS1 to cope with the stress arising from abnormal numbers of chromosomes and centrosomes and are thus more sensitive to MPS1 inhibition than normal cells. We report the discovery and optimization of a series of new pyrido[3,4-d]pyrimidine based inhibitors via a structure-based hybridization approach from our previously reported inhibitor CCT251455 and a modestly potent screening hit. Compounds in this novel series display excellent potency and selectivity for MPS1, which translates into biomarker modulation in an in vivo human tumor xenograft model."
002-352-855-874-558,Cancer! Alarm! Cancer!,F.J. Ingelfinger,"HERE IS A SPECIAL HEALTH MESSAGE RED MAY MEAN DEAD FOR YOU OR YOUR LOVED ONES With scare tactics as blatantly callous as these a Sioux City, Iowa, firm is frightening shoppers into buying a product called ""Homaganized Bakon"" — exact composition unrevealed except that it contains no nitrites or nitrates. The ""Special Health Message,"" apparently distributed in stores and also displayed on TV states, Most all sliced bacon contains a color additive listed on the package as nitrate or nitrite. This chemical causes the red meat portion of the bacon to assume a brighter than normal, red color that seems . . ."
002-434-646-006-737,A KIF1C-CNBP motor-adaptor complex for trafficking mRNAs to cell protrusions,Konstadinos Moissoglu; Tianhong Wang; Alexander N. Gasparski; Michael Stueland; Elliott L. Paine; Lisa M. Jenkins; Stavroula Mili,"mRNA localization to subcellular compartments is a widely used mechanism that functionally contributes to numerous processes. mRNA targeting can be achieved upon recognition of RNA cargo by molecular motors. However, our molecular understanding of how this is accomplished is limited, especially in higher organisms. We focus on a pathway that targets mRNAs to peripheral protrusions of mammalian cells and is important for cell migration. Trafficking occurs through active transport on microtubules, mediated by the KIF1C kinesin. Here, we identify the RNA-binding protein CNBP, as a factor required for mRNA localization to protrusions. CNBP binds directly to GA-rich sequences in the 3'UTR of protrusion targeted mRNAs. CNBP also interacts with KIF1C and is required for KIF1C recruitment to mRNAs and for their trafficking on microtubules to the periphery. This work provides a molecular mechanism for KIF1C recruitment to mRNA cargo and reveals a motor-adaptor complex for mRNA transport to cell protrusions."
002-826-423-031-292,Recent Developments in Cancer,Sushma Bottu; Ravalli Remella,"Cancer is one among the leading cause of deaths worldwide. In the present review I have mentioned recent statistics of cancer and mentioned few recent developments in cancer research especially on the most common cancers like lung cancer, breast cancer, prostate cancer, skin cancer and endometrial cancer which would give a brief idea on the ongoing research in cancer for the students, Research Scholars."
002-884-691-177-357,Corrigendum: Construction and Validation of a Lung Cancer Risk Prediction Model for Non-Smokers in China.,Lan-Wei Guo; Zhang-Yan Lyu; Qing-Cheng Meng; Li-Yang Zheng; Qiong Chen; Yin Liu; Hui-Fang Xu; Rui-Hua Kang; Lu-Yao Zhang; Xiao-Qin Cao; Shu-Zheng Liu; Xi-Bin Sun; Jian-Gong Zhang; Shao-Kai Zhang,[This corrects the article DOI: 10.3389/fonc.2021.766939.].
003-066-801-366-629,Changes in Brain Functional Networks After Neoadjuvant Chemotherapy in Patients with Breast Cancer,Jing Yang; Yongchun Deng; Daihong Liu; Yixin Hu; Yu Tang; Xiaoyu Zhou; Yong Tan; Jing Zhang; Jiang Liu; Chengfang Wang; Xiaohua Zeng; Jiuquan Zhang,
003-094-393-345-21X,Textbox: Pesticides and Cancer in Conventionally-Grown Versus Organic Food,Gabriela Steier,"Scientific publications have proven the links between pesticides in food and cancer prevalence. Conventionally-grown foods are often high in pesticides as compared to their organic counterparts. Pesticides are not only dangerous for the environment, but also for public health. One of the most dangerous diseases induced by pesticides are various types of cancers, such as: bladder cancer, bone cancer, brain cancer, cervical cancer, colorectal cancer, eye cancer, gallbladder cancer, kidney or renal cancer, larynx cancer, leukemia, lip cancer, liver or hepatic cancer, lung cancer, lymphoma, melanoma, mouth cancer, multiple myeloma, neuroblastoma, oesophageal cancer, ovarian cancer, pancreatic cancer, prostate cancer, soft tissue sarcoma, stomach cancer, sinonasal cancer, testicular cancer, thyroid cancer, and uterine cancer."
003-262-663-721-634,The prognosis of HER2/neu expression in axillary lymph node-negative breast cancer patients,G.-H. Di; H.-C. Li; Y.-F. Hou; J.-S. Lu; J. Wu; G.-Y. Liu; Z.-Z. Shen; Z.-M. Shao,
003-416-841-102-748,EP07.03-13 Comparison Of Patient-Reported Outcomes for Early-Stage Lung Cancer Patients Underwent Thoracoscopic Segmentectomy Versus Lobectomy,X. Gao; W. Dai; X. Wei; Q. Shi; X. Zhuang,
003-499-164-166-272,Cancer-to-Cancer Metastasis,Errol O. Singh; Ralph C. Benson; Lester E. Wold,
003-510-679-836-073,Abstract P3-11-08: Incidence and Outcome of Male and Female Breast Cancer: A Multinational Population Based Study,Hui Miao; Helena M. Verkooijen; Kee Seng Chia; Eero Pukkala; S Larønningen; Lene Mellemkjær; Kamila Czene; Mikael Hartman,"Background: Male breast cancer is a rare disease as its incidence rate is about 0.5% to 1% of that of female breast cancer. Given its scarcity, few studies have assessed the risk and prognosis. Methods: We performed a multi-national population based study of 569,771 female breast cancer patients and 3,615 male breast cancer patients diagnosed in Denmark, Finland, Switzerland, Norway, Singapore and Sweden from 1943 to 2007. We calculated incidence and mortality as well as overall survival for both sexes. Life table analysis and Cox proportional hazard model were used to analyze the survival. Results: The overall incidence rates, adjusted to the World Standard Population, of breast cancer were 60.2 per 100,000 in women and 0.4 per 100,000 in men. Women were diagnosed with breast cancer at a younger median age (61.4 years) than men (68.9 years). Among the 203,093 patients (35%) with information on TNM stage, 50% of the women and 47% of men were classified as stage I whilst stage III and stage IV cases accounted for 11% and 20% for women and men respectively. The 5-year cumulative survival was 66.2% for women and 53.0% for men. The adjusted relative risk of death was 24% higher in men [HR 1.24 (95% CI, 1.19-1.28)] as compared to women after controlling for age and time at diagnosis. Men had an 18% higher relative risk of death [HR 1.18 (95% CI, 1.09-1.27)] compared to women after further adjustment for TNM stage. Conclusion: Male breast cancer patients have later onset and worse prognosis than female patients. This may be due to the difference in tumour characteristics and treatment. Citation Information: Cancer Res 2010;70(24 Suppl):Abstract nr P3-11-08."
003-513-798-380-850,Is it cancer? Will it become cancer?,Ackerman Lv,
003-539-764-156-741,Faculty Opinions recommendation of Global cancer statistics 2018: GLOBOCAN estimates of incidence and mortality worldwide for 36 cancers in 185 countries.,Robert Huddart,"This article provides a status report on the global burden of cancer worldwide using the GLOBOCAN 2018 estimates of cancer incidence and mortality produced by the International Agency for Research on Cancer, with a focus on geographic variability across 20 world regions. There will be an estimated 18.1 million new cancer cases (17.0 million excluding nonmelanoma skin cancer) and 9.6 million cancer deaths (9.5 million excluding nonmelanoma skin cancer) in 2018. In both sexes combined, lung cancer is the most commonly diagnosed cancer (11.6% of the total cases) and the leading cause of cancer death (18.4% of the total cancer deaths), closely followed by female breast cancer (11.6%), prostate cancer (7.1%), and colorectal cancer (6.1%) for incidence and colorectal cancer (9.2%), stomach cancer (8.2%), and liver cancer (8.2%) for mortality. Lung cancer is the most frequent cancer and the leading cause of cancer death among males, followed by prostate and colorectal cancer (for incidence) and liver and stomach cancer (for mortality). Among females, breast cancer is the most commonly diagnosed cancer and the leading cause of cancer death, followed by colorectal and lung cancer (for incidence), and vice versa (for mortality); cervical cancer ranks fourth for both incidence and mortality. The most frequently diagnosed cancer and the leading cause of cancer death, however, substantially vary across countries and within each country depending on the degree of economic development and associated social and life style factors. It is noteworthy that high-quality cancer registry data, the basis for planning and implementing evidence-based cancer control programs, are not available in most low- and middle-income countries. The Global Initiative for Cancer Registry Development is an international partnership that supports better estimation, as well as the collection and use of local data, to prioritize and evaluate national cancer control efforts. CA: A Cancer Journal for Clinicians 2018;0:1-31. © 2018 American Cancer Society.© 2018 American Cancer Society. PMID: 30207593"
003-556-126-100-975,"Editor's Note: HHLA2, a New Immune Checkpoint Member of the B7 Family, Is Widely Expressed in Human Lung Cancer and Associated with EGFR Mutational Status.",Haiying Cheng; Murali Janakiram; Alain Borczuk; Juan Lin; Wanglong Qiu; Huijie Liu; Jordan M Chinai; Balazs Halmos; Roman Perez-Soler; Xingxing Zang,
003-731-807-445-261,How many biopsy fragments will be necessary to assess HER2 status for gastric cancer,Eiji Shinozaki; Noriko Yamamoto; Keisho Chin; Mariko Ogura; Mitsukuni Suenaga; Satoshi Matsusaka; Nobuyuki Mizunuma; Toshiharu Yamaguchi; Kiyohiko Hatake,"40 Background: Trastuzumab (T) has been shown to confer overall survival benefit adding to capecitabine or 5-FU and CDDP in HER2-positive advanced gastric cancer in ToGA study. Data from the study, overexpression of HER2 according to immunohistochemistry (IHC) has been confirmed as potential responders. HER2 scoring is essential to decide the strategy of the personalized therapy with T. There are some differences in details to assess HER2 score between surgically resected materials and the biopsy fragments. Moreover it is not unclear how many biopsy fragments will be necessary to assess HER2 status. In this study we attemped to prove the optimal biopsy for HER2 scoring of gastric cancer. Methods: HER2 status was evaluated in 30 cases who were scored HER2 as 3+ and 44 cases who were selected for reference as HER2 score of 2+, 1+, 0 in previous tests of surgical specimens. In total 74 cases of 232 biopsies we investigated HER2 protein expression by IHC using HercepTest (DAKO) and assessed according to Gastr..."
003-848-027-727-128,Optimizing cardiac radiation therapy in left breast cancer patients using an intelligent hybrid fuzzy model and differential genetic evolution,Pengwei Yan; Yesong Guo; Jing Wen; Jingjing Han; Yanxin Fan; Yanhong Luo; Pudong Qian; Qian Zhang,
003-881-077-042-439,"Cancer Statistics in Korea: Incidence, Mortality, Survival, and Prevalence in 2011",Kyu-Won Jung; Young-Joo Won; Hyun Joo Kong; Chang-Mo Oh; Duk Hyoung Lee; Jin Soo Lee,"Purpose; This study aimed to report nationwide cancer statistics in Korea, including incidence, mortality, survival, and prevalence, and their trends."
004-164-669-088-128,Human DEAH-box helicase 8 regulates HSF1-mediated stress response and cancer-associated pre-mRNA splicing in tumour cells,Jennifer R Tall; Robert te Poele; Alexandra Vasile; Pradeep Ramagiri; James Campbell; Caitlin R Davies; Marissa V Powers; Toby Roe; Deivendran Sankaran; Hannah Wang; Konstantinos Mitsopoulos; Bissan Al-Lazikani; Rob L M van Montfort; Emmanuel de Billy; Paul Workman; Paul A Clarke,"<jats:title>Abstract</jats:title>;                   <jats:p>Transcription factor heat shock factor 1 (HSF1) orchestrates the cellular stress response, promoting malignant transformation, unchecked proliferation, and stress-resilient survival of tumour cells. We set out to discover potentially druggable regulators of HSF1 activation and identified DEAH-box RNA helicase 8 (DHX8). We investigated the role of DHX8 in regulating HSF1 within the broader context of DHX8 function in cancer cells. DHX8 silencing induces intron retention in HSF1 transcripts, reducing HSF1 protein. Importantly, DHX8 loss significantly alters RNA processing of an HSF1-regulated cancer-associated gene signature linked to poor clinical outcomes, as well as additional oncogenic and stress-response pathways. DHX8 binds between the pre-messenger RNA (mRNA) lariat branch point and the 3′ splice site, consistent with the predominance of intron-retained transcripts following DHX8 loss. We show that both the ATPase and RNA-binding activities of DHX8 are essential for its role in splicing, including processing of HSF1 mRNA. We also find that DHX8 silencing triggers apoptosis more effectively in human cancer cells than in non-tumorigenic cells. Our findings identify DHX8 as a critical regulator of stress-adaptive gene expression, highlighting its promise as a therapeutic target not only to disrupt HSF1-dependent transcriptional programs but also having broader effects in cancer cells under oncogenic stress.</jats:p>"
004-261-508-281-634,"Data from Preclinical Pharmacology, Antitumor Activity, and Development of Pharmacodynamic Markers for the Novel, Potent AKT Inhibitor CCT128930",Timothy A. Yap; Mike I. Walton; Lisa-Jane K. Hunter; Melanie Valenti; Alexis de Haven Brandon; Paul D. Eve; Ruth Ruddle; Simon P. Heaton; Alan Henley; Lisa Pickard; Gowri Vijayaraghavan; John J. Caldwell; Neil T. Thompson; Wynne Aherne; Florence I. Raynaud; Suzanne A. Eccles; Paul Workman; Ian Collins; Michelle D. Garrett,"<jats:p>&lt;div&gt;Abstract&lt;p&gt;AKT is frequently deregulated in cancer, making it an attractive anticancer drug target. CCT128930 is a novel ATP-competitive AKT inhibitor discovered using fragment- and structure-based approaches. It is a potent, advanced lead pyrrolopyrimidine compound exhibiting selectivity for AKT over PKA, achieved by targeting a single amino acid difference. CCT128930 exhibited marked antiproliferative activity and inhibited the phosphorylation of a range of AKT substrates in multiple tumor cell lines &lt;i&gt;in vitro&lt;/i&gt;, consistent with AKT inhibition. CCT128930 caused a G&lt;sub&gt;1&lt;/sub&gt; arrest in &lt;i&gt;PTEN&lt;/i&gt;-null U87MG human glioblastoma cells, consistent with AKT pathway blockade. Pharmacokinetic studies established that potentially active concentrations of CCT128930 could be achieved in human tumor xenografts. Furthermore, CCT128930 also blocked the phosphorylation of several downstream AKT biomarkers in U87MG tumor xenografts, indicating AKT inhibition &lt;i&gt;in vivo&lt;/i&gt;. Antitumor activity was observed with CCT128930 in U87MG and HER2-positive, &lt;i&gt;PIK3CA&lt;/i&gt;-mutant BT474 human breast cancer xenografts, consistent with its pharmacokinetic and pharmacodynamic properties. A quantitative immunofluorescence assay to measure the phosphorylation and total protein expression of the AKT substrate PRAS40 in hair follicles is presented. Significant decreases in pThr246 PRAS40 occurred in CCT128930-treated mouse whisker follicles &lt;i&gt;in vivo&lt;/i&gt; and human hair follicles treated &lt;i&gt;ex vivo&lt;/i&gt;, with minimal changes in total PRAS40. In conclusion, CCT128930 is a novel, selective, and potent AKT inhibitor that blocks AKT activity &lt;i&gt;in vitro&lt;/i&gt; and &lt;i&gt;in vivo&lt;/i&gt; and induces marked antitumor responses. We have also developed a novel biomarker assay for the inhibition of AKT in human hair follicles, which is currently being used in clinical trials. &lt;i&gt;Mol Cancer Ther; 10(2); 360–71. ©2010 AACR&lt;/i&gt;.&lt;/p&gt;&lt;/div&gt;</jats:p>"
004-405-893-277-446,Expression of Concern: Reduced miR-128 in Breast Tumor-Initiating Cells Induces Chemotherapeutic Resistance via Bmi-1 and ABCC5.,Yinghua Zhu; Fengyan Yu; Yu Jiao; Juan Feng; Wei Tang; Herui Yao; Chang Gong; Jianing Chen; Fengxi Su; Yan Zhang; Erwei Song,
004-430-040-292-69X,Correction: Loss of XIST in Breast Cancer Activates MSN-c-Met and Reprograms Microglia via Exosomal miRNA to Promote Brain Metastasis.,Fei Xing; Yin Liu; Shih-Ying Wu; Kerui Wu; Sambad Sharma; Yin-Yuan Mo; Jiamei Feng; Stephanie Sanders; Guangxu Jin; Ravi Singh; Pierre-Alexandre Vidi; Abhishek Tyagi; Michael D Chan; Jimmy Ruiz; Waldemar Debinski; Boris C Pasche; Hui-Wen Lo; Linda J Metheny-Barlow; Ralph B D'Agostino; Kounosuke Watabe,"In the original version of this article (1), Fig. 5O was incorrect, resulting in a duplicate image of Fig. 2J. The authors provided a corrected version of Fig. 5O and the error has been corrected in the latest online HTML and PDF versions of the article. The authors regret this error."
004-534-850-241-25X,"Abstract P5-17-01: Lobular breast cancer alliance - Advocates advancing research, screening, treatment and follow-up care for lobular breast disease",L Petitti; J Axelrod; M Campbell-Kotler; E Frank; J Jaremek; Julia K. Levine; M McWilliams; F Migyanka; N Ryan; E. Viggiano; O Metzger-Filho; Steffi Oesterreich; Leigh Pate,"Introduction Thirty patient advocates attended the First International Invasive Lobular Breast Cancer Symposium in 2016 at the University of Pittsburgh Cancer Center. The conference underscored that invasive lobular breast cancer (ILC) and other lobular pathologies are understudied. Specifically: ILC is the sixth most prevalent cancer of women and the second most frequently diagnosed histological subtype of breast cancer impacting up to 34,000 patients a year in the US. ILC is a molecularly distinct breast cancer with unique subtypes and variants with differences in presentation and behavior, including physical findings of thickening and a tendency to metastasize to unique locations. While ILC is frequently associated with a good initial prognosis, recent analysis suggests that long-term outcomes of ILC may be worse than those stage-matched to ductal breast cancer. Current imaging tools are less reliable for early detection of lobular disease and detection of distant recurrence. Standard of care chemotherapy and endocrine therapies may have different effectiveness applied to ILC and IDC. Challenges Growing interest in ILC research requires improved methods to identify, communicate with and link patients with ILC to clinical trials and research. Advocates with advanced science training are needed as partners for research proposals and grant reviews. Lobular breast cancer is under-represented in key meetings and literature. Encouraging opportunities to share ILC research as agenda topics and fostering collaborations between researchers, clinicians and advocates can accelerate progress and refine clinical practices for screening, treatment and follow-up. Patients living with ILC lack a central on-line source of lobular breast cancer information and resources. This information gap is a barrier to help patients recognize signs of lobular breast cancer9s unique presentation and metastatic behaviors. Results The Lobular Breast Cancer Alliance (LBCA) was formed by patient advocates who attended the First International ILC Symposium in response to advocate-identified opportunities to advance research, refine treatments and enhance patient education. LBCA9s mission is to bridge patients, clinicians and researchers to increase our knowledge of lobular breast disease and promote research that leads to advancements in prevention, diagnosis, treatment and patient follow-up care. Conclusions LBCA is driving an increased awareness of lobular breast cancer with specific goals: Build a clinically accurate, patient centered website devoted to lobular breast cancer at www.LobularBreastCancer.org. Elevate lobular research and foster opportunities for researcher, advocate and clinician collaborations at prominent conferences and meetings. Identify barriers to conduct research on ILC and metastasis and link patients and advocates to ILC tumor research and clinical trials. Initiate peer-to-peer clinician outreach strategy through targeted literature, meetings and education services to share information on ILC presentation, metastatic patterns and screening and treatment challenges of patients with ILC. Build partnerships with existing breast cancer organizations to integrate ILC into existing information resources and work on common goals. Citation Format: Petitti L, Axelrod J, Campbell-Kotler M, Frank E, Jaremek J, Levine J, McWilliams M, Migyanka F, Ryan N, Viggiano E, Metzger-Filho O, Oesterreich S, Pate L. Lobular breast cancer alliance - Advocates advancing research, screening, treatment and follow-up care for lobular breast disease [abstract]. In: Proceedings of the 2017 San Antonio Breast Cancer Symposium; 2017 Dec 5-9; San Antonio, TX. Philadelphia (PA): AACR; Cancer Res 2018;78(4 Suppl):Abstract nr P5-17-01."
004-678-361-914-655,Editor's Note: Truncated Glioma-Associated Oncogene Homolog 1 (tGLI1) Mediates Mesenchymal Glioblastoma via Transcriptional Activation of CD44.,Tadas K Rimkus; Richard L Carpenter; Sherona Sirkisoon; Dongqin Zhu; Boris C Pasche; Michael D Chan; Glenn J Lesser; Stephen B Tatter; Kounosuke Watabe; Waldemar Debinski; Hui-Wen Lo,
004-698-844-934-632,"Correction: p62/SQSTM1 Cooperates with Hyperactive mTORC1 to Regulate Glutathione Production, Maintain Mitochondrial Integrity, and Promote Tumorigenesis.",Hilaire C Lam; Christian V Baglini; Alicia Llorente Lope; Andrey A Parkhitko; Heng-Jia Liu; Nicola Alesi; Izabela A Malinowska; Darius Ebrahimi-Fakhari; Afshin Saffari; Jane J Yu; Ana Pereira; Damir Khabibullin; Barbara Ogorek; Julie Nijmeh; Taylor Kavanagh; Adam Handen; Stephen Y Chan; John M Asara; William M Oldham; Maria T Diaz-Meco; Jorge Moscat; Mustafa Sahin; Carmen Priolo; Elizabeth P Henske,"In the original version of this article (1), the authors mistakenly reported the tamoxifen inducible mouse model as Tsc2f/f Ksp-CreERT2+; however, the mice were actually Tsc2f/f CAGGCreERT2+. The error has been corrected in the latest online HTML and PDF versions of the article. The authors regret this error."
004-801-685-215-384,Abstract P6-01-02: Integration of whole-genome sequencing and functional screening to identify breast cancer lung metastatic drivers,H-Y Yang; Y-Z Jiang; L Chen; W-J Zuo; G. Di; X. C. Hu; H-Q Chen; Z-M Shao,<jats:title>Abstract</jats:title>;                <jats:p>This abstract was not presented at the symposium.</jats:p>
004-944-344-391-070,High Proliferation Rate and a Compromised Spindle Assembly Checkpoint Confers Sensitivity to the MPS1 Inhibitor BOS172722 in Triple-Negative Breast Cancers.,Simon Anderhub; Grace Mak; Mark D. Gurden; Amir Faisal; Konstantinos Drosopoulos; Katie Walsh; Hannah Woodward; Paolo Innocenti; Isaac M. Westwood; Sébastien Naud; Angela Hayes; Efthymia Theofani; Simone Filosto; Harry Saville; Rosemary Burke; Rob L. M. van Montfort; Florence I. Raynaud; Julian Blagg; Swen Hoelder; Suzanne A. Eccles; Spiros Linardopoulos,"BOS172722 (CCT289346) is a highly potent, selective, and orally bioavailable inhibitor of spindle assembly checkpoint kinase MPS1. BOS172722 treatment alone induces significant sensitization to death, particularly in highly proliferative triple-negative breast cancer (TNBC) cell lines with compromised spindle assembly checkpoint activity. BOS172722 synergizes with paclitaxel to induce gross chromosomal segregation defects caused by MPS1 inhibitor-mediated abrogation of the mitotic delay induced by paclitaxel treatment. In in vivo pharmacodynamic experiments, BOS172722 potently inhibits the spindle assembly checkpoint induced by paclitaxel in human tumor xenograft models of TNBC, as measured by inhibition of the phosphorylation of histone H3 and the phosphorylation of the MPS1 substrate, KNL1. This mechanistic synergy results in significant in vivo efficacy, with robust tumor regressions observed for the combination of BOS172722 and paclitaxel versus either agent alone in long-term efficacy studies in multiple human tumor xenograft TNBC models, including a patient-derived xenograft and a systemic metastasis model. The current target indication for BOS172722 is TNBC, based on their high sensitivity to MPS1 inhibition, the well-defined clinical patient population with high unmet need, and the synergy observed with paclitaxel."
005-261-817-510-871,Presence of symptoms predicts poor survival and correlates with COX-2 expression in resected intrahepatic cholangiocarcinoma patients.,Lu Yang; Yingying Wang; Haijing Zheng; Zhaolong Pan; Zezheng Xu; Yubo Wang; Dongyang Li; Yu Wang; Bo Yang; Fenglin Zang; Qin Zhang; Guangtai Cao; Huikai Li; Yunlong Cui; Qiang Wu; Tianqiang Song; Qiang Li; Wei Zhang,"A substantial proportion of patients with intrahepatic cholangiocarcinoma (ICC) present with symptoms such as fever or abdominal pain, which are frequently linked to unfavorable prognostic outcomes. A retrospective analysis of the clinical data from 125 patients diagnosed with ICC was conducted. Univariate and multivariate analyses were carried out to assess overall survival (OS) and disease-free survival (DFS). Subsequently, the patients were stratified into 2 groups based on the presence or absence of symptoms. The presence of symptoms is recognized as a risk factor associated with an unfavorable prognosis (OS: 2.026 [1.133-3.624], P = .017); DFS: 1.590 [1.004-2.517], P = .048). Patients presenting symptoms exhibit a higher prevalence of lymph node metastasis (P = .032), microvascular invasion (P = .041), and higher CA19-9 levels (P = .020). Survival curves revealed that OS (P = .010) and DFS (P = .017) were significantly poorer among patients with ICC exhibiting COX-2 (+). Moreover, an analysis of the immune microenvironment in patients with COX-2 (+) indicated a higher presence of CD163+ cells (P = .018) compared to that of patients with COX-2 (-). ICC patients with symptoms are associated with a dismal prognosis and a pronounced expression of COX-2 within the tumor tissues. Our study suggests that preoperative symptoms may serve as a clinical indicator of aggressive tumor biology and immune microenvironment alterations, and that COX-2 expression may represent a potential therapeutic target."
005-268-222-657-585,Table 1,Simon Pearce; Alicia-Marie Conway; Alexandra Clipson; Steven M. Hill; Caroline Dive; Natalie Cook; Dominic Rothwell,
005-381-964-008-589,Autophagy Inhibition as a Potential Therapeutic Strategy for Breast Cancer with Mitochondrial Translation Defect Caused by CBFB-Deficiency.,Navdeep Malik; Hualong Yan; Young-Im Kim; Gamze Ayaz; Shasha Wang; Payel Mondal; Ji Luo; Jing Huang,"AMPK, AMP-activated protein kinase; BioID, biotinylation identification; CBFB, core-binding factor subunit beta; HCQ, hydroxychloroquine; HNRNPK, heterogeneous nuclear ribonucleoprotein K; PDX, patient-derived xenograft; PIK3CA, phosphatidylinositol-4,5-bisphosphate 3-kinase catalytic subunit alpha; TUFM, Tu translation elongation factor, mitochondrial; ETC, electron transport chain."
005-514-911-722-814,163 Measures of immunosuppression in the year prior to Merkel cell carcinoma diagnosis among people with HIV,J.T. Tribble; K. Volesky-Avellaneda; M. Sargen; M. Shiels; E. Engels,
005-768-712-706-248,Editor's Note: BRAF Status in Personalizing Treatment Approaches for Pediatric Gliomas.,Aleksandra Olow; Sabine Mueller; Xiaodong Yang; Rintaro Hashizume; Justin Meyerowitz; William Weiss; Adam C Resnick; Angela J Waanders; Lukas J A Stalpers; Mitchel S Berger; Nalin Gupta; C David James; Claudia K Petritsch; Daphne A Haas-Kogan,
005-959-692-766-244,Metastasis of cancer to cancer.,S. M. Rabson; Paul L. Stier; Jeraldine C. Baumgartner; David I. Rosenbaum,
006-104-783-893-68X,Improved binding affinity and pharmacokinetics enables sustained degradation of BCL6 in vivo,A. Harnden; R. Huckvale; K.M. Cheung; O. Davis; O. Pierrat; R. Talbot; G. Box; M. Bright; A. Akpinar; D. Miller; A. Hayes; E. Gunnell; Y.V. Le Bihan; R. Burke; V. Kirkin; R. Van Montfort; F. Raynaud; O. Rossanese; B. Bellenie; S. Hoelder,
006-125-173-461-639,Correction: Chimeric Antigen Receptor T Cells Targeting CD79b Show Efficacy in Lymphoma with or without Cotargeting CD19.,Maria Ormhøj; Irene Scarfò; Maria L Cabral; Stefanie R Bailey; Selena J Lorrey; Amanda A Bouffard; Ana P Castano; Rebecca C Larson; Lauren S Riley; Andrea Schmidts; Bryan D Choi; Rikke S Andersen; Oriane Cédile; Charlotte G Nyvold; Jacob H Christensen; Morten F Gjerstorff; Henrik J Ditzel; David M Weinstock; Torben Barington; Matthew J Frigault; Marcela V Maus,
006-248-695-834-586,Improving quality of care by obtaining patient-reported outcomes (PRO)-CTCAE chemotoxicities using tablet technology in daycare (DC) waiting rooms.,Tian Qi Wang; Catherine Brown; Ashlee Vennettilli; Lauren Wong; Aein Zarrin; Aditi Dobriyal; Linda Chen; Vivien Pat; Anthea Ho; Valerie Ho; Cindy Xin; Hannah Solomon; Margaret Irwin; Christina Gonos; Zahra Merali; Wei Xu; Doris Howell; Geoffrey Liu,"165 Background: In a busy chemo DC, any efficient means of tracking important chemotoxicities can improve quality of care. The study goal was to evaluate whether tablet technology available in a DC..."
006-468-007-598-570,"NCCN Guidelines® Insights: Head and Neck Cancers, Version 1.2022.",Jimmy J Caudell; Maura L Gillison; Ellie Maghami; Sharon Spencer; David G Pfister; Douglas Adkins; Andrew C Birkeland; David M Brizel; Paul M Busse; Anthony J Cmelak; A Dimitrios Colevas; David W Eisele; Thomas Galloway; Jessica L Geiger; Robert I Haddad; Wesley L Hicks; Ying J Hitchcock; Antonio Jimeno; Debra Leizman; Loren K Mell; Bharat B Mittal; Harlan A Pinto; James W Rocco; Cristina P Rodriguez; Panayiotis S Savvides; David Schwartz; Jatin P Shah; David Sher; Maie St John; Randal S Weber; Gregory Weinstein; Frank Worden; Justine Yang Bruce; Sue S Yom; Weining Zhen; Jennifer L Burns; Susan D Darlow,"The NCCN Guidelines for Head and Neck Cancers address tumors arising in the oral cavity (including mucosal lip), pharynx, larynx, and paranasal sinuses. Occult primary cancer, salivary gland cancer, and mucosal melanoma (MM) are also addressed. The specific site of disease, stage, and pathologic findings guide treatment (eg, the appropriate surgical procedure, radiation targets, dose and fractionation of radiation, indications for systemic therapy). The NCCN Head and Neck Cancers Panel meets at least annually to review comments from reviewers within their institutions, examine relevant new data from publications and abstracts, and reevaluate and update their recommendations. These NCCN Guidelines Insights summarize the panel's most recent recommendations regarding management of HPV-positive oropharynx cancer and ongoing research in this area."
006-542-455-815-922,A risk prediction model for selecting high-risk population for computed tomography lung cancer screening in china,Lan-Wei Guo; Zhang-Yan Lyu; Qing-Cheng Meng; Liyang Zheng; Qiong Chen; Yin Liu; Hui-Fang Xu; Rui-hua Kang; Lu-yao Zhang; Xiaoqin Cao; Shu-Zheng Liu; Xibin Sun; Jiangong Zhang; Shaokai Zhang,"<AbstractText Label=""OBJECTIVE"">Two large randomized controlled trials (RCTs) have demonstrated that low dose computed tomography (LDCT) screening reduces lung cancer mortality. Risk-prediction models have been proved to select individuals for lung cancer screening effectively. With the focus on established risk factors for lung cancer routinely available in general cancer screening settings, we aimed to develop and internally validated a risk prediction model for lung cancer.</AbstractText>;           <AbstractText Label=""MATERIALS AND METHODS"">Using data from the Cancer Screening Program in Urban China (CanSPUC) in Henan province, China between 2013 and 2019, we conducted a prospective cohort study consisting of 282,254 participants including 126,445 males and 155,809 females. Detailed questionnaire, physical assessment and follow-up were completed for all participants. Using Cox proportional risk regression analysis, we developed the Henan Lung Cancer Risk Models based on simplified questionnaire. Model discrimination was evaluated by concordance statistics (C-statistics), and model calibration was evaluated by the bootstrap sampling, respectively.</AbstractText>;           <AbstractText Label=""RESULTS"">By 2020, a total of 589 lung cancer cases occurred in the follow-up yielding an incident density of 64.91/100,000 person-years (pyrs). Age, gender, smoking, history of tuberculosis and history of emphysema were included into the model. The C-index of the model for 1-year lung cancer risk was 0.766 and 0.741 in the training set and validation set, respectively. In stratified analysis, the model showed better predictive power in males, younger participants, and former or current smoking participants. The model calibrated well across the deciles of predicted risk in both the overall population and all subgroups.</AbstractText>;           <AbstractText Label=""CONCLUSIONS"">We developed and internally validated a simple risk prediction model for lung cancer, which may be useful to identify high-risk individuals for more intensive screening for cancer prevention.</AbstractText>;           <CopyrightInformation>Copyright © 2021 The Author(s). Published by Elsevier B.V. All rights reserved.</CopyrightInformation>"
006-799-829-305-550,Investigation of Pharyngo-laryngectomy with Total Esophagectomy as Salvage Surgery for Recurrent or Residual Cancer after Radiotherapy,Junichi Torii; Wataru Shimbashi; Hiroki Mitani; Masayuki Watanabe; Yu Imamura; Akihiko Okamura; Akira Seto; Ryosuke Kamiyama; Kunihiko Tokashiki; Kazuyoshi Kawabata,
006-886-350-109-000,"Annual report on status of cancer in China, 2010",Wanqing Chen; Rongshou Zheng; Siwei Zhang; Ping Zhao; Hongmei Zeng; Xiaonong Zou; Jie He,"Objective: Population-based cancer registration data in 2010 were collected, evaluated and analyzed by the National Central Cancer Registry (NCCR). Cancer incident new cases and cancer deaths were estimated.;  Methods: There were 219 cancer registries submitted cancer incidence and death data in 2010. All data were checked and evaluated on basis of the criteria of data quality from NCCR. Total 145 registries’ data were qualified and accepted for cancer statistics in 2010. Pooled data were stratified by urban/rural, area, sex, age group and cancer site. Cancer incident cases and deaths were estimated using age-specific rates and national population. The top ten common cancers in different groups, proportion and cumulative rate were also calculated. Chinese population census in 2000 and Segi’s population were used for age-standardized incidence/mortality rates.;  Results: All 145 cancer registries (63 in urban and 82 in rural) covered a total of 158,403,248 population (92,433,739 in urban and 65,969,509 in rural areas). The estimates of new cancer incident cases and cancer deaths were 3,093,039 and 1,956,622 in 2010, respectively. The morphology verified cases (MV%) accounted for 67.11% and 2.99% of incident cases were identified through death certifications only (DCO%) with mortality to incidence ratio (M/I) of 0.61. The crude incidence rate was 235.23/100,000 (268.65/100,000 in males, 200.21/100,000 in females), age-standardized incidence rates by Chinese standard population (ASIRC, 2000) and by world standard population (ASIRW) were 184.58/100,000 and 181.49/100,000 with the cumulative incidence rate (0-74 years old) of 21.11%. The cancer incidence and ASIRC were 256.41/100,000 and 187.53/100,000 in urban areas whereas in rural areas, they were 213.71/100,000 and 181.10/100,000, respectively. The crude cancer mortality in China was 148.81/100,000 (186.37/100,000 in males and 109.42/100,000 in females), age-standardized incidence rates by Chinese standard population (ASMRC, 2000) and by world standard population (ASMRW) were 113.92/100,000 and 112.86/100,000, and the cumulative incidence rate (0-74 years old) was 12.78%. The cancer mortality and ASMRC were 156.14/100,000 and 109.21/100,000 in urban areas, whereas in rural areas, they were 141.35/100,000 and 119.00/100,000 respectively. Lung cancer, gastric cancer, colorectal cancer, liver cancer, esophageal cancer, pancreas cancer, encephaloma, lymphoma, female breast cancer and cervical cancer, were the most common cancers, accounting for 75% of all cancer cases in urban and rural areas. Lung cancer, gastric cancer, liver cancer, esophageal cancer, colorectal cancer, pancreatic cancer, breast cancer, encephaloma, leukemia and lymphoma accounted for 80% of all cancer deaths.;  Conclusions: The coverage of cancer registration population had a rapid increase and could reflect cancer burden in each area and population. As the basis of cancer control program, cancer registry plays an irreplaceable role in cancer epidemic surveillance, evaluation of cancer control programs and making anti-cancer strategy. China is facing serious cancer burden and prevention and control should be enhanced."
006-903-553-519-693,Response.,Rebecca L Siegel; Stacey A Fedewa; William F Anderson; Kimberly D Miller; Jiemin Ma; Philip S Rosenberg; Ahmedin Jemal,
007-078-136-730-462,Cancer - CAUSES OF CANCER,Michaela R. Reagan,
007-141-140-140-149,Editor's Note: Fibroblast Growth Factor Receptor 2-Positive Fibroblasts Provide a Suitable Microenvironment for Tumor Development and Progression in Esophageal Carcinoma.,Chunyu Zhang; Li Fu; Jianhua Fu; Liang Hu; Hong Yang; Tie-Hua Rong; Yan Li; Haibo Liu; Song-Bin Fu; Yi-Xin Zeng; Xin-Yuan Guan,
007-192-331-399-196,"Design, synthesis and biological evaluation of 6-pyridylmethylaminopurines as CDK inhibitors.",Stuart Wilson; Butrus Atrash; Clare Barlow; Sue Eccles; Peter Fischer; Angela Hayes; Lloyd R. Kelland; Wayne Jackson; Michael Jarman; Amin Mirza; Javier Moreno; Bernard Nutley; Florence I. Raynaud; Peter Sheldrake; Michael I. Walton; Robert Westwood; Steven R. Whittaker; Paul Workman; Edward McDonald,
007-256-936-136-268,"Cancer incidence and mortality in Gansu province, 2012.",Yuqin Liu; Xiao-Dong Zhang; Li-Li Chen; Qin Zhao; Xiaojun Xia,Objective; Population-based cancer registration data in 2012 from all available cancer registries in Gansu province were collected by the Central Cancer Registry of Gansu. The numbers of new cancer cases and cancer deaths in Gansu province with compiled cancer incidence and mortality rates were estimated.
007-278-631-989-849,"Correction: INX-315, a Selective CDK2 Inhibitor, Induces Cell Cycle Arrest and Senescence in Solid Tumors.",Catherine Dietrich; Alec Trub; Antonio Ahn; Michael Taylor; Krutika Ambani; Keefe T Chan; Kun-Hui Lu; Christabella A Mahendra; Catherine Blyth; Rhiannon Coulson; Susanne Ramm; April C Watt; Sunil Kumar Matsa; John Bisi; Jay Strum; Patrick Roberts; Shom Goel,
007-361-566-111-163,Masthead,Sheila M. Galloway; Robert A. Preston; R Elespuru Treasurer; James T. MacGregor; John Allen; A.V. Carrano; Philip C. Hanawalt; P Ostrosky; D. T. Anderson; Daniel A. Casciano; David Jacobson‐Kram; Michael J. Plewa; M. Bloom; David M. DeMarini; Barry H. Margolin; Christoph E. Schreiner; B Butterworth; J.H. Gentile; B. Myhr; J.S. Wassom; Rlchard Albertlnl; J Patrick O'nelll,
007-372-884-940-411,Abstract 3642: Structure enabled design of inhibitors of the mitotic kinase MPS1,Paolo Innocenti; Hannah Woodward; Kwai_Ming J. Cheung; Sébastien Naud; Savade Solanki; Isaac M. Westwood; Amir Faisal; Angela Hayes; Jessica Schmitt; Ross Baker; Berry Matijssen; Rosemary Burke; Suzanne A. Eccles; Florence I. Raynaud; Spiros Linardopoulos; Julian Blagg; Rob L. M. van Montfort; Swen Hoelder,"Proceedings: AACR 106th Annual Meeting 2015; April 18-22, 2015; Philadelphia, PA; ; MPS1 (also known as TTK), is a dual-specificity protein kinase that is essential for the proper attachment of chromosomes to the mitotic spindle. MPS1 expression is elevated in a variety of human cancers and is correlated with higher histological grade, aggressiveness and poor patient survival. It has been also shown that basal, PTEN-deficient and triple negative breast cancers are sensitive to MPS1 inhibition. These data together provide strong support for selective antitumour action of MPS1 inhibitors in human cancers. Here we report the discovery of pyridopyrimidines as a new class of inhibitors of MPS1 exploring a hybridization approach. Rapid structure based optimisation of the initial hits led to highly potent, selective and ligand efficient compounds. We will discuss our initial design approach and the structural features that are critical for potent biochemical and cellular inhibition as derived from SAR and co-crystal structures. Furthermore, we will report pharmacokinetic and in vivo properties of selected compounds and comment on our strategy to optimise this series towards preclinical candidates.; ; Citation Format: Paolo Innocenti, Hannah Woodward, Kwai_Ming J. Cheung, Sebastien Naud, Savade Solanki, Isaac M. Westwood, Amir Faisal, Angela Hayes, Jessica Schmitt, Ross Baker, Berry Matijssen, Rosemary Burke, Suzanne A. Eccles, Florence I. Raynaud, Spiros Linardopoulos, Julian Blagg, Rob L M van Montfort, Swen Hoelder. Structure enabled design of inhibitors of the mitotic kinase MPS1. [abstract]. In: Proceedings of the 106th Annual Meeting of the American Association for Cancer Research; 2015 Apr 18-22; Philadelphia, PA. Philadelphia (PA): AACR; Cancer Res 2015;75(15 Suppl):Abstract nr 3642. doi:10.1158/1538-7445.AM2015-3642"
007-436-927-720-735,Plenary session III,Richard C. Rink; Hugh A.�G. Fisher; Arnold Bullock; Bladdercancer Sogani; Reginald C. Bruskewitz; Claus G. Roehrborn; Kevin T. McVary; Christopher Dixon; John K. Lattimer; Philip Howard; Alan Wein; Jeffrey P. Weiss; Philip Van Kerrebroeck; Robert Weiss; Paul Abrams; Anthony J. Schaeffer; J. Curtis Nickel; Michel A. Pontari; Robert Moldwin; Alexis E. Te,
007-694-156-918-250,Cause of a colorectal polyp in the caecum.,Kosuke Tanaka; Keigo Suzuki; Misayo Miyake; Manabu Takamatsu; Meiko Nishimura; Shoichi Saito,
007-953-079-471-355,Abstract P3-04-08: Genomic analysis of breast papillomas,Kenneth Elder; Tanjina Kader; Prue Hill; Ken Opeskin; David L Goode; J-M Pang; Stephen B. Fox; GB Mann; Ian G. Campbell; Kylie L. Gorringe,"<jats:title>Abstract</jats:title>;                <jats:p>Background: Papillomas are often found co-existing with breast carcinoma yet they are not considered to be a true precursor of the disease. Previous studies have shown that some cases may carry copy number alterations (CNA) or mutations in AKT1/PIK3CA (Troxell et al., 2010, Modern Pathology 23: 27-37) suggesting this lesion may have malignant potential. To date, a detailed study of both pure papillomas (not associated with cancer) and those seen in the same breast as a carcinoma has not been undertaken. Therefore, we set out to investigate the molecular changes associated with this lesion and whether papillomas can be clonally related to synchronous breast carcinoma.</jats:p>;                <jats:p>Method: Papilloma cases were identified from a hospital database and independently reviewed by consultant pathologists followed by micro-dissection of formalin-fixed paraffin-embedded tumour tissue and DNA extraction. For CNA detection either Affymetrix Molecular inversion Probe (MIP) 330K arrays were used or low-coverage whole genome sequencing using 5-10 ng of DNA (Kader et al., 2016, Genome Medicine 8: 121) where there was insufficient DNA for MIP arrays. We applied either of these 2 methods to 24 cases of pure papilloma as well as 20 papilloma with synchronous ductal carcinoma in situ (DCIS) and/or invasive ductal carcinoma (IDC). Additionally, targeted exon sequencing of breast cancer driver genes was performed for a subset of cases.</jats:p>;                <jats:p>Results: Among the pure papillomas 31% (5/16) showed CN change with, the most frequent change being 16q loss (2/16). Of the papillomas synchronous with DCIS/IDC analysed to date, 2/5 were shown to be clonal with the co-existing carcinoma. Final CNA analysis will be presented for 24 pure papilloma cases and 20 synchronous cases.</jats:p>;                <jats:p>Targeted sequencing revealed that all for pure papillomas analysed to date harboured somatic mutations in PIK3CA (3/4 cases) and PIK3R1 (1/4,) suggesting that most papillomas are driven by alterations in the PI3-kinase/AKT pathway. The final sequencing data to be presented will include an additional 5 pure papillomas and 10 synchronous cases.</jats:p>;                <jats:p>Conclusion: Our observation that 40% of papillomas are clonal to breast carcinoma suggests that DCIS or IDC can arise from a common ancestor as co-existing papillomas, however, most papillomas co-existing with carcinoma are likely to be independent in our cohort.</jats:p>;                <jats:p>Citation Format: Elder KJ, Kader T, Hill P, Opeskin K, Goode DL, Pang J-M, Fox SB, Mann GB, Campbell IG, Gorringe KL. Genomic analysis of breast papillomas [abstract]. In: Proceedings of the 2017 San Antonio Breast Cancer Symposium; 2017 Dec 5-9; San Antonio, TX. Philadelphia (PA): AACR; Cancer Res 2018;78(4 Suppl):Abstract nr P3-04-08.</jats:p>"
007-956-384-397-757,Editor's Note: Small-Molecule Inhibition of the Acyl-Lysine Reader ENL as a Strategy against Acute Myeloid Leukemia.,Yiman Liu; Qinglan Li; Fatemeh Alikarami; Declan R Barrett; Leila Mahdavi; Hangpeng Li; Sylvia Tang; Tanweer A Khan; Mayako Michino; Connor Hill; Lele Song; Lu Yang; Yuanyuan Li; Sheela Pangeni Pokharel; Andrew W Stamford; Nigel Liverton; Louis M Renzetti; Simon Taylor; Gillian F Watt; Tammy Ladduwahetty; Stacia Kargman; Peter T Meinke; Michael A Foley; Junwei Shi; Haitao Li; Martin Carroll; Chun-Wei Chen; Alessandro Gardini; Ivan Maillard; David J Huggins; Kathrin M Bernt; Liling Wan,
008-252-469-139-889,Bioinformatics in Cancer and Cancer Therapy - Bioinformatics in Cancer and Cancer Therapy,Gavin J. Gordon,
008-572-046-536-295,Cancer Biology and Management: An Introduction,C. J. Williams,PRINCIPLES OF CANCER BIOLOGY AND CARE. Genetics of Cancer (N. Dennis). Biology of Cancer (D. Garrod). Environmental Causes of Cancer (C. Williams). Cancer Screening (C. Williams). The Histopathological Diagnosis of Cancer (A. Ramsay). Staging and Investigation of Cancer (C. Williams). Principles of Cancer Management (C. Williams). Paraneoplastic Manifestations of Cancer (C. Williams). Cancer Emergencies (J. Sweetenham). Symptomatic Care of Advanced Cancer (R. Hillier). Psychosocial Aspects of Cancer (J. Hughes). MANAGEMENT OF SPECIFIC CANCERS. Head and Neck Cancer (C. Williams). Respiratory System (C. Williams). Gastrointestinal Tract (C. Williams). Gynecological Cancers (C. Williams). Urogenital Cancers (C. Williams). Cancer of Unknown Primary Site (C. Williams). Cancers of the Central Nervous System (C. Williams). Sarcomas (C. Williams). Lymphatic and Hematological Cancers (C. Williams). Pediatric Cancers (C. Williams). Index.
009-061-444-280-645,Correction: SAR405838: A Novel and Potent Inhibitor of the MDM2:p53 Axis for the Treatment of Dedifferentiated Liposarcoma.,Kate Lynn J Bill; Jeannine Garnett; Isabelle Meaux; XiaoYen Ma; Chad J Creighton; Svetlana Bolshakov; Cedric Barriere; Laurent Debussche; Alexander J Lazar; Bethany C Prudner; Lucia Casadei; Danielle Braggio; Gonzalo Lopez; Abbie Zewdu; Hemant Bid; Lev Dina; Raphael E Pollock,
009-104-505-837-193,1631P Results from the quick efficacy seeking trial (QuEST1) arm combining BN-brachyury (BNVax) + bintrafusp alfa (BA) + nogapendekin alfa inbakicept-pmln (N-803) in castration-resistant prostate cancer (CRPC),J.M. Redman; R.A. Madan; F. Karzai; L. Cordes; null J. Marte; N. Williams; A. Hankin; N. Toney; R.N. Donahue; S. Steinberg; P. Soon-Shiong; J. Schlom; E. Turkbey; J.L. Gulley,
009-301-536-350-380,Comparative analysis of cancer statistics in China and the United States in 2024.,Yujie Wu; Siyi He; Mengdi Cao; Yi Teng; Qianru Li; Nuopei Tan; Jiachen Wang; Tingting Zuo; Tianyi Li; Yuanjie Zheng; Changfa Xia; Wanqing Chen,"<AbstractText Label=""BACKGROUND"" NlmCategory=""BACKGROUND"">Cancer patterns in China are becoming similar to those in the United States (US). Comparing the recent cancer profiles, trends, and determinants in China and the US can provide useful reference data.</AbstractText>;           <AbstractText Label=""METHODS"" NlmCategory=""METHODS"">This study used open-source data. We used GLOBOCAN 2022 cancer estimates and United Nations population estimates to calculate cancer cases and deaths in both countries during 2024. Data on cancer incidence and mortality trends were obtained from the Surveillance, Epidemiology, and End Results (SEER) program and National Centre for Health Statistics in the US and cancer registry reports of the National Cancer Center (NCC) of China. Data from the Global Burden of Disease study (GBD) and a decomposition approach were used to estimate the contributions of four determinants to the change in cancer deaths.</AbstractText>;           <AbstractText Label=""RESULTS"" NlmCategory=""RESULTS"">In 2024, there are an estimated 3,246,625 and 2,510,597 new cancer cases and 1,699,066 and 640,038 cancer deaths in China and the US, respectively. The highest estimated cancer cases are lung cancer in China and breast cancer in the US. The age-standardized incidence rates of lung and colorectal cancer in the US, and stomach, liver, and esophageal cancer in China have decreased, but the incidence rates of liver cancer in the US and colorectal cancer, prostate cancer in men, and cervical cancer in women in China have increased. Increases in the adult population size and population aging are main reasons for the increase in cancer deaths; case fatality rates are a main reason for the decrease in cancer deaths in both countries.</AbstractText>;           <AbstractText Label=""CONCLUSIONS"" NlmCategory=""CONCLUSIONS"">China has made progress in cancer control but lags the US. Considering the transformation in China's pattern of cancers epidemiology, it is imperative to develop stronger policies by adopting the cancer prevention and control strategies used in the US to address population aging and curb growing cancer trends.</AbstractText>;           <CopyrightInformation>Copyright © 2024 The Chinese Medical Association, produced by Wolters Kluwer, Inc. under the CC-BY-NC-ND license.</CopyrightInformation>"
009-728-053-496-29X,Monitoring of plasma pro-GRP level during EGFR-TKI treatment.,Yuko Kawano; Atsushi Horiike; Azusa Tanimoto; Toshio Sakatani; Ryota Saito; Kyohei Kaburaki; Noriko Yanagitani; Keita Kudo; Fumiyoshi Ohyanagi; Sachiko Hagiwara; Takeshi Horai; Makoto Nishio,"10604 Background: Lung cancers harboring mutations in the epidermal growth factor receptor gene (EGFR) respond to EGFR tyrosine kinase inhibitors (EGFR-TKI), but drug resistance invariably emerges...."
010-113-155-715-144,"Characterisation of CCT271850, a selective, oral and potent MPS1 inhibitor, used to directly measure in vivo MPS1 inhibition vs therapeutic efficacy",Amir Faisal; Grace Mak; Mark D. Gurden; Cristina P.R. Xavier; Simon Anderhub; Paolo Innocenti; Isaac M. Westwood; Sébastien Naud; Angela Hayes; Gary Box; Melanie Valenti; Alexis De Haven Brandon; Lisa O’Fee; Jessica Schmitt; Hannah Woodward; Rosemary Burke; Rob vanMontfort; Julian Blagg; Florence I. Raynaud; Suzanne A. Eccles; Swen Hoelder; Spiros Linardopoulos,"Characterisation of CCT271850, a selective, oral and potent MPS1 inhibitor, used to directly measure in vivo MPS1 inhibition vs therapeutic efficacy"
010-186-366-045-125,Cancer incidence and mortality in Greater Poland Province in 2006 – Report,Agnieszka Dyzmann-Sroka; Agata Harska; Wiesława Myślińska; Wiesława Olenderczyk; Małgorzata Rymarczyk-Wciorko; Beata Szczęch; Maciej Trojanowski; Teresa Wosicka,"Summary Greater Poland is a region of high cancer risk in Poland. Standardized rates for cancer incidence among man and woman are the highest in Poland. Standardized rates for cancer deaths are also very high (4 th place for men and 2 nd for woman). When analysing the absolute numbers of cases and deaths among men in Greater Poland for last eight years, we observe increase of cases number by 16,14% and deaths by 10,85%. Most common cancer incidence sites in Greater Poland for man are: lung, colorectum and prostate. Among woman breast, colorectum and lung. Most common cancer deaths sites in men are: lung, colorectum and stomach. Among woman breast, lung and colorectum. When analysing standardized rates for malignant tumors morbidity and mortality among men and women, we see clearly that increase of number of new cancer cases and deaths is determined first of all by ageing in Greater Poland population. Lung cancer in Greater Poland is situated in first three most common cancer sites by incidence and mortality. Region has a medium lung cancer incidence and mortality compare to other voivodships. In analyzed period (1999–2006) lung cancer incidence and mortality among men has decreased. Unfortunately the same trend is not observed among women. High breast cancer incidence is very typical for Greater Poland. Analysis of standardized rates shows that Greater Poland is on 3 rd place by breast cancer incidence and on the 4 th place by breast cancer mortality. The most important and at the same time the cheapest method to eliminate tumors is prophylactics and screening."
010-190-840-658-351,Editor's Note: Dual Targeting of the Akt/mTOR Signaling Pathway Inhibits Castration-Resistant Prostate Cancer in a Genetically Engineered Mouse Model.,Nicola Floc'h; Carolyn Waugh Kinkade; Takashi Kobayashi; Alvaro Aytes; Celine Lefebvre; Antonina Mitrofanova; Robert D Cardiff; Andrea Califano; Michael M Shen; Cory Abate-Shen,"The editors are publishing this note to alert readers to concerns about this article (1). In Fig. 3V, there is splicing in the images for pAKTS473 and for pS6S235/236. In Fig. 4, the same image was used for the Actin Western blot analysis in Fig. 4A for PC3 cells and in Fig. 4C, as they were from the same experiment; however, this was not indicated in the figure legend."
010-219-960-547-556,Report of a Case with Appendiceal Intussusception Induced by Appendiceal Endometriosis,Yasuhiro Takeda; Toshiya Nagasaki; Hironori Fukuoka; Atsushi Ogura; Hisanori Miki; Yukiharu Hiyoshi; Takashi Akiyoshi; Tsuyoshi Konishi; Yoshiya Fujimoto; Satoshi Nagayama; Yosuke Fukunaga; Masashi Ueno,
010-311-818-794-216,Correction: Antibody-Peptide Epitope Conjugates for Personalized Cancer Therapy.,Songfa Zhang; Chuan Yan; David G Millar; Qiqi Yang; James M Heather; Adam Langenbucher; Laura T Morton; Sean Sepulveda; Eric Alpert; Lauren R Whelton; Dominique T Zarrella; Mei Guo; Eleanor Minogue; Michael S Lawrence; Bo R Rueda; David R Spriggs; Weiguo Lu; David M Langenau; Mark Cobbold,"In the original version of this article (1), there was an error in Fig. 3A.Specifically, incorrect representative images were used to show merged fluorescence and brightfield of zebrafish with injection of uncleavable APECs at day 7 and after therapy."
010-370-527-002-151,Erratum,G Turusov; Caterina A. M. La Porta; U Hollander; Lynn D. Mohr; L. M. Shabad; M Sobin; William Stanton; null Davis,
010-451-869-635-148,Editor's Note: Therapeutic Targeting of Nuclear γ-Tubulin in RB1-Negative Tumors.,Lisa Lindström; Bruno O Villoutreix; Sophie Lehn; Rebecka Hellsten; Elise Nilsson; Enisa Crneta; Roger Olsson; Maria Alvarado-Kristensson,
010-618-262-441-066,Handbook of Evidence-Based Radiation Oncology - Handbook of evidence-based radiation oncology,Eric K. Hansen; Mack Roach,Skin.- Skin Cancer.- Central Nervous System.- Central Nervous System.- Head and Neck.- Malignant and Benign Diseases of the Eye and Orbit.- Cancer of the Ear.- Nasopharyngeal Cancer.- Nasal Cavity and Paranasal Sinus Cancer.- Oropharyngeal Cancer.- Cancer of the Lip and Oral Cavity.- Larynx and Hypopharynx Cancer.- Salivary Gland Tumors.- Thyroid Cancer.- Unusual Neoplasms of the Head and Neck.- Management of the Neck and Unknown Primary of the Head and Neck.- Thorax.- Small Cell Lung Cancer.- Non-small Cell Lung Cancer.- Mesothelioma and Thymic Tumors.- Breast.- Breast Cancer.- Digestive System.- Esophageal Cancer.- Gastric Cancer.- Pancreatic Cancer.- Hepatobiliary Cancer.- Colorectal Cancer.- Anal Cancer.- Genitourinary Sites.- Renal Cell Carcinoma.- Bladder Cancer.- Prostate Cancer.- Cancer of the Penis.- Testicular Cancer.- Gynecologic Sites.- Cervical Cancer.- Endometrial Cancer.- Ovarian Cancer.- Vaginal Cancer.- Vulvar Cancer.- Urethral Cancer.- Lymphomas and Myeloma.- Hodgkin's Lymphoma.- Non-Hodgkin's Lymphoma.- Cutaneous Lymphomas.- Multiple Myeloma and Plasmacytoma.- Musculoskeletal Sites.- Bone Tumors.- Soft-Tissue Sarcoma.- Pediatric (Non-CNS).- Pediatric (Non-CNS) Tumors.- Palliation.- Palliation and Benign Conditions.- Clinical Radiobiology and Physics.- Erratum.- Erratum to: Prostate Cancer.
010-757-421-794-396,Cancer: Interfering with cancer,,
010-870-595-442-539,Cáncer colorrectalColorectal cancer,A. Lamarca Lete; R. Molina Villaverde; J.L. López González; M. Álvarez-Mon Soto,
011-071-504-232-823,"Time-trend of the incidence and mortality of esophageal cancer from 2010 to 2018 and its statistics in 2018 in Henan, China.",Jian-Gong Zhang; Hui-Fang Xu; Qiong Chen; Lu-Yao Zhang; Xiao-Yang Wang; Hong Wang; Yin Liu; Shu-Zheng Liu; Lan-Wei Guo; Li-Yang Zheng; Yi-Xian Wang; Yi-Ping Jing; Chun-Ya Liu; You-Lin Qiao; Shao-Kai Zhang; Bin-Bin Han,"<AbstractText Label=""Background"" NlmCategory=""UNASSIGNED"">It is great of significance to figure the time-trend of esophageal cancer (EC) and its current status for effective prevention and control, especially in EC high risk areas. As one of world-renowned high-risk areas, the epidemiology of EC in Henan has not been recently updated. Therefore, we aimed to depict the status quo of EC and analyze its time-trend in Henan.</AbstractText>;           <AbstractText Label=""Methods"" NlmCategory=""UNASSIGNED"">The EC data were extracted from the Henan Provincial Cancer registry database derived from the population based cancer registry system, which covered 30.51% of the whole population in Henan and were qualified according to national and international guidelines. The incidence and mortality of EC were estimated by area (rural/urban), gender, and age groups. The age-standardized rates (ASRs) were calculated according to the Segi's population. Joinpoint regression was used to calculate annual percentage change (APC) and average annual percentage change (AAPC) to evaluate the time-trend of EC.</AbstractText>;           <AbstractText Label=""Results"" NlmCategory=""UNASSIGNED"">As estimated, there were 29,913 new EC cases in Henan, 2018. The crude incidence and the age-standardized incidence rate by world standard population (ASIRW) was 27.43/10<sup>5</sup> and 19.96/10<sup>5</sup>, respectively. The incidence in males and rural was 1.83 and 1.51 times higher than that in females and urban areas, respectively. Meanwhile, it was estimated that 22,688 deaths occurred in 2018. The crude mortality and the age-standardized mortality rate by world standard population (ASMRW) were 20.80/10<sup>5</sup> and 14.47/10<sup>5</sup>, respectively. Similarly, males and rural areas had higher mortality compared with females and urban areas. The age-specific incidence and mortality of EC showed significant increasing after 60-64 years group. In general, the time-trend of incidence (APC: -8.9, P&lt;0.001) and mortality (APC: -7.6, P&lt;0.001) of EC showed a significant decreasing trend since 2014, and downward trend were also observed in rural areas for incidence (APC: -5.2, P&lt;0.001) and mortality (APC: -3.9, P&lt;0.001) from 2010 to 2018.</AbstractText>;           <AbstractText Label=""Conclusions"" NlmCategory=""UNASSIGNED"">The EC incidence and mortality in Henan has exhibited a significant declining trend in past years. Nonetheless, the disease burden remains high, especially in males and rural areas. Therefore, the ongoing prevention and control strategies of EC should be maintained alongside the establishment of more effective strategies.</AbstractText>;           <CopyrightInformation>2022 Annals of Translational Medicine. All rights reserved.</CopyrightInformation>"
011-228-642-194-477,Utilizing Functional Genomics Screening to Identify Potentially Novel Drug Targets in Cancer Cell Spheroid Cultures,Eamonn Morrison; Patty Wai; Andri Leonidou; Philip Bland; Saira Khalique; Gillian Farnie; Frances Daley; Barrie Peck; Rachael Natrajan,"The identification of functional driver events in cancer is central to furthering our understanding of cancer biology and indispensable for the discovery of the next generation of novel drug targets. It is becoming apparent that more complex models of cancer are required to fully appreciate the contributing factors that drive tumorigenesis in vivo and increase the efficacy of novel therapies that make the transition from pre-clinical models to clinical trials. Here we present a methodology for generating uniform and reproducible tumor spheroids that can be subjected to siRNA functional screening. These spheroids display many characteristics that are found in solid tumors that are not present in traditional two-dimension culture. We show that several commonly used breast cancer cell lines are amenable to this protocol. Furthermore, we provide proof-of-principle data utilizing the breast cancer cell line BT474, confirming their dependency on amplification of the epidermal growth factor receptor HER2 and mutation of phosphatidylinositol-4,5-biphosphate 3-kinase (PIK3CA) when grown as tumor spheroids. Finally, we are able to further investigate and confirm the spatial impact of these dependencies using immunohistochemistry."
011-415-777-598-288,"Prediction of Cancer Incidence and Mortality in Korea, 2011",Kyu-Won Jung; Sohee Park; Young-Joo Won; Hyun Joo Kong; Joo Young Lee; Eun Cheol Park; Jin Soo Lee,"Purpose; To estimate the current cancer burden in Korea, cancer incidence and mortality were projected for the year 2011."
011-526-042-785-519,"Cancer profiles in China and comparisons with the USA: a comprehensive analysis in the incidence, mortality, survival, staging, and attribution to risk factors.",Siyi He; Changfa Xia; He Li; Maomao Cao; Fan Yang; Xinxin Yan; Shaoli Zhang; Yi Teng; Qianru Li; Wanqing Chen,"China faces a disproportionate cancer burden to the population size and is undergoing a transition in the cancer spectrum. We extracted data in five aspects of cancer incidence, mortality, survival, staging distributions, and attribution to risk factors in China, the USA and worldwide from open-source databases. We conducted a comprehensive secondary analysis of cancer profiles in China in the above aspects, and compared cancer statistics between China and the USA. A total of 4,546,400 new cancer cases and 2,992,600 deaths occurred in China in 2020, accounting for 25.1% and 30.2% of global cases, respectively. Lifestyle-related cancers including lung cancer, colorectal cancer, and breast cancer showed an upward trend and have been the leading cancer types in China. 41.6% of new cancer cases and 49.3% of cancer deaths occurred in digestive-system cancers in China, and the cancers of esophagus, nasopharynx, liver, and stomach in China accounted for over 40% of global cases. Infection-related cancers showed the highest population-attributable fractions among Chinese adults, and most cancers could be attributed to behavioral and metabolic factors. The proportions of stage I for most cancer types were much higher in the USA than in China, except for esophageal cancer (78.2% vs. 41.1%). The 5-year relative survival rates in China have improved substantially during 2000-2014, whereas survival for most cancer types in the USA was significantly higher than in China, except for upper gastrointestinal cancers. Our findings suggest that although substantial progress has been made in cancer control, especially in digestive system cancers in China, there was still a considerable disparity in cancer burden between China and the USA. More robust policies on risk factors and standardized screening practices are urgently warranted to curb the cancer growth and improve the prognosis for cancer patients."
011-605-394-727-035,"BORIS, a novel cancer-testis antigen, is a potential target for immunotherapy in epithelial ovarian cancer",Jeannine Villella; F. Qian; Bernadette Keitz; D. Driscoll; J. Skipper; A. Simpson; L. J. Old; Shashikant Lele; Kunle Odunsi,"9673 Background: Cancer-testis antigens (CTA), are selectively expressed in various types of human neoplasms but not in normal tissues other than testis. This characteristic feature of CTA makes th..."
011-654-444-033-367,JoVE Video Dataset,Xiangqin Zhao; Xinbo Gao; Wenwen Yu; Yi Lu; Xuesong Li; Lu Tan; Xiubao Ren; Yifei Wang; Weijie Song; Jihui Hao; Ying Ma,"Pancreatic cancer is an aggressive malignancy with a dismal prognosis and limited therapeutic options. Adoptive cell therapy, which involves isolating and activating a patient&#39;s own immune cells, such as tumor-infiltrating lymphocytes (TILs), before re-infusing them, represents a promising experimental approach. However, techniques for adoptive cell transfer in preclinical pancreatic cancer models are not well established. Here, we describe a detailed protocol for adoptive cell therapy using TILs from a syngeneic pancreatic cancer mouse model. The procedure involves implanting live or irradiated mouse pancreatic cancer cells in fluorescence-labeled reporter mice to initiate immune cell influx, then isolating lymphocytes from primary tumors via flow cytometry sorting and/or activating and expanding tumor-reactive T cells ex vivo, and adoptively transferring these activated T cells intraperitoneally into tumor-bearing mice, followed by interleukin-2 administration.&#160;Bioluminescent tumor imaging allows for longitudinal monitoring of orthotopic tumor growth and response to therapy, especially evaluating the tumor-specific cytotoxic effects. This approach recapitulates the logistics involved in developing adoptive cell transfer therapies for pancreatic cancer patients. The results demonstrate enhanced antitumor efficacy of adoptively transferred tumor-reactive T cells compared to irrelevant lymphocyte controls. This versatile methodology enables the in vivo study of adoptive immunotherapy in pancreatic cancer as well as the optimization of cell processing parameters and combination treatment regimens."
011-662-718-040-792,Bcl-2 as a Predictive Factor for Biochemical Recurrence after Radical Prostatectomy: An Interim Analysis,In-Chang Cho; Han Soo Chung; Kang Su Cho; Jeong Eun Kim; Jae Young Joung; Ho Kyung Seo; Jinsoo Chung; Weon Seo Park; Eun Kyung Hong; Kang Hyun Lee,Purpose; The objective of this study was to determine Bcl-2 expression in localized prostate cancer and its potential role as a predictive factor for biochemical recurrence (BCR).
011-720-219-379-196,The use of PD-1 inhibitors for the advanced melanoma of esophagus,Lili Mao; Xizhang Wang; Lu Si; Yan Kong; Zhihong Chi; Xinan Sheng; Chuanliang Cui; Bin Lian; Bi Xia Tang; Xieqiao Yan; Jun Guo,
012-299-776-464-561,Oncology : a multidisciplinary textbook,Alan Horwich,Part 1 Cancer epidemiology and screening The cell biology of cancer The molecular biology of cancer Cancer immunology Principles of cancer pathology Imaging techniques PET scanning in oncology Principles of surgical oncology Principles of radiation therapy Principles of medical oncology Evaluation of new drugs in cancer therapy Principles of cytokine therapy Infection diseases in cancer Psychological aspects of cancer Principles of pallivative care Cancer therapy and fertility. Part 2 Hodgkin's disease Non-Hodgkin's lymphoma Acute leukaemias Chronic leukaemias Myeloma Cancer of the cervix and corpus Ovarian tumours Gestational trophoblastic tumours Sarcomas Bone tumours Melanomas and skin cancers Central nervous system tumours Neuroendocrine tumours Paediatric oncology Testicular cancer Bladder cancer Prostate cancer Hypernephroma Early breast cancer Advanced breast cancer Surgical aspects of head and neck cancer Non-surgical aspects of head and neck cancer Thyroid cancer Small cell lung cancer Surgical aspects of GI tract cancer GI tract non-surgical treatment Hepato-biliary cancer Pancreatic cancer.
012-377-409-090-255,Endocrine-Related Resources from the National Institutes of Health,Marianna J. Bledsoe; Daniela Seminara,"The NCI Cooperative Breast Cancer Tissue Resource can provide researchers with access to formalin-fixed, paraffin-embedded primary breast cancer tissues, with associated pathology and clinical data.The collection is particularly well-suited for validation studies of diagnostic and prognostic markers."
012-417-974-108-01X,A Pan-Cancer Single-Cell RNA-Seq Atlas of Intratumoral B Cells,Evelyn Fitzsimons; Krupa Thakkar; Marcellus Augustine; Andrei Enica; Danwen Qian; James Reading; Kevin Litchfield,
012-790-157-409-299,Immune Escape,Jiahua Qian; Samir N. Khleif; Hong Yang; Raed Samara; Anat Ohali; Yufei Jiang; Tamara Floyd,
013-163-031-901-281,Cancer and communicational cancer: A squared cancer?,Maximilien Gourdin; A.-F. Naviaux; Pascal Janne,
013-329-767-205-956,Cancer: Cancer Research,Alson R. Kilgore,
013-533-093-065-966,Editor's Note: Targeting Akt and Heat Shock Protein 90 Produces Synergistic Multiple Myeloma Cell Cytotoxicity in the Bone Marrow Microenvironment.,Alissa Huston; Xavier Leleu; Xiaoying Jia; Anne-Sophie Moreau; Hai T Ngo; Judith Runnels; Judy Anderson; Yazan Alsayed; Aldo Roccaro; Sonia Vallet; Evdoxia Hatjiharissi; Yu-Tsu Tai; Peter Sportelli; Nikhil Munshi; Paul Richardson; Teru Hideshima; David G Roodman; Kenneth C Anderson; Irene M Ghobrial,"alert readers to a concern about this article (1): in Fig. 3D, the Western blot for HSP27 has six lanes, which does not match the seven lanes shown in the rest of the runs (p-HSP27, HSP70, HSP90, and alpha tubulin) or the corresponding treatment amounts of perifosine and 17-DMAG."
013-651-558-237-041,Current Trends in the Incidence and Survival Rate of Urological Cancers in Korea.,Jae Young Joung; Jiwon Lim; Chang-Mo Oh; Kyu-Won Jung; Hyunsoon Cho; Sung-Han Kim; Ho Kyung Seo; Weon Seo Park; Jinsoo Chung; Kang Hyun Lee; Young-Joo Won,"PURPOSE This descriptive study assessed the current trends in the incidence of urological cancers and patient survival in Korea. MATERIALS AND METHODS In this nationwide retrospective observational study based on the data from the Korea National Cancer Incidence Database (KNCIDB), this study analyzed the age-standardized incidence rates (ASRs) and annual percentage changes (APCs) of kidney, bladder, prostate, testicular, and penile cancers as well as cancer of the renal pelvis and ureter between 1999 and 2012. The relative survival rates (RSRs) were calculated for urological cancer patients diagnosed between 1993 and 2012 from the KNCIDB data. RESULTS Prostate cancer was diagnosed in 66,812 individuals followed by bladder (41,549) and kidney (36,836) cancers. The overall ASR (18.26 per 100,000) increased with age because of the higher ASRs of bladder and prostate cancers in the elderly. The ASR for kidney cancer was highest in the 40-59-year-old group, whereas testicular cancer occurred most frequently before the age of 40. The incidence of most urological cancers increased (overall APC, 6.39%; p < 0.001), except for penile (APC, -2.01%; p=0.05) and bladder (APC, -0.40%; p=0.25) cancers. The overall survival increased steadily (5-year RSR, 66.4% in 1993-1995 vs. 84.2% in 2008-2012; p < 0.001), particularly for prostate (by 34.10%) and kidney (by 16.30%) cancers, but not for renal pelvis and ureter cancers (-7.20%). CONCLUSION The most common urological cancer in Korea was prostate cancer followed by bladder and kidney cancers. The incidence of most urological cancers, except for penile and bladder cancers, increased. Survival also increased, particularly for prostate and kidney cancers."
013-664-826-786-737,Perioperative transfusion: Is it a real prognostic factor of periampullary cancer following pancreatoduodenectomy?,Hyeong Min Park; Eung Chang Lee; Seung Duk Lee; Sung-Don Kim; Sung Sik Han; Sang-Jae Park,
013-890-809-273-425,Cancer to cancer metastasis,Ben-Itzhak O; Lichtig C,
013-996-912-245-372,Breast Cancer Screening by Mammography Alone in Kochi Prefecture: ―実現可能で有効な乳癌検診システムに対する高知県の試み―,Takashi Yamakawa; Takeki Sugimoto; Noriaki Fujishima; Seiichi Takahashi; Fuminori Aki; Shiro Uga; Michiko Akita; Sumie Hara; Mika Kojima; Takashi Fujimura,
014-315-077-651-237,An observational study of neurocognitive function in patients undergoing stereotactic radiosurgery at Velindre Cancer Centre,James Powell; Najmus Sahar Iqbal; Maeve Smyth; Anne Johnson; Michelle Smalley; Richard G. Wise; Derek K. Jones; Owen Tilsley; Andrew Bryant; A.E. Millin; David Lewis; John Staffurth,
014-355-527-386-458,Insights on Future Directions in Cancer Research from the 2025 AACR NextGen Stars.,Edmond M Chan; Yash Chhabra; Karen O Dixon; Adam D Durbin; Anniina Färkkilä; Anand D Jeyasekharan; Zuzana Keckesova; John R Prensner; Elvin Wagenblast; Stephanie Z Xie; Di Zhao,
014-508-709-867-070,Abstract P3-13-17: A multi-center prospective study of radiofrequency ablation therapy for small breast carcinomas,Takayuki Kinoshita; Shoichiro Ohtani; Hiroyoshi Doihara; Noboru Yamamoto; Mina Takahashi; Tomomi Fujisawa; Kenjiro Aogi; Takashi Hojo; Sota Asaga; Miwa Yoshida; Hitoshi Tsuda,"Background: As the management of breast carcinoma evolves toward less invasive treatments, the next step is the possibility of removing the primary tumor without surgery. The most promising noninvasive ablation technique is radiofrequency ablation (RFA), which can effectively kill tumor cells with a low complication rate. Our preliminary studies of RFA followed by standard surgical resection have indicated that this technique is effective for surgical ablation of small (≤ 2cm) breast tumors without extensive intraductal components (EIC). Methods: To determine if RFA is oncologically and cosmetically appropriate for the local treatment of primary breast carcinoma, this multi-center prospective study used RFA as the sole local treatment of breast tumors ≤ 1.5cm in size on ultrasound and MRI. Exclusion criteria include receiving of preoperative chemotherapy, or the presence of invasive lobular carcinoma or invasive ductal carcinoma with suspicious EIC. After confirmation that the standard baseline core biopsy for diagnosis and measurement of tumors markers (ER, PgR, HER-2/neu expression and the presence of the Ki-67 proliferative marker) have been obtained, consent will be obtained and the patient scheduled RFA. All patients received adjuvant radiation therapy. The use and choice of systemic therapy will be based on the information from the baseline core biopsy. The first primary endpoints of this study is successful tumor ablation, as evidenced by negative findings on vacuum-assisted or core biopsies and imaging studies after RFA. The second primary endpoints is the incidence of procedure related adverse events. Forty patients with small tumors that are clearly identifiable and measurable by ultrasound and MRI were enrolled. The response to ablation was evaluated with both vacuum-assisted or core biopsies and imaging studies every 3 months during the first year. The long-term outcomes were assessed using quality of life measurement scales and imaging studies every 6 months thereafter through year 5. Results: Of the 58 patients who participated in this study, 55 completed the protocol. In 48 of the 55 (87%) treated patients, successful tumor ablation, as determined by negative findings on vacuum-assisted or core biopsies and imaging studies, was confirmed. The remaining 7 patients with biopsies positive for residual tumor underwent surgical resection. There were no local or distant recurrences in treated 55 patients with a median follow up of 47 (range 36-73) months. Conclusions: RFA can be safely used alone in patients with small breast tumors, provided that local tumor control must be regularly assessed by image-guided vacuum-assisted or core biopsies after ablation. RFA has several potential advantages over lumpectomy for the treatment of early stage breast cancer. Citation Format: Kinoshita T, Ohtani S, Doihara H, Yamamoto N, Takahashi M, Fujisawa T, Aogi K, Hojo T, Asaga S, Yoshida M, Tsuda H. A multi-center prospective study of radiofrequency ablation therapy for small breast carcinomas [abstract]. In: Proceedings of the 2016 San Antonio Breast Cancer Symposium; 2016 Dec 6-10; San Antonio, TX. Philadelphia (PA): AACR; Cancer Res 2017;77(4 Suppl):Abstract nr P3-13-17."
014-724-573-736-915,Supplementary Figure from Treg-Dominant Tumor Microenvironment Is Responsible for Hyperprogressive Disease after PD-1 Blockade Therapy,Hiroaki Wakiyama; Takuya Kato; Aki Furusawa; Ryuhei Okada; Fuyuki Inagaki; Hideyuki Furumoto; Hiroshi Fukushima; Shuhei Okuyama; Peter L. Choyke; Hisataka Kobayashi,<jats:p>Supplementary Figure from Treg-Dominant Tumor Microenvironment Is Responsible for Hyperprogressive Disease after PD-1 Blockade Therapy</jats:p>
014-737-761-690-312,Using tablet technology in routine patient-reported outcome measure surveys to improve cancer quality care: A patient acceptability assessment.,Vivien Pat; Catherine Brown; Ashlee Vennettilli; Aein Zarrin; Aditi Dobriyal; Linda Chen; Maryam Mirshams; Deval Patel; Henrique Hon; Margaret Irwin; Anthea Ho; Hannah Solomon; Kyoko Tiessen; Mary Mahler; Valerie Ho; Henry Thai; Lawson Eng; Wei Xu; Doris Howell; Geoffrey Liu,"155 Background: Patient-reported outcome measure (PROM) surveys are a tool used to collect information about clinically-relevant symptoms in patients. Touch-screen technology has been previously identified as a feasible and effective method of routinely capturing PROMs.Our aim was to evaluate cancer patients’ acceptance and perception of usefulness of tablet technology as a means of communicating PROMs to healthcare providers during delivery of quality care. Methods: 337 adult cancer patients across all outpatient clinics and disease sites at Toronto’s Princess Margaret Cancer Centre (PMCC) completed PROMs surveys using touch-screen technology. Acceptance and feasibility of completing the tablet-based PROMs data on a routine basis were also assessed. Results: The study population consisted of 45% males; median age 59 (19-91) years; 75% Caucasian, and 48% had a post-secondary degree.20% had lung cancer, 20% genitourinary, 16% breast, 16% lymphoma, 11% gastrointestinal, 7% gynecologic, and 7% head/neck. 88%..."
014-870-865-452-266,Clinical study of end-of-life in oral cancer patients at Tokyo Dental College Oral Cancer Center,Yuri Aiso; Satoru Ogane; Taiki Suzuki; Masayuki Takano; Akira Katakura; Nobuo Takano; Takeshi Nomura,
015-861-116-669-486,Discovery of a Chemical Probe Bisamide (CCT251236): An Orally Bioavailable Efficacious Pirin Ligand from a Heat Shock Transcription Factor 1 (HSF1) Phenotypic Screen,Matthew D. Cheeseman; Nicola E. A. Chessum; Carl S. Rye; A. Elisa Pasqua; Michael J. Tucker; Birgit Wilding; Lindsay E. Evans; Susan Lepri; Meirion Richards; Swee Y. Sharp; Salyha Ali; Martin G. Rowlands; Lisa O’Fee; Asadh Miah; Angela Hayes; Alan T. Henley; Marissa V. Powers; Robert te Poele; Emmanuel de Billy; Loredana Pellegrino; Florence I. Raynaud; Rosemary Burke; Rob L. M. van Montfort; Suzanne A. Eccles; Paul Workman; Keith Jones,"Phenotypic screens, which focus on measuring and quantifying discrete cellular changes rather than affinity for individual recombinant proteins, have recently attracted renewed interest as an efficient strategy for drug discovery. In this article, we describe the discovery of a new chemical probe, bisamide (CCT251236), identified using an unbiased phenotypic screen to detect inhibitors of the HSF1 stress pathway. The chemical probe is orally bioavailable and displays efficacy in a human ovarian carcinoma xenograft model. By developing cell-based SAR and using chemical proteomics, we identified pirin as a high affinity molecular target, which was confirmed by SPR and crystallography."
016-013-192-031-411,Comparative efficacy and safety of donafenib versus bevacizumab in combination with immune checkpoint inhibitors and interventional therapy for advanced hepatocellular carcinoma: A retrospective cohort study.,Zhaolong Pan; Junbo Cao; Dongming Liu; Lu Yang; Haijing Zheng; Dongyang Li; Chen Liu; Linlin Fu; Guangtao Li; Xiaomeng Liu; Xu Bao; Ping Chen; Feng Fang; Huikai Li; Yunlong Cui; Tianqiang Song; Wei Zhang,"<jats:p>;             <jats:bold>e16305</jats:bold>;           </jats:p>;           <jats:p>;             <jats:bold>Background:</jats:bold>;             Advanced hepatocellular carcinoma (HCC) is a leading cause of cancer-related mortality worldwide, with a particularly high burden in China due to chronic hepatitis B virus (HBV) infection. While combination therapies such as atezolizumab plus bevacizumab have established new standards in first-line treatment, their efficacy remains suboptimal in certain populations. This study compares the efficacy and safety of donafenib versus bevacizumab, both combined with immune checkpoint inhibitors (ICIs) and interventional therapies, to identify optimal strategies for Chinese patients with unresectable HCC.;             <jats:bold>Methods:</jats:bold>;             This retrospective cohort study included 150 Chinese patients with unresectable HCC treated at Tianjin Medical University Cancer Institute and Hospital between November 2017 and December 2023. Patients were assigned to two groups: 109 in the bevacizumab-based regimen and 41 in the donafenib-based regimen, both receiving triple therapy with immune checkpoint inhibitors (ICIs) and interventional treatments (TACE or HAIC). After propensity score matching (PSM), 60 patients remained in the bevacizumab group and 34 in the donafenib group. Inverse probability of treatment weighting (IPTW) was used to adjust for confounders. Primary outcomes included overall survival (OS) and progression-free survival (PFS), while secondary outcomes included objective response rate (ORR) and disease control rate (DCR), assessed per the mRECIST criteria, along with treatment-related adverse events (TRAEs).;             <jats:bold>Results:</jats:bold>;             In the matched cohort, median overall survival (OS) was 28.0 months (95% CI, 17.5–28.0), with no significant difference between groups (HR, 0.901; P = 0.829). Median progression-free survival (PFS) was 11.1 months (95% CI, 8.0–13.6), with no significant difference between groups (HR, 1.021; P = 0.954). The donafenib group had an objective response rate (ORR) of 59.3% and disease control rate (DCR) of 92.6%, while the bevacizumab group had ORR of 52.0% and DCR of 98.0%. Adverse events occurred in 100% of donafenib patients and 91.5% of bevacizumab patients (P = 0.16). Serious (Grade ≥3) treatment-related adverse events occurred in 28.6% of donafenib patients and 38.3% of bevacizumab patients (P = 0.50). No treatment-related deaths were reported.;             <jats:bold>Conclusions:</jats:bold>;             Donafenib-based triple therapy demonstrated comparable efficacy and safety to bevacizumab-based regimens in advanced HCC, offering a potential cost-effective alternative for Chinese patients. These findings underscore the importance of personalized treatment strategies in regions with a high incidence of HCC.;           </jats:p>"
016-018-531-759-988,1323MO Immune evasion across space and time in patients with lung cancer enrolled in the PEACE autopsy study,S. Hessey; W.K. Liu; O. Pich; A. Huebner; A. Bunkum; C. Richard; C. Puttick; C. Lombardelli; D. Moore; N. McGranahan; S. Zaccaria; C. Hiley; C. Swanton; M. Jamal-Hanjani,
016-078-022-488-061,Rectosigmoid Cancer - Rectal Cancer or Sigmoid Cancer?,Caressa Hui; J.R.M. Baclay; K Liu; Navjot Sandhu; Phoebe Loo; R. Von Eyben; Chuang-Zhen Chen; V Sheth; Lucas K. Vitzthum; Daniel T. Chang; Erqi L. Pollom,"Purpose/objective(s) Locally advanced rectosigmoid adenocarcinomas are treated with either neoadjuvant (NA) chemoradiation or upfront surgery (sx). We determined outcomes with both treatment approaches and whether outcomes vary by anatomic landmarks. Materials/methods We identified 161 pts with non-metastatic T3-T4 and/or N+ rectosigmoid cancers who underwent sx. with NA (radiation with or without chemotherapy) or adjuvant (adj) therapy from 2006 to 2018 at our institution. We included pts with available imaging and with primary tumor located 9-20 cm from the anal verge (AV) on staging CT, MRI, or colonoscopy. We reviewed the relationship of the primary tumor to the peritoneal reflection (PR) and sacral promontory (SP). Comparisons between the NA and adj. groups were performed using Fisher's exact test. Cumulative incidence of locoregional failure (LRF), distant failure (DF), and overall survival (OS) were compared using Kaplan-Meier. Results Of the study cohort, 97 pts had NA therapy and 64 pts had upfront sx. Median follow-up was 45.1 months. Pts who had NA therapy were younger, had tumors that were lower and more likely below the PR and with threatened circumferential resection margins (CRM), fewer cycles of adj chemotherapy, and higher cT stage (Table 1). The 3-year OS was 97.5% in the NA group versus 93.7% for upfront sx 2-year cumulative incidence of LRF was 5.2% (NA) vs 5.6% (upfront sx), P = 0.91. 2-year cumulative incidence of DF was 9.2% (NA) vs 10.4% (upfront sx), P = 0.54. Of the 10 pts total with LRF, 8 and 6 occurred in pts with tumors straddling/above the PR and > 10 cm from AV on imaging, respectively. None of the 3 pts with tumors Conclusion Pts with locally advanced rectosigmoid cancer treated with NA therapy had tumors closer to the AV and more advanced primaries. Despite these negative prognostic factors, they had cancer control outcomes similar to pts with higher, lower stage tumors treated with upfront sx. Pts with tumors below the PR or"
016-423-955-258-115,KRAS mutation analysis in cetuximab-treated advanced stage non-small cell lung cancer (NSCLC): SWOG experience with S0342 and S0536,P. C. Mack; W. S. Holland; Mary W. Redman; P. N. Lara; L. J. Snyder; Fred R. Hirsch; Wilbur A. Franklin; Edward S. Kim; Roy S. Herbst; D. R. Gandara,"8022 Background: KRAS mutations occur in NSCLC with a frequency of 15–25% and have been associated with a poor response to EGFR tyrosine kinase inhibitors. In colorectal cancer, benefit from the EGFR-targeted monoclonal antibody cetuximab is largely limited to patients (pts) whose tumors are KRAS wild-type (WT). However, in cetuximab-treated NSCLC, a predictive role for KRAS mutations has not been established. We evaluated KRAS status in specimens from two cetuximab-based front-line multicenter SWOG phase II trials in advanced NSCLC. Methods: DNA extracted from archival tumor and plasma specimens from S0342 (carboplatin-paclitaxel plus sequential vs. concurrent cetuximab) and S0536 (carboplatin-paclitaxel-cetuximab-bevacizumab) was analyzed for KRAS mutations by micro-dissection/sequencing and/or Scorpion-ARMS (DxS LTD). Results: For S0342, 45 archival tissues and 90 plasma specimens were analyzed. Combined, KRAS mutations were detected in 24% of pts. No differences between mutant and WT tumors were obser..."
016-566-065-832-021,Cancer - CANCER AND THE CANCER EXPERIENCE,Gary S. Stein; Kimberly P. Luebbers,
016-648-195-894-545,A randomized phase II study of continuous versus intermittent S-1 plus oxaliplatin in first-line treatment of patients with metastatic gastric carcinoma.,Sook Ryun Park; Young-Iee Park; Jiyoung Rhee; Byung-Ho Nam; Sun-Young Kong; Sung-Hyun Kim; Mihee Choi; Il Ju Choi; Chan Gyoo Kim; Jong Yeul Lee; Soo-Jeong Cho; Young-Woo Kim; Keun Won Ryu; Jun Ho Lee; Noe Kyeong Kim,4028 Background: We conducted a randomized phase II study to compare continuous vs. intermittent S-1 + oxaliplatin (SOX) after induction of 6 cycles of SOX in patients (pts) with metastatic gastric...
016-665-934-180-429,Author Index,Pawan Kumar Jaiswal; Rajarshi Bhattacharya; Premsai Regalla; A. Praveen Kumar; Garima Sharma; Mithilesh Kumar; Shishir Shrivastava; Aarti Bansal; Shivani Malhotra; Arun Raj; Durbadal Mandal; Parul Trivedi; B Tiwari Wide; Tuning Range; Priyanka Thakur; Manisha Bharti; Athul O Asok; Sukomal Dey; Nissan Kunju; Sukomal Dey; Deepmala Trivedi; Shailza Gotra; Sripathi Venu Gopal; Dharmendra Phartiyal; Mavis Gezimati; Ghanshyam Singh; Soumik Dey; Pooja Satheesh; Sree Keerthi; Sukomal Dey; Sukomal Dey,
016-685-854-880-634,Sa1514 The Findings of Surveillance Colonoscopy After Curative Treatment of Colorectal Cancer and Risk Factors of Metachronous Colorectal Neoplasm,Byung Chang Kim; Su Young Lee; Chang Won Hong; Kyung Su Han; Dae Kyung Sohn; Ji-Won Park; Sung Chan Park; Hyo Seong Choi; Hee Jin Chang; Jae Hwan Oh,
017-298-060-227-250,"Prediction of Cancer Incidence and Mortality in Korea, 2013",Kyu-Won Jung; Young-Joo Won; Hyun-Joo Kong; Chang-Mo Oh; Hong Gwan Seo; Jin Soo Lee,"Purpose; To estimate the current cancer burden in Korea, cancer incidence and mortality rates were projected for the year 2013."
017-303-960-211-186,Predicting tumor immune microenvironment and checkpoint therapy response of head &amp; neck cancer patients from blood immune single-cell transcriptomics,Yingying Cao; Tiangen Chang; Fiorella Schischlik; Kun Wang; Sanju Sinha; Sridhar Hannenhalli; Peng Jiang; Eytan Ruppin,This head and neck cancer study demonstrates the potential of using blood single-cell transcriptomics to (1) infer the tumor immune status and (2) predict immunotherapy response from the tumor immune status inferred from blood. These results showcase the potential of single-cell transcriptomics liquid biopsies for further advancing personalized cancer immunotherapy.
017-343-864-667-358,Correction: Influencing the Tumor Microenvironment: A Phase II Study of Copper Depletion Using Tetrathiomolybdate in Patients with Breast Cancer at High Risk for Recurrence and in Preclinical Models of Lung Metastases.,Nancy Chan; Amy Willis; Naomi Kornhauser; Maureen M Ward; Sharrell B Lee; Eleni Nackos; Bo Ri Seo; Ellen Chuang; Tessa Cigler; Anne Moore; Diana Donovan; Marta Vallee Cobham; Veronica Fitzpatrick; Sarah Schneider; Alysia Wiener; Jessica Guillaume-Abraham; Elnaz Aljom; Richard Zelkowitz; J David Warren; Maureen E Lane; Claudia Fischbach; Vivek Mittal; Linda Vahdat,"In the original version of this article (1), the abstract contained an incorrect value for event-free survival in stage IV NED patients with triple-negative breast cancer. The value (69%) was correct in the Results section and in Fig. 3D. The abstract has been corrected in the latest online HTML and PDF versions of the article. The authors regret the error."
017-613-190-383-590,Immune Escape,Jiahua Qian; Tamara Floyd; Yufei Jiang; Anat Ohali; Raed Samara; Hong Yang; Samir N. Khleif,
017-620-291-840-450,Reply to Brockton’s letter,Tetsuya Otani; Motoki Iwasaki; Shizuka Sasazuki; Manami Inoue; Shoichiro Tsugane,
018-236-223-963-213,Correction: Targeting Translation Initiation Bypasses Signaling Crosstalk Mechanisms That Maintain High MYC Levels in Colorectal Cancer.,Armin Wiegering; Friedrich W Uthe; Thomas Jamieson; Yvonne Ruoss; Melanie Hüttenrauch; Maritta Küspert; Christina Pfann; Colin Nixon; Steffi Herold; Susanne Walz; Lyudmyla Taranets; Christoph-Thomas Germer; Andreas Rosenwald; Owen J Sansom; Martin Eilers,
018-398-886-018-580,Analysis of toxicity in a phase II study of sorafenib in soft tissue sarcoma (STS),Mary Louise Keohan; D. R. D'Adamo; Li-Xuan Qin; M. Saulle; L. Caltieri; Scott M. Schuetze; John Wright; Gary K. Schwartz; Robert G. Maki,"10061 Background: Sorafenib (BAY 43–9006) is an oral multi-targeted kinase inhibitor. Sorafenib causes dermatologic toxicity and hypertension, although the mechanisms are poorly understood. We obse..."
018-706-990-374-114,Correction: BRD9 Degradation Disrupts Ribosome Biogenesis in Multiple Myeloma.,Keiji Kurata; Mehmet K Samur; Priscilla Liow; Kenneth Wen; Leona Yamamoto; Jiye Liu; Eugenio Morelli; Annamaria Gulla; Yu-Tzu Tai; Jun Qi; Teru Hideshima; Kenneth C Anderson,
018-762-479-243-367,The Prediction Model for High-Risk Patient with Liver Cancer Based on Classification Approaches,Kwang Sun Ryu; Ha Ye Jin Kang; Sang Won Lee; Young Ha Hwang; Na Young You; Jae Ho Kim; Kui Son Choi; Hyo Soung,"Cancer is an important cause of death in both male and female. An early classification of liver cancer for high-risk patients can be helpful in medical care and healthcare management. So, the requirement of this background, data mining analysis should be used to identify risk factors for assessment of cancer development. However, there has been minimal research regarding with the death in liver cancer. Therefore, we developed the prediction model to identify the high-risk patients who had liver cancer. In our experiment, Naive Bayesian model showed higher performance, as compared with other classification approaches such as Naive Bayesian, support vector machine, artificial neural network, and decision tree. We expect that the prediction model will contribute to improve efficiency in decision making for identification of high-risk patients with liver cancer."
018-883-680-189-551,"A modified approach allows for inquiry of previously alien TEPs in peripheral blood, possibly related to lung cancer progress.",Ruiling Zu; Dan Zeng; Xing Yin; Deng Yao; Han Ling; Kaijiong Zhang; Pingyao Xu; Dongsheng Wang; Yuping Li; Huaichao Luo,"<title>Abstract</title>;         <p>Background;  While the PRP (platelet-rich plasma) method was the most widely used in the tumor-educated platelets (TEPs) research, there were still platelets in peripheral blood unextracted which are whose histology and function are currently alien.; Objectives;  To prove the unextracted platelets existed, and to explore the correlation of the unextracted platelets with lung cancer progression.; Methods;  A second centrifugation step was used to establish a modified approach, which was compared with the PRP method based on the PRR (platelet recovery rate). Sequencing analysis was used to explore the function of unextracted platelets.; Results;  The modified approach improved the PRR to 100%, while the PRP method got the PRR at 70%. The PRR was negatively correlated with platelet volume, and positively correlated with platelet counts. Those results indicated that about 30% of platelets with larger sizes were unextracted in the PRP method. The Sequencing analysis revealed that those platelets are abundant in RNA and might be more pertinent to the progression of lung cancer connected with the mitogen-activated protein kinase (MAPK) signaling pathway.; Conclusions;  This research raised a modified approach to collect the unextracted platelets omitted by the PRP method in peripheral blood, which provided technical support for TEPs’ application in liquid biopsy. We also proved those alien platelets might play a role in lung cancer progression, which would allow further mechanistic exploration.</p>"
019-004-326-521-817,Retraction: Variable Inhibition of Thrombospondin 1 against Liver and Lung Metastases through Differential Activation of Metalloproteinase ADAMTS1.,Yoon-Jin Lee; Moritz Koch; Daniel Karl; Antoni X Torres-Collado; Namali T Fernando; Courtney Rothrock; Darshini Kuruppu; Sandra Ryeom; M Luisa Iruela-Arispe; Sam S Yoon,
019-074-797-961-855,Potential photosensitizer for photochemotherapy of cancer: Uptake and localization of disulfonated aluminum phthalocyanine (AlPCS2) in mice bearing a human malignant tumor,Qian Peng; Johan Emelian Moan; Long Sheng Cheng; J. M. Nesland; Rimington Claude,
019-155-979-618-761,Retraction Note: ERK1/2-Nanog signaling pathway enhances CD44(+) cancer stem-like cell phenotypes and epithelial-to-mesenchymal transition in head and neck squamous cell carcinomas.,Chuang Huang; Changhwan Yoon; Xiao-Hong Zhou; Ying-Chun Zhou; Wen-Wen Zhou; Hong Liu; Xin Yang; Jun Lu; Sei Young Lee; Kun Huang,
019-326-378-908-476,Correction: Pik3ip1 Is a Negative Immune Regulator that Inhibits Antitumor T-Cell Immunity.,Yichen Chen; Jun Wang; Xi Wang; Xinye Li; Jingjing Song; Juan Fang; Xiangqi Liu; Tao Liu; Dikan Wang; Qunxing Li; Shuqiong Wen; Da Ma; Juan Xia; Liqun Luo; Song Guo Zheng; Jun Cui; Gucheng Zeng; Lieping Chen; Bin Cheng; Zhi Wang,"In the original version of this article (1), errors exist in two figures: in Fig. 5H, the LT+mPik-Ext and KO+mPik-Ext DAPI stainings were switched while the merged images are correct, and in Fig. 7H, the flow cytometry dot plot of HCC Blood was also used as a representative dot plot of HCC TILs. These errors have been corrected in the latest online HTML and PDF versions of the article. The authors regret these errors."
019-326-863-195-457,Evaluating the role of BMI in survival and complications in older esophageal squamous cell carcinoma following esophagectomy,Kexun Li; Simiao Lu; Changding Li; Jie Mao; Huan Zhang; Kangning Wang; Guangyuan Liu; Yongtao Han; Lin Peng; Xuefeng Leng,"<jats:sec>;                     <jats:title>Background</jats:title>;                     <jats:p>To evaluate the impact of Body Mass Index (BMI) on survival and postoperative complications in older patients with esophageal squamous cell carcinoma (ESCC) following esophagectomy, we designed this study.</jats:p>;                   </jats:sec>;                   <jats:sec>;                     <jats:title>Materials and methods</jats:title>;                     <jats:p>;                       We retrospectively analyzed 469 patients aged ≥70 years with thoracic ESCC who underwent esophagectomy at Sichuan Cancer Hospital (May 2016–August 2021). Patients were grouped by WHO BMI categories: underweight (&amp;lt;18.5 kg/m;                       <jats:sup>2</jats:sup>;                       ), normal (18.5–24.9 kg/m;                       <jats:sup>2</jats:sup>;                       ), and overweight/obese (≥25 kg/m;                       <jats:sup>2</jats:sup>;                       ). Primary outcomes were overall survival (OS) and disease-free survival (DFS); secondary outcomes included Clavien-Dindo grade III–IV complications. Kaplan-Meier, Cox models, and restricted cubic splines (RCS) were used.;                     </jats:p>;                   </jats:sec>;                   <jats:sec>;                     <jats:title>Results</jats:title>;                     <jats:p>;                       Median follow-up was 47.5 months; R0 resection was achieved in 96.4%. BMI distribution: 7.3% low, 76.8% normal, 16.0% high. Median OS was 44.9 months overall, with no significant OS or DFS differences among BMI groups. RCS demonstrated a significant U-shaped association between continuous BMI and survival: protective ranges were approximately 21.9–27.0 kg/m;                       <jats:sup>2</jats:sup>;                       for OS (P non-linearity = 0.014) and 20.2–27.2 kg/m;                       <jats:sup>2</jats:sup>;                       for DFS (P non-linearity = 0.033).;                     </jats:p>;                   </jats:sec>;                   <jats:sec>;                     <jats:title>Conclusion</jats:title>;                     <jats:p>In elderly ESCC patients after esophagectomy, BMI does not independently influence OS or DFS, though low BMI is associated with specific serious complications. Perioperative optimization—particularly nutritional support for underweight patients—remains essential.</jats:p>;                   </jats:sec>"
019-412-440-295-561,Improved Binding Affinity and Pharmacokinetics Enable Sustained Degradation of BCL6 In Vivo.,Rosemary Huckvale; Alice C Harnden; Kwai-Ming J Cheung; Olivier A Pierrat; Rachel Talbot; Gary M Box; Alan T Henley; Alexis K de Haven Brandon; Albert E Hallsworth; Michael D Bright; Hafize Aysin Akpinar; Daniel S J Miller; Dalia Tarantino; Sharon Gowan; Angela Hayes; Emma A Gunnell; Alfie Brennan; Owen A Davis; Louise D Johnson; Selby de Klerk; Craig McAndrew; Yann-Vaï Le Bihan; Mirco Meniconi; Rosemary Burke; Vladimir Kirkin; Rob L M van Montfort; Florence I Raynaud; Olivia W Rossanese; Benjamin R Bellenie; Swen Hoelder,"The transcriptional repressor BCL6 is an oncogenic driver found to be deregulated in lymphoid malignancies. Herein, we report the optimization of our previously reported benzimidazolone molecular glue-type degrader <b>CCT369260</b> to <b>CCT373566</b>, a highly potent probe suitable for sustained depletion of BCL6 <i>in vivo</i>. We observed a sharp degradation SAR, where subtle structural changes conveyed the ability to induce degradation of BCL6. <b>CCT373566</b> showed modest <i>in vivo</i> efficacy in a lymphoma xenograft mouse model following oral dosing."
019-444-445-469-002,"Cancer Statistics in Korea: Incidence, Mortality, Survival, and Prevalence in 2012",Kyu-Won Jung; Young-Joo Won; Hyun Joo Kong; Chang-Mo Oh; Hyunsoon Cho; Duk Hyoung Lee; Kang Hyun Lee,"Purpose; The aim of this study was to report nationwide cancer statistics in Korea, including incidence, mortality, survival, and prevalence, and their trends."
019-625-099-670-442,YIA22-002: A Common Polymorphism in 3β-Hydroxysteroid Dehydrogenase Promotes Resistance to Radiotherapy in Prostate Cancer,Shinjini Ganguly; Zaeem Lone; Andrew Muskara; Anna Kondratova; Anthony Ghanem; Yoon-Mi Chung; Aimalie Hardaway; Monaben Patel; Elai Davicioni; Shilpa Gupta; Jay Ciezki; Jorge Garcia; Kevin Stephans; Rahul Tendulkar; Eric Klien; Nima Sharifi; Omar Y. Mian,
019-801-385-802-813,"Prediction of Cancer Incidence and Mortality in Korea, 2022.",Kyu-Won Jung; Young-Joo Won; Mee Joo Kang; Hyun-Joo Kong; Jeong-Soo Im; Hong Gwan Seo,"<AbstractText Label=""PURPOSE"" NlmCategory=""OBJECTIVE"">This study aimed to report the projected cancer incidence and mortality for the year 2022 to estimate Korea's current cancer burden.</AbstractText>;           <AbstractText Label=""MATERIALS AND METHODS"" NlmCategory=""METHODS"">Cancer incidence data from 1999 to 2019 were obtained from the Korea National Cancer Incidence Database, and cancer mortality data from 1993 to 2020 were acquired from Statistics Korea. Cancer incidence and mortality were projected by fitting a linear regression model to observed age-specific cancer rates against their respective years and then by multiplying the projected age-specific rates by the anticipated age-specific population for 2022. A joinpoint regression model was used to determine the year in which the linear trend changed significantly; we only used the data of the latest trend.</AbstractText>;           <AbstractText Label=""RESULTS"" NlmCategory=""RESULTS"">In total, 274,488 new cancer cases and 81,277 cancer deaths are expected to occur in Korea in 2022. The most common cancer site is expected to be the thyroid, followed by the lung, colon and rectum, breast, and stomach. These five cancers are expected to represent half of the overall burden of cancer in Korea. The most common type of cancer leading to death is expected to be lung cancer, followed by liver, colorectal, pancreatic, and gallbladder cancers.</AbstractText>;           <AbstractText Label=""CONCLUSION"" NlmCategory=""CONCLUSIONS"">The incidence rates for all types of cancer in Korea are estimated to gradually decrease. These up-to-date estimates of the cancer burden in Korea could be an important resource for planning and evaluating cancer-control programs.</AbstractText>"
019-871-885-639-083,Capacity for compensatory cyclin D2 response confers trametinib resistance in canine mucosal melanoma,Bih‐Rong Wei; Vincenzo Verdi; Shuling Zhang; Beverly A. Mock; Heather R. Shive; Richard J. Simpson,The compensatory switch from preferential reliance on cyclin D1 to D2 appears to play a role in MM resistance to MEK inhibition.
019-896-581-702-136,Enliven: Challenges in Cancer Detection and Therapy,Publisher: Enliven Archive,This journal accepts articles from different disciplines as below but not constrained to only these Cancer genetic pathways Cell cycle control Apoptosis Cancer and stem cells Cancer therapeutics Cancer research Cancer drug discovery and applications Cancer genomics and proteomics Tumor immunology Cancer epidemiology and etiology Cancer and biostatistics Cancer prevention Cancer and pharmaceutics  Cancer pathology Oncology Cancer and radiation studies Cancer cell biology
019-970-623-390-197,"Prediction of Cancer Incidence and Mortality in Korea, 2015",Kyu-Won Jung; Young-Joo Won; Chang-Mo Oh; Hyun Joo Kong; Hyunsoon Cho; Duk Hyoung Lee; Kang Hyun Lee,"Purpose; For estimation of Korea’s current cancer burden, this study aimed to report on the projected cancer incidence and mortality rates for the year 2015."
019-997-934-312-575,Additional file 2 of Transcriptomic intratumor heterogeneity of breast cancer patient-derived organoids may reflect the unique biological features of the tumor of origin,Sumito Saeki; Kohei Kumegawa; Yoko Takahashi; Liying Yang; Tomo Osako; Mahmut Yasen; Kazutaka Otsuji; Kenichi Miyata; Kaoru Yamakawa; Jun Suzuka; Yuri Sakimoto; Yukinori Ozaki; Toshimi Takano; Takeshi Sano; Tetsuo Noda; Shinji Ohno; Ryoji Yao; Takayuki Ueno; Reo Maruyama,Additional file 2.Table S1: 38 ClustGSs across 10 PDOs.Table S2: Cluster-specific expressed gene lists in P165 and P210.Table S3: Cluster-specific expressed gene lists in PDO180 P6 and PDO210 P8.Table S4: Meta-ClustGSs.Table S5 PDO-specific ClustGSs.
020-214-306-118-079,"Abstract PD2-08: Neratinib + fulvestrant inERBB2-mutant, HER2–non-amplified, estrogen receptor (ER)-positive, metastatic breast cancer (MBC): Preliminary analysis from the phase II SUMMIT trial",David M. Hyman; Sarina Anne Piha-Paul; Cristina Saura; CL Arteaga; IA Mayer; Geoffrey I. Shapiro; Sherene Loi; Alshad S. Lalani; Feng Xu; Richard E. Cutler; Anna Butturini; Richard A. Bryce; Funda Meric-Bernstam; J. Baselga; David B. Solit,"Background: Somatic mutations in ERBB2 are a new class of oncogenic drivers in HER2–non amplified MBC. Neratinib is an irreversible pan-HER tyrosine kinase inhibitor that inhibits the growth of ERBB2-mutant breast tumors in preclinical models and has encouraging single-agent clinical activity in patients (pts) with ERBB2-mutant, HER2–non amplified MBC. Bi-directional signaling between HER2 and ER may limit the effectiveness of endocrine and HER2 directed therapy, if each is given alone, in ER+ MBC with ERBB2 amplifications/mutations. Preclinical data suggest that dual blockade of ER and HER2 signaling results in enhanced anti-tumor activity in ER+ HER2+ MBC. SUMMIT, a multicenter multi-histology phase II 9basket9 trial, is investigating the efficacy of neratinib monotherapy (in ER+ and ER– pts) and neratinib + fulvestrant (ER+ pts only) in ERBB2-mutant MBC. Methods: MBC pts with ERBB2 mutations documented by local testing were eligible and received oral neratinib 240 mg qd. Pts with ER+ MBC received fulvestrant 500 mg, a selective ER degrader, in addition to neratinib on d1 & 15 of month 1 then on d1 q4w. Patients received high dose loperamide prophylaxis during cycle 1. Primary endpoint is objective response rate (ORR) at 8w, defined using RECIST 1.1 and/or modified PERCIST assessments. Secondary endpoints include ORR, clinical benefit rate (CBR), progression free survival (PFS), and safety. Mutation profiling and central confirmation of ERBB2 mutation(s) from available fresh or archival tumor tissues and plasma DNA were performed retrospectively by next-generation sequencing (MSK-IMPACT). Clinicaltrials.gov: NCT01953926. Results: As of 23 Sep 2016, 35 efficacy-evaluable ERBB2-mutant MBC pts received neratinib, either as monotherapy (n=24) or in combination with fulvestrant (n=11). Efficacy findings are shown in the table. The overall safety profile of neratinib + fulvestrant was similar to that previously reported with neratinib monotherapy. Grade 3 diarrhea rate was 24% with neratinib monotherapy and 18% with neratinib + fulvestrant. Conclusions: Encouraging clinical activity has been observed with neratinib + fulvestrant in heavily pretreated pts with ERBB2-mutant, ER+ MBC. Clinical efficacy in the ER+ MBC cohort met pre-specified efficacy requirements; a confirmatory trial of neratinib + fulvestrant for targeting ERBB2 mutations in ER+ MBC is warranted. The safety profile of neratinib was acceptable and diarrhea was manageable with loperamide prophylaxis. Citation Format: Hyman D, Piha-Paul S, Saura C, Arteaga C, Mayer I, Shapiro G, Loi S, Lalani A, Xu F, Cutler R, Butturini A, Bryce R, Meric-Bernstam F, Baselga J, Solit D. Neratinib + fulvestrant in ERBB2-mutant, HER2–non-amplified, estrogen receptor (ER)-positive, metastatic breast cancer (MBC): Preliminary analysis from the phase II SUMMIT trial [abstract]. In: Proceedings of the 2016 San Antonio Breast Cancer Symposium; 2016 Dec 6-10; San Antonio, TX. Philadelphia (PA): AACR; Cancer Res 2017;77(4 Suppl):Abstract nr PD2-08."
020-313-057-037-369,Utilization and Timing of First Tumor Next-generation Sequencing Testing (NGS) in Patients with Five Most Common Cancers in the USA,Zeynep Irem Ozay; Yeonjung Jo; Chadi Hage Chehade; Micah Ostrowski; Nicolas Sayegh; Georges Gebrael; Tanner Hardy; Edwin Lin; Richard Ji; Roberto Nussenzveig; Ayana Srivastava; Vinay Mathew Thomas; Sumati Gupta; Benjamin Maughan; Neeraj Agarwal; Umang Swami,
020-340-150-060-92X,Does multidisciplinary care enhance the management of advanced breast cancer? : evaluation of advanced breast cancer multidisciplinary team meetings,Jacquie Chirgwin; Melinda Craike; Christine Gray; Kathy Watty; Linda Mileshkin; Patricia M. Livingston,"In recent years, the multidisciplinary approach has become the standard of care in cancer management. However, evidence demonstrating the value of multidisciplinary care and team meetings remains scarce."
020-717-463-250-123,Genetic Predictors of Hematopoietic Cell Transplantation Outcomes in Patients with Myelofibrosis,Maryam Rafati; Filip Pirsl; Hormuzd A. Katki; Dongjing Wu; Wen Luo; Kristine Jones; Weiyin Zhou; Jianxin Shi; Stephen R. Spellman; Yung-Tsi Bolon; Stephanie J. Lee; H. Joachim Deeg; Vikas Gupta; Wael Saber; Shahinaz M. Gadalla,
020-960-692-778-917,Novel THBS1::IGF1R fusion in myopericytic tumour.,Kenichiro Kato; Kyoko Yamashita; Akito Dobashi; Yuki Togashi; Satoko Baba; Keisuke Ae; Seiichi Matsumoto; Kengo Takeuchi,"Data sharing is not applicable to this article, as no data sets were generated or analysed in this study."
021-081-069-434-552,Additional file 1 of Adverse effects of cell-free and concentrated ascites reinfusion therapy for malignant ascites: a single-institute experience,Misato Tsubokura; Yuko Adegawa; Minoru Kojima; Ryuji Tanosaki; Ryuzaburo Ohtake; Yuki Kase; Nao Iwashita; Moemi Kasane; Saori Nakabayashi; Sayaka Takeuchi; Ken Kato; Narikazu Boku; Yukihide Kanemitsu; Takuji Okusaka; Hiroyuki Fujimoto; Kan Yonemori; Hiroto Ishiki; Kimihiko Kawamura; Eriko Satomi; Hiromichi Matsushita,Additional file 1: Table S1. The evaluation of parameters associated with AEs in CART therapy excluding two cases who received CART more than 10 times.
021-309-902-980-245,Circulating Tumor DNA Dynamics Predict Outcomes of Systemic Therapy in Patients with Advanced Cancers,M.A. Gouda; Haojie Huang; Sarina Anne Piha-Paul; S. G. Call; Daniel D. Karp; Siqing Fu; Aung Naing; Vivek Subbiah; Shubham Pant; Apostolia-Maria Tsimberidou; David S. Hong; Jordi Rodon; Funda Meric-Bernstam,
021-316-826-483-33X,Correction: Metastasis-Associated Protein 2 Represses NF-κB to Reduce Lung Tumor Growth and Inflammation.,Nefertiti El-Nikhely; Annika Karger; Poonam Sarode; Indrabahadur Singh; Andreas Weigert; Astrid Wietelmann; Thorsten Stiewe; Reinhard Dammann; Ludger Fink; Friedrich Grimminger; Guillermo Barreto; Werner Seeger; Soni S Pullamsetti; Ulf R Rapp; Rajkuma Savai,Number: 4
021-445-484-207-749,"Current cancer burden in China: epidemiology, etiology, and prevention.",Cao Maomao; Li He; Sun Dianqin; He Siyi; Yan Xinxin; Yang Fan; Zhang Shaoli; Xia Changfa; Lei Lin; Peng Ji; Chen Wanqing,"Cancer has become the most common cause of death in China. Owing to rapid economic development, improved livelihood, and shifts in risk factors, cancer epidemiology has experienced substantial changes during the past several decades. In this review, we aim to describe the current cancer epidemiology of the main types of cancer in China, report major risk factors associated with cancer development, and summarize the contributions of the Chinese government to controlling the cancer burden. A total of 4,064,000 new cases were diagnosed in China in 2016. The most frequent types are lung cancer (828,100; 20.4%), colorectal cancer (408,000; 10.0%), and gastric cancer (396,500; 9.8%). Lung (657,000; 27.2%), liver (336,400, 13.9%), and stomach (288,500; 12.0%) cancers are the 3 most deadly cancers in the general population. The 5-year survival rate for cancer has dramatically increased in recent decades. However, liver and particularly pancreatic cancers still have the poorest prognosis. The main modifiable risk factors associated with cancer development include infectious agents, smoking, alcohol consumption, obesity, unhealthful dietary habits, and inadequate physical activity. The Chinese government has made unremitting efforts to decrease the cancer burden, including cancer education and investment in cancer screening programs."
021-476-776-491-835,BDNF modulates heart contraction force and long-term homeostasis through truncated TrkB.T1 receptor activation,Gianluca Fulgenzi; Francesco Tomassoni-Ardori; Lucia Babini; Jodi Becker; Colleen Barrick; Sandrine Puverel; Lino Tessarollo,
021-832-117-740-98X,Randomized Phase IIB Trial of BLP25 Liposome Vaccine in Stage IIIB and IV Non–Small-Cell Lung Cancer,Charles Butts; Nevin Murray; Andrew Maksymiuk; Glenwood D. Goss; Ernie Marshall; Denis Soulières; Yvon Cormier; Peter M. Ellis; Allan Price; Ravinder Sawhney; Mary M. Davis; Janine Mansi; Colum Smith; Dimitrios Vergidis; Paul Ellis; Mary MacNeil; Martin Palmer,"Purpose To evaluate the effect of BLP25 liposome vaccine (L-BLP25) on survival and toxicity in patients with stage IIIB and IV non–small-cell lung cancer (NSCLC). Secondary objectives included health-related quality of life (QOL) and immune responses elicited by L-BLP25. Patients and Methods Patients with an Eastern Cooperative Oncology Group performance status of 0 to 2 and stable or responding stage IIIB or IV NSCLC after any first-line chemotherapy were prestratified by stage and randomly assigned to either L-BLP25 plus best supportive care (BSC) or BSC alone. Patients in the L-BLP25 arm received a single intravenous dose of cyclophosphamide 300 mg/m2 followed by eight weekly subcutaneous immunizations with L-BLP25 (1,000 μg). Subsequent immunizations were administered at 6-week intervals. Results The survival results indicate a median survival time of 4.4 months longer for patients randomly assigned to the L-BLP25 arm (88 patients) compared with patients assigned to the BSC arm (83 patients; adjusted ..."
022-150-220-389-110,Relationship between response and survival in patients with advanced ovarian cancer.,Valter Torri; Richard Simon; Estelle Russek-Cohen; Douglas Midthune; Michael A. Friedman,
022-293-741-436-320,Correction: Assessment of the participation rate and effectiveness of upper gastrointestinal cancer screening in China: a multicenter population-based screening study.,Song Song; Han Liu; Xianyi Geng; Ru Chen; Rongshou Zheng; Ni Li; Wanqing Chen; Wenqiang Wei; Jiansong Ren,
023-544-888-595-174,"Correction: Phase I/Ib Clinical Trial of Sabatolimab, an Anti-TIM-3 Antibody, Alone and in Combination with Spartalizumab, an Anti-PD-1 Antibody, in Advanced Solid Tumors.",Giuseppe Curigliano; Hans Curigliano; Nicolas Mach; Toshihiko Doi; David Tai; Patrick M Forde; John Sarantopoulos; Philippe L Bedard; Chia-Chi Lin; F Stephen Hodi; Sofie Wilgenhof; Armando Santoro; Catherine A Sabatos-Peyton; Tyler A Longmire; Alexandros Xyrafas; Haiying Sun; Sabine Gutzwiller; Luigi Manenti; Aung Naing,
023-880-140-540-088,R-Loop Editing by DNA Cytosine Deaminase APOBEC3B Determines the Activity of Estrogen Receptor Enhancers,Chi Zhang; Yujing Lu; Bingjie Chen; Zhiyan Bai; Alexia Hervieu; Marco P. Licciardello; Mei Wang; Costas Mitsopoulos; Bissan Al-Lazikani; Marcello Totorici; Olivia W. Rossanese; Paul Workman; Paul A. Clarke,
023-888-351-021-217,"Sintilimab Combined with Definitive Chemoradiotherapy in Locally Advanced Esophageal Squamous Cell Carcinoma: A Single-Arm, Multicenter, Phase 2 Trial",J. Lv; L. Liang; C. Li; H. Jia; Q. Xiang; X. Zheng; Y. Fan; H. Kuang; H.S. Bai; W. Zhang; G. Lu; G. Wang; T. Li,
024-372-037-622-515,Associations between mosaic loss of sex chromosomes and incident hospitalization for atrial fibrillation in the United Kingdom,Jung‐Eun Lim; Aubrey K. Hubbard; Batel Blechter; Jianxin Shi; Weiyin Zhou; Erikka Loftfield; Mitchell J. Machiela; Jason Y.Y. Wong,Our findings suggest that mLOY and mLOX reflect sex-specific biological processes or exposure profiles related to incident atrial fibrillation requiring hospitalization.
024-425-356-641-912,Inhibition of Glutathione Peroxidase 4 Suppresses Gastric Cancer Peritoneal Metastasis Via Regulation of Rcc2 Homeostasis,Can Hu; Jingli Xu; Yanqiang Zhang; Ruolan Zhang; Siwei Pan; Jiahui Chen; Yan Wang; Qianyu Zhao; Yuqi Wang; Weiwei Zhu; Mengxuan Cao; Shengjie Zhang; Dan Zu; Ji Jing; Zhi-Yuan Xu; Xiangdong Cheng,
024-609-056-813-029,Quizartinib-resistant FLT3-ITD acute myeloid leukemia cells are sensitive to the FLT3-Aurora kinase inhibitor CCT241736,Andrew S. Moore; Amir Faisal; Grace Mak; Farideh Miraki-Moud; Vassilios Bavetsias; Melanie Valenti; Gary Box; Albert Hallsworth; Alexis De Haven Brandon; Cristina P.R. Xavier; Randal Stronge; Andrew D.J. Pearson; Julian Blagg; Florence I. Raynaud; Rajesh Chopra; Suzanne A. Eccles; David Taussig; Spiros Linardopoulos,"Internal tandem duplication of FLT3 (FLT3-ITD) is one of the most common somatic mutations in acute myeloid leukemia (AML); it causes constitutive activation of FLT3 kinase and is associated with high relapse rates and poor survival. Small-molecule inhibition of FLT3 represents an attractive therapeutic strategy for this subtype of AML, although resistance from secondary FLT3 tyrosine kinase domain (FLT3-TKD) mutations is an emerging clinical problem. CCT241736 is an orally bioavailable, selective, and potent dual inhibitor of FLT3 and Aurora kinases. FLT3-ITD+ cells with secondary FLT3-TKD mutations have high in vitro relative resistance to the FLT3 inhibitors quizartinib and sorafenib, but not to CCT241736. The mechanism of action of CCT241736 results in significant in vivo efficacy, with inhibition of tumor growth observed in efficacy studies in FLT3-ITD and FLT3-ITD-TKD human tumor xenograft models. The efficacy of CCT241736 was also confirmed in primary samples from AML patients, including those with quizartinib-resistant disease, which induces apoptosis through inhibition of both FLT3 and Aurora kinases. The unique combination of CCT241736 properties based on robust potency, dual selectivity, and significant in vivo activity indicate that CCT241736 is a bona fide clinical drug candidate for FLT3-ITD and TKD AML patients with resistance to current drugs."
024-727-182-187-724,Capecitabine in the treatment of metastatic colorectal cancer refractory to 5-fluorouracil chemotherapy,T. Salek; Jozef Mardiak; Michal Mego; Z. Hlavata; Jana Obertova; Zuzana Sycova-Mila; Tomas Minarik; Jozef Sufliarsky; L. Bohunicky; Thalmeinerová Z; I. Koza,3689 Background: The oral fluoropyrimidines have therapeutic advantages over intravenous 5-fluorouracil such as tumor selectivity and inhibition of resistance mechanisms. Capecitabine is an oral tu...
024-841-352-460-113,503O_PR CIC-rearranged sarcoma and BCOR-CCNB3 sarcoma: Clinical characteristics and treatment results of the newly-established “Ewing sarcoma-like” small round cell sarcomas,Makoto Endo; M. Sugawara; Akihiko Yoshida; E. Kobayashi; Tatsunori Shimoi; Makoto Kodaira; Mayu Yunokawa; Kan Yonemori; Kenji Tamura; S. Toki; Takeshi Hirose; T. Uehara; T. Mori; Ken Shimizu; Yoshikazu Tanzawa; Fumihiko Nakatani; Hirokazu Chuman; Akira Kawai,
024-848-231-012-025,Nurses' role in breast cancer control in a multinational community,R. Thomas; J. Bryce; Immacolata Capasso; F. De Falco; G. Cortino; M. Melucci; Massimiliano D’Aiuto; Giuseppe D'Aiuto,
025-020-302-912-415,the infection of ebv for cervical epithelium-a new causitive agent in the development of cervical carcinomas?,Wei Zhang; Shunqian Jin; Junyao Li; Xiao Liang; Lihua Ming; Xiaohong Wang; Ming Shang; Wu Ar; Jian-Heng Sun; Xixia Wang; Wen-hua Zhang; Zhiming Liu,"Epstein-Barr virus was considered as a caustive agent for Burrkitt’s lymphoma and non- malignant B lymphocytes proliferation. The recent studies revealed the striking association of the infection of EBV with the development of human epithelial tumors. 43 specimens of normal exfoliated cervical epithelial cells, 47 biopsies of chronic cervicitis and 80 tissue samples of cervical carcinomas were tested for the presences of EBV W fragments by using dot blot hybridization method. The results showed that the detectable rates of EBV DNA sequences in the normal exfoliated epithelium, the chronic cervicitis and cervical carcinomas were 44.16%, 12.77% and 13.75%, respectively. Eleven EBV positive DNA samples from cervical cancers were also examined for the presence of HPV DNA. The result showed 9 out of 11 were HPV DNA positive, the cultanious infectious rate of both viruses was about 81.81%."
025-257-028-785-294,Research on the Association between Fear of Cancer Recurrence in Young Breast Cancer Patients and Adult Attachment and Self-Disclosure,Huimin Zheng; Minghui Wang; Miao Ye,
025-441-043-715-673,Second Primary Cancer after Diagnosis and Treatment of Cervical Cancer.,Myong Cheol Lim; Young-Joo Won; Jiwon Lim; Yeon Joo Kim; Sang Soo Seo; Sokbom Kang; Eun Sook Lee; Jae Hwan Oh; Joo-Young Kim; Sang Yoon Park,"Purpose This study was conducted to investigate the incidence and survival outcomes of second primary cancers after the diagnosis of cervical cancer. Materials and methods Data from the Korea Central Cancer Registry between 1993 and 2010 were reviewed and analyzed. Standardized incidence ratios (SIRs) of second primary cancers among women with cervical cancer were analyzed. Kaplan-Meier survival curves were constructed for cervical cancer patients with or without a second primary cancer. Results Among 72,805 women with cervical cancer, 2,678 (3.68%) developed a second primary cancer within a mean follow-up period of 7.34 years. The overall SIR for a second cancer was 1.08 (95% confidence interval, 1.04 to 1.12). The most frequent sites of second primary cancers were the vagina, bone and joints, vulva, anus, bladder, lung and bronchus, corpus uteri, and esophagus. However, the incidence rates of four second primary cancers (breast, rectum, liver, and brain) were decreased. The 5-year and 10-year overall survival rates were 78.3% and 72.7% in all women with cervical cancer, and for women with a second primary cancer, these rates were 83.2% and 65.5% from the onset of cervical cancer and 54.9% and 46.7% from the onset of the second primary cancer, respectively. Conclusion The incidence rates of second primary cancers were increased in women with cervical cancer compared to the general population, with the exception of four decreasing cancers. The 10-year overall survival rates were decreased in cervical cancer patients with a second primary cancer."
025-466-491-010-395,UP-1.70: Impact of preoperative urinary dysfunction on functional outcomes following open radical prostatectomy,Shinya Yamamoto; Junji Yonese; Shinji Urakami; Shinichi Kitsukawa; Noboru Numao; Yuichi Kubo;  Sukegawa; Yosuke Yasuda; Iwao Fukui,
026-009-990-254-469,Sequencing-based functional assays for classification of BRCA2 variants in mouse ESCs.,Kajal Biswas; Alexander Y Mitrophanov; Sounak Sahu; Teresa Sullivan; Eileen Southon; Darryl Nousome; Susan Reid; Sakshi Narula; Julia Smolen; Trisha Sengupta; Maximilian Riedel-Topper; Medha Kapoor; Anav Babbar; Stacey Stauffer; Linda Cleveland; Mayank Tandon; Tyler Malys; Shyam K Sharan,"Sequencing of genes, such as BRCA1 and BRCA2, is recommended for individuals with a personal or family history of early onset and/or bilateral breast and/or ovarian cancer or a history of male breast cancer. Such sequencing efforts have resulted in the identification of more than 17,000 BRCA2 variants. The functional significance of most variants remains unknown; consequently, they are called variants of uncertain clinical significance (VUSs). We have previously developed mouse embryonic stem cell (mESC)-based assays for functional classification of BRCA2 variants. We now developed a next-generation sequencing (NGS)-based approach for functional evaluation of BRCA2 variants using pools of mESCs expressing 10-25 BRCA2 variants from a given exon. We use this approach for functional evaluation of 223 variants listed in ClinVar. Our functional classification of BRCA2 variants is concordant with the classification reported in ClinVar or those reported by other orthogonal assays."
026-124-099-946-494,Feasibility study of neoadjuvant chemoradiotherapy with cisplatin plus 5-fluorouracil and elective nodal irradiation for stage II/III esophageal squamous cell carcinoma.,Takashi Kojima; Jun Hashimoto; Ken Kato; Yoshinori Ito; Hiroyasu Igaki; Hiroyuki Daiko; Masakatsu Onozawa; Yasuo Hamamoto; Hideaki Shimizu; Susumu Katano; Hiroki Hara; Yoichi Tanaka; Yoshihiro Saito,"130 Background: Based on the JCOG 9907 trial results, neoadjuvant chemotherapy with cisplatin (CDDP) plus 5-fluorouracil (5-FU) is considered a standard treatment for stage II/III esophageal squamo..."
026-147-700-838-737,Serum levels of administered gefitinib correlate with the time to treatment failure in non small cell lung cancer patients,M. Nishio; Fumiyoshi Ohyanagi; A. Horikike; Yuichi Ishikawa; Yukitoshi Satoh; Sakae Okumura; Kazuhiko Nakagawa; Kazuto Nishio; Takeshi Horai,"17027 Background: Gefitinib, an inhibitor of the epidermal growth factor receptor tyrosine kinase, has been shown to have clinical activity against non-small cell lung cancer (NSCLC). The aim of th..."
026-168-263-214-557,Effect of physical activity (PA) perceptions in cancer survivors on PA behaviors: Helping health care providers improve patient communication.,Hiten Naik; Geoffrey Liu; Xin Qiu; Dan Pringle; Catherine Brown; Lawson Eng; Mary Mahler; Henrique Hon; Kyoko Tiessen; Henry Thai; Valerie Ho; Christina Gonos; Rebecca Charow; Vivien Pat; Margaret Irwin; Lindsay Herzog; Anthea Ho; Jennifer Jones; Wei Xu; Doris Howell,"201 Background: While engagement in PA can lessen fatigue, improve quality of life (QOL) and/or improve survival in cancer survivors, to what extent patients are aware of this and how it affects their behavior is unclear. Methods: 1,244 adult cancer survivors across disease sites and stages (mostly curative) at the Princess Margaret Cancer Centre (PMCC) were surveyed about their perceptions of PA, the barriers that prevent them from being physically active, and their level of PA currently. Multivariable logistic regression evaluated the associations between clinical and socio-demographic factors on these perceptions and current activity levels. Analyses were adjusted for performance status and important covariates. Results: Cancer survivors were surveyed at a median of 26 months after diagnosis. 16% had breast, 12% GI, 26% gyne/GU, 14% head and neck, 6% lung and 19% hematologic cancers. 55% of survivors reported being physically active. Overall, 76% believed PA could lessen their fatigue, 91% reported PA ..."
026-795-308-364-739,Erratum: A randomized trial of combined PD-L1 and CTLA-4 inhibition with targeted low-dose or hypofractionated radiation for patients with metastatic colorectal cancer (Clinical Cancer Research (2021) 27 (2470-2480) DOI: 10.1158/1078-0432.CCR-20-4632),Arta M. Monjazeb; Anita Giobbie-Hurder; Ana Lako; Emily M. Thrash; Ryan C. Brennick; Katrina Z. Kao; Claire Manuszak; Ryan D. Gentzler; Anteneh Tesfaye; Salma K. Jabbour; Olatunji B. Alese; Osama E. Rahma; James M. Cleary; Elad Sharon; Harvey J. Mamon; May Cho; Howard Streicher; Helen X. Chen; Mansoor M. Ahmed; Adrián Mariño-Enríquez; Seunghee Kim-Schulze; Sacha Gnjatic; Emanual Michael Maverakis; Alina I. Marusina; Alexander A. Merleev; Mariano Severgnini; Kathleen L. Pfaff; James O. Lindsay; Jason L. Weirather; Srinika Ranasinghe; Alexander Spektor; Scott J. Rodig; F. Stephen Hodi; Jonathan D. Schoenfeld,"In the original version of this article (1), the name of the thirty-third author, F. Stephen Hodi, is incorrect. The name has been corrected in the latest online HTML and PDF versions of the article. The authors regret this error."
026-942-454-011-330,Global Trajectories of Colorectal Cancer Burden From 1990 to 2021 and Projection to 2040.,Xiaolu Chen; Xuesi Dong; Yadi Zheng; Chenran Wang; Zilin Luo; Jiaxin Xie; Zeming Guo; Xiaoyue Shi; Xinyue Zhu; Yongjie Xu; Wei Cao; Fei Wang; Ni Li,"<AbstractText Label=""Background"" NlmCategory=""UNASSIGNED"">There is significant heterogeneity in patterns of colorectal cancer burden, which is still not well understood. This study examines global trajectories in the colorectal cancer burden, explores associated factors, and predicts future trends.</AbstractText>;           <AbstractText Label=""Methods"" NlmCategory=""UNASSIGNED"">Data on the colorectal cancer burden for 204 countries and territories from 1990 to 2021 were sourced from the Global Burden of Disease Study. Growth mixture models identified subgroups of age-standardized incidence and mortality rates. Eleven modifiable risk factors and four socioeconomic determinants were analyzed across the subgroups. Trends to 2040 were predicted using a Bayesian age-period-cohort model.</AbstractText>;           <AbstractText Label=""Results"" NlmCategory=""UNASSIGNED"">Three trajectories of colorectal cancer burden were observed: slowly increasing, rapidly increasing, and slowly decreasing age-standardized incidence rate, corresponding to stable, increasing, and decreasing mortality rate. Most countries showed slowly increasing incidence rates (49.0%, <i>n</i> = 100) and stable age-standardized mortality rates (51.0%, <i>n</i> = 104). Latin America and the Caribbean predominantly have a rapidly increasing trend (age-standardized incidence: 69.7%; mortality rates: 63.6%), while high-income countries largely followed decreasing trajectories (incidence: 58.3%; mortality: 75.0%). Higher sociodemographic index, universal health coverage, health expenditure, and gross domestic product per capita were linked to decreasing trends (all <i>p</i> &lt; 0.05). Low consumption of whole grains and milk, and excessive red meat consumption, contributed significantly to colorectal cancer mortality. However, the impact of behavioral factors such as physical inactivity, smoking, and alcohol consumption was relatively small. Mortality attributable to high fasting blood sugar and body mass index is rising. Despite a slight global decline in mortality, disparities are projected to persist through 2040.</AbstractText>;           <AbstractText Label=""Conclusion"" NlmCategory=""UNASSIGNED"">Global disparities in colorectal cancer burden highlight the need for targeted interventions, particularly focusing on dietary factors and health inequities.</AbstractText>;           <CopyrightInformation>© 2025 The Author(s). Cancer Innovation published by John Wiley &amp; Sons Ltd on behalf of Tsinghua University Press.</CopyrightInformation>"
027-096-211-103-800,The spatially resolved tumor microenvironment predicts treatment outcome in relapsed/refractory Hodgkin lymphoma,Tomohiro Aoki; Aixiang Jiang; Alexander Xu; Yifan Yin; Alicia Gamboa; Katy Milne; Katsuyoshi Takata; Tomoko Miyata-Takata; Shaocheng Wu; Mary Warren; Celia Strong; Talia Goodyear; Kayleigh Morris; Lauren C. Chong; Monirath Hav; Anthony R. Colombo; Adele Telenius; Merrill Boyle; Susana Ben-Neriah; Maryse Power; Alina S. Gerrie; Andrew P. Weng; Aly Karsan; Andrew Roth; Pedro Farinha; David W. Scott; Kerry J. Savage; Brad H. Nelson; Akil Merchant; Christian Steidl,"<jats:title>Abstract</jats:title>;                 <jats:sec>;                   <jats:title>PURPOSE</jats:title>;                   <jats:p>About a third of relapsed or refractory classic Hodgkin lymphoma (r/r CHL) patients succumb to their disease after high-dose chemotherapy followed by autologous stem cell transplantation (HDC/ASCT). Here, we aimed to describe spatially resolved tumor microenvironment (TME) ecosystems to establish novel biomarkers associated with treatment failure in r/r CHL.</jats:p>;                 </jats:sec>;                 <jats:sec>;                   <jats:title>METHODS</jats:title>;                   <jats:p>We performed imaging mass cytometry (IMC) on 169 paired primary diagnostic and relapse biopsies using a marker panel specific for CHL biology. For each cell type in the TME, we calculated a ’spatial score’ measuring the distance of nearest neighbor cells to the malignant Hodgkin Reed Sternberg cells within close interaction range. ‘Spatial scores’ were used as features in prognostic model development for post-ASCT outcomes.</jats:p>;                 </jats:sec>;                 <jats:sec>;                   <jats:title>RESULTS</jats:title>;                   <jats:p>;                     Highly multiplexed IMC data revealed shared TME patterns in paired diagnostic and early relapse/refractory CHL samples, whereas TME patterns were more divergent in pairs of diagnostic and late relapse samples. Integrated analysis of IMC and single cell RNA sequencing data identified unique architecture defined by CXCR5;                     <jats:sup>+</jats:sup>;                     HRS cells and their strong spatial relationship with CXCL13+ macrophages in the TME. We developed a prognostic assay (‘RHL4S’) using four spatially resolved parameters, CXCR5+ HRS cells, PD1+CD4+ T cells, tumor-associated macrophages, and CXCR5+ B cells, which effectively separated patients into high-risk vs low-risk groups with significantly different post-ASCT outcomes. The RHL4S assay was validated in an independent r/r CHL cohort using a multicolor immunofluorescence assay.;                   </jats:p>;                 </jats:sec>;                 <jats:sec>;                   <jats:title>CONCLUSIONS</jats:title>;                   <jats:p>We identified the interaction of CXCR5+ HRS cells with ligand-expressing CXCL13+ macrophages as a prominent crosstalk axis in relapsed CHL. Harnessing this TME biology, we developed a novel prognostic model applicable to r/r CHL biopsies, RHL4S, opening new avenues for spatial biomarker development.</jats:p>;                 </jats:sec>"
027-136-954-669-681,Circulating tumor cells as a surrogate marker for determining response to chemotherapy in Japanese patients with metastatic colorectal cancer.,Satoshi Matsusaka; Mitsukuni Suenaga; Yuji Mishima; Yasuhito Terui; Eiji Shinozaki; Nobuyuki Mizunuma; Kiyohiko Hatake,486 Background: The purpose of this study was to investigate the potential of circulating tumor cells (CTCs) as a surrogate marker of clinical outcome in metastatic colorectal cancer (mCRC) patient...
027-207-339-849-598,"Prediction of Cancer Incidence and Mortality in Korea, 2021.",Kyu-Won Jung; Young-Joo Won; Seri Hong; Hyun-Joo Kong; Jeong-Soo Im; Hong Gwan Seo,"Purpose This study aimed to report the projected cancer incidence and mortality for the year 2021 to estimate Korea's current cancer burden. Materials and methods Cancer incidence data from 1999 to 2018 were obtained from the Korea National Cancer Incidence Database, and cancer mortality data from 1993 to 2019 were acquired from Statistics Korea. Cancer incidence and mortality were projected by fitting a linear regression model to observed age-specific cancer rates against their respective years and then by multiplying the projected age-specific rates by the anticipated age-specific population for 2021. A joinpoint regression model was used to determine the year in which the linear trend changed significantly; we only used the data of the latest trend. Results In total, 259,999 new cancer cases and 81,567 cancer deaths are expected to occur in Korea in 2021. The most common cancer site is expected to be the lung, followed by the thyroid, colon and rectum, breast, and stomach. These five cancers are expected to represent half of the overall burden of cancer in Korea. The most common type of cancer leading to death is expected to be lung cancer, followed by liver, colorectal, pancreatic, and stomach cancers. Conclusion The incidence rates for all types of cancer in Korea are estimated to gradually decrease. These up-to-date estimates of the cancer burden in Korea could be an important resource for planning and evaluating cancer-control programs."
027-337-857-954-238,Phase Ib study of cediranib in combination with daily temozolomide and radiation in patients with newly diagnosed glioblastoma,Andrew S.; Elizabeth R. Gerstner; April F. Eichler; H. K. Chea; J. Drappatz; Patrick Y. Wen; S. P. Ivy; Jay S. Loeffler; A. G. Sorensen; Rakesh K. Jain; Tracy T. Batchelor,"e13010 Background: Pre-clinical evidence suggests antiangiogenic therapy combined with radiation therapy (RT) and chemotherapy may improve tumor control in patients with glioblastoma (GBM). We conducted a phase Ib study to evaluate the safety and maximum tolerated dose (MTD) of the combination of cediranib, a potent pan-VEGF receptor tyrosine kinase inhibitor, standard RT, and temozolomide (TMZ) in patients with newly diagnosed GBM who were not taking enzyme-inducing antiepileptic drugs (EIAED). Methods: After undergoing tumor biopsy or resection, six patients with pathologically confirmed GBM were treated with concurrent TMZ (75mg/m2/day), RT (60 Gy) and cediranib (dose level 1 = 20mg/day; dose level 2 = 30mg/day) followed by post-radiation TMZ (150–200 mg/m2 on days 1–5 of each 28 day cycle) and cediranib (45mg/day) for up to 6 monthly cycles. Cediranib was started concurrently with RT and TMZ 14–21 days after surgery. Results: Six patients were treated (cediranib 20mg = 3 patients; cediranib 30mg = 3 p..."
027-414-940-401-833,Gene and pathway level analyses of germline DNA-repair gene variants and prostate cancer susceptibility using the iCOGS-genotyping array.,Edward J Saunders; Tokhir Dadaev; Daniel A Leongamornlert; Ali Amin Al Olama; Sara Benlloch; Graham G Giles; Fredrik Wiklund; Henrik Grönberg; Christopher A Haiman; Johanna Schleutker; Børge G Nordestgaard; Ruth C Travis; David Neal; Nora Pasayan; Kay-Tee Khaw; Janet L Stanford; William J Blot; Stephen N Thibodeau; Christiane Maier; Adam S Kibel; Cezary Cybulski; Lisa Cannon-Albright; Hermann Brenner; Jong Y Park; Radka Kaneva; Jyotsna Batra; Manuel R Teixeira; Hardev Pandha; Koveela Govindasami; Ken Muir; null null; null null; null null; Douglas F Easton; Rosalind A Eeles; Zsofia Kote-Jarai,This corrects the article DOI: 10.1038/bjc.2016.50.
027-574-865-917-567,Social and perceptual influences on alcohol consumption in cancer survivors.,Lawson Eng; Jie Su; Xin Qiu; M. Catherine Brown; Hiten Naik; Dan Pringle; Mary Mahler; Henrique Hon; Kyoko Tiessen; Henry Thai; Valerie Ho; Christina Gonos; Vivien Pat; Margaret Irwin; Lindsay Herzog; Anthea Ho; Wei Xu; Jennifer M. Jones; Doris Howell; Geoffrey Liu,"9575 Background: We previously demonstrated that second-hand smoke (SHS) is inversely associated with smoking cessation in lung and other cancers (PMID: 24419133, 23765604, Eng et al, ASCO 2013; ab..."
027-725-815-245-446,Interactions between human retroviruses and human cytomegalovirus in human syncytio-trophoblast cells,Ferenc D. Tóth; Peter Mosborg-Petersen; Judit Szabó; George Aboagye-Mathiesen; Henrik Hager; Xiangdong Liu; Jolán Kiss; Milan Zdravkovic; J Aranyosi; L Lampé; Peter Ebbesen,
027-750-815-697-164,Pharmacokinetics and Pharmacodynamics in Drug Development,Simon Pacey; Debashis Sarker; Paul Workman,
027-916-784-146-331,Progress in implementation of health promotion strategies for chronic disease prevention and control,C R Wang; X S Dong; F Wang; W Cao; J X Xie; Y D Zheng; Z L Luo; X L Chen; X Y Shi; X Y Zhu; Z M Guo; J B Li; N Li; J He,"The Healthy China 2030 blueprint identifies health promotion and chronic disease prevention as national strategic priorities. Focusing on the role of health promotion in the prevention and control of chronic diseases, this paper first summarizes the concept of health and its evolution process, then introduces the global and national strategies for chronic disease prevention and control. Based on the evidence both at home and abroad, this paper systematically explains the appilication of health promotion strategies in chronic disease prevention and control and introduces recommendations for health promotion and indicators for chronic disease prevention and control developed in Healthy China Initiative. This study may provide insights and guidance for future research and practice of health promotion for chronic disease prevention and control."
028-062-095-677-778,Phase I Dose-Escalation Study of Proton Beam Therapy for Inoperable Hepatocellular Carcinoma,Tae Hyun Kim; Joong-Won Park; Yeon Joo Kim; Bohyun Kim; Sang Myung Woo; Sung Ho Moon; Sang Soo Kim; Young-Hwan Koh; Woojin Lee; Sang-Jae Park; Joo-Young Kim; Dae Yong Kim; Chang-Min Kim,Purpose; The purpose of this study is to determine the optimal dose of proton beam therapy (PBT) in hepatocellular carcinoma (HCC) patients.
028-118-192-356-802,Correction: Ovarian Cancers Harbor Defects in Nonhomologous End Joining Resulting in Resistance to Rucaparib.,Aiste McCormick; Peter Donoghue; Michelle Dixon; Richard O'Sullivan; Rachel L O'Donnell; James Murray; Angelika Kaufmann; Nicola J Curtin; Richard J Edmondson,
028-149-633-585-806,Editor's Note: Low-Dose Paclitaxel Reduces S100A4 Nuclear Import to Inhibit Invasion and Hematogenous Metastasis of Cholangiocarcinoma.,Massimiliano Cadamuro; Gaia Spagnuolo; Luisa Sambado; Stefano Indraccolo; Giorgia Nardo; Antonio Rosato; Simone Brivio; Chiara Caslini; Tommaso Stecca; Marco Massani; Nicolò Bassi; Eugenio Novelli; Carlo Spirli; Luca Fabris; Mario Strazzabosco,
028-173-870-334-71X,"Cancer screening in the United States, 2015: a review of current American cancer society guidelines and current issues in cancer screening.",Robert A. Smith; Deana Manassaram-Baptiste; Durado Brooks; Mary Doroshenk; Stacey A. Fedewa; Debbie Saslow; Otis W. Brawley; Richard C. Wender,"Each year, the American Cancer Society (ACS) publishes a summary of its guidelines for early cancer detection along with a report on data and trends in cancer screening rates and select issues related to cancer screening. In this issue of the journal, we summarize current ACS cancer screening guidelines. The latest data on utilization of cancer screening from the National Health Interview Survey (NHIS) also is described, as are several issues related to screening coverage under the Affordable Care Act, including the expansion of the Medicaid program."
028-402-046-975-582,Editor's Note: miR-153 Supports Colorectal Cancer Progression via Pleiotropic Effects That Enhance Invasion and Chemotherapeutic Resistance.,Lei Zhang; Karen Pickard; Veronika Jenei; Marc D Bullock; Amanda Bruce; Richard Mitter; Gavin Kelly; Christos Paraskeva; John Strefford; John Primrose; Gareth J Thomas; Graham Packham; Alex H Mirnezami,"The editors are publishing this note to alert readers to a concern about this article (1). In Fig. 2F, we detected that the graph of flow cytometry data for untransfected SW480 cells without cisplatin treatment was duplicated for the miR-153–transfected SW480 cells without cisplatin treatment."
028-464-656-576-953,ImmuneLENS characterizes systemic immune dysregulation in aging and cancer.,Robert Bentham; Thomas P Jones; James R M Black; Carlos Martinez-Ruiz; Michelle Dietzen; Maria Litovchenko; Kerstin Thol; Thomas B K Watkins; Chris Bailey; Oriol Pich; Zhihui Zhang; Peter Van Loo; null null; null null; Charles Swanton; Nicholas McGranahan,"Recognition and elimination of pathogens and cancer cells depend on the adaptive immune system. Thus, accurate quantification of immune subsets is vital for precision medicine. We present immune lymphocyte estimation from nucleotide sequencing (ImmuneLENS), which estimates T cell and B cell fractions, class switching and clonotype diversity from whole-genome sequencing data at depths as low as 5× coverage. By applying ImmuneLENS to the 100,000 Genomes Project, we identify genes enriched with somatic mutations in T cell-rich tumors, significant sex-based differences in circulating T cell fraction and demonstrated that the circulating T cell fraction in patients with cancer is significantly lower than in healthy individuals. Low circulating B cell fraction was linked to increased cancer incidence. Finally, circulating T cell abundance was more prognostic of 5-year cancer survival than infiltrating T cells."
028-833-661-536-527,"""So what will my next cancer be?"" Low-grade brain tumour diagnosed through nurse coordinated surveillance in a patient with Li Fraumeni Syndrome: A Case Report",Andrew Grant; Meera Warby; Eliza Courtney; Areeba Iqbal; Mandy Ballinger L; * Hunter; Kate Hetherington; Glenn Marshall; Katherine Tucker; Marion Mateos; Marilyn Cruickshank; * Fuentos-Bolanos,
029-095-762-886-782,Gastric cancer patients at high-risk of having synchronous cancer.,Jun Ho Lee; Ja Seong Bae; Keun Won Ryu; Jongmin Lee; Sook Ryun Park; Chan Gyoo Kim; M. C. Kook; Il Ju Choi; Young-Woo Kim; Jae-Gahb Park; Jae Moon Bae,"AIM: To identify patients with a high-risk of having a synchronous cancer among gastric cancer patients.; ; METHODS: We retrospectively analyzed the prospective gastric cancer database at the National Cancer Center, Korea from December 2000 to December 2004. The clinicopathological characteristics of patients with synchronous cancers and those of patients without synchronous cancers were compared. Multivariate analysis was performed to identify the risk factors for the presence of a synchronous cancer in gastric cancer patients.; ; RESULTS: 111 of 3 291 gastric cancer patients (3.4%) registered in the database had a synchronous cancer. Among these 111 patients, 109 had a single synchronous cancer and 2 patients had two synchronous cancers. The most common form of synchronous cancer was colorectal cancer (42 patients, 37.2%) followed by lung cancer (21 patients, 18.6%). Multivariate analyses revealed that elderly patients with differentiated early gastric cancer have a higher probability of a synchronous cancer.; ; CONCLUSION: Synchronous cancers in gastric cancer patients are not infrequent. The physicians should try to find synchronous cancers in gastric cancer patients, especially in the elderly with a differentiated early gastric cancer."
029-461-137-893-343,Netrin G1 Ligand is a new stromal immunomodulator that promotes pancreatic cancer,Débora B. Vendramini‐Costa; Ralph Francescone; Janusz Franco‐Barraza; Tiffany Luong; Myree Graves; Ariana Musa de Aquino; Nina G. Steele; Jaye C. Gardiner; Sérgio Alexandre Alcântara dos Santos; Charline Ogier; Emily Malloy; Leila Borghaei; Esteban Martı́nez; Dmitry Zhigarev; Yinfei Tan; Hayan Lee; Zhou Yan; Kathy Q. Cai; Andres J. Klein–Szanto; Huamin Wang; Mark Andrake; Roland L. Dunbrack; Kerry S. Campbell; Edna Cukierman,"Here we uncovered the pro-tumor roles of the synaptic protein NGL-1 in the tumor microenvironment of pancreatic cancer, defining a new target that simultaneously modulates tumor cell, fibroblast, and immune cell functions. This study reports a new pathway where NGL-1 controls TGF-β, AP-1 transcription factor members and NFAT1, modulating the immunosuppressive microenvironment in pancreatic cancer. Our findings highlight NGL-1 as a new stromal immunomodulator in pancreatic cancer."
029-560-450-165-354,Use of genome-wide scan in women with breast cancer to identify common germline variants that may be associated with recurrence,Elizabeth A. Comen; J. Lautenberger; K. McGee; Tomas Kirchhoff; M. Dean; Clifford A. Hudis; Larry Norton; Kenneth Offit; Bert Gold; Mark E. Robson,11049 Background: Studies of normal DNA variation have identified several common single nucleotide polymorphisms (SNPs) associated with susceptibility to breast cancer. It is not known whether comm...
029-848-515-751-139,The addition of taxanes to adjuvant chemotherapy for lymph node positive (N+) early breast cancer (BC): Institutional practice variation in the National Comprehensive Cancer Network (NCCN),E. J. Sherman; Eva M Lepisto; Joyce C. Niland; N. Nicotera; Rebecca A. Ottesen; R. L. Theriault; Stephen B. Edge; John W. Wilson; Michael A. Bookman; Jane C. Weeks,654 Background: The addition of adjuvant (ADJ) paclitaxel to N+ BC has been evaluated in 2 large randomized studies. NSABP B28 was first presented in NOV-2000. No survival benefit was reported. In ...
029-935-873-558-342,Correction: Alternative Splicing of EZH2 pre-mRNA by SF3B3 Contributes to the Tumorigenic Potential of Renal Cancer.,Ke Chen; Haibing Xiao; Jin Zeng; Gan Yu; Hui Zhou; Chunhua Huang; Weimin Yao; Wei Xiao; Junhui Hu; Wei Guan; Lily Wu; Jiaoti Huang; Qihong Huang; Hua Xu; Zhangqun Ye,"In the original version of this article (1), errors exist in three figures and two figure legends: the legend for Fig. 2H incorrectly stated that the ACHN cells were “stably transfected” instead of “stably expressing Flag-EZH2, Flag-EZH2D14, or control vector”; Fig. 5C uses the same “merge” picture for EdU+DAPI ACHN-sh-SF3B3-1# and ACHN-sh-SF3B3-2#; Fig. 5E has incorrect “786O invasion” backup images of both the “sh-LacZ” group and the “sh-SF3B3-1#” group; the legend for Fig. 5F did not clarify that both Fig. 2H and Fig. 5F used the same controls; and Supplementary Fig. S9B has incorrect “786O migration/invasion” backup images of both the “sh-SF3B3-1#” group and the “sh-SF3B3-1# + Flag-EZH2” group. These errors have been corrected in the latest online HTML and PDF versions of the article. The authors regret these errors."
030-194-199-363-825,Correction: The 3D Revolution in Cancer Discovery.,Linghua Wang; Mingyao Li; Tae Hyun Hwang,
030-337-819-448-711,A phase II study of the antisense oligonucleotide GTI-2040 plus docetaxel and prednisone as first line treatment in hormone refractory prostate cancer (HRPC),Srikala S. Sridhar; Christina Canil; S.J. Hotte; Kim N.; Scott Ernst; Gregory R. Pond; C. Dick; James A. Zwiebel; M. J. Moore,"13015 Background: Despite initial responses to chemotherapy, median survival in HRPC remains a dismal 18 mos. Novel therapeutic approaches are clearly needed. The enzyme ribonucleotide reductase (R..."
030-433-339-891-781,Correction: Mesenchymal-Type Neuroblastoma Cells Escape ALK Inhibitors.,Ellen M Westerhout; Mohamed Hamdi; Peter Stroeken; Natalia E Nowakowska; Arjan Lakeman; Jennemiek van Arkel; Nancy E Hasselt; Boris Blejlevens; Nurdan Akogul; Franciska Haneveld; Alvin Chan; Peter van Sluis; Danny Zwijnenburg; Richard Volckmann; Carel Jm van Noesel; Igor Adameyko; Tim van Gronigen; Jan Koster; Linda J Valentijn; Johan van Nes; Rogier Versteeg,"In the original version of this article (1), there was an issue in Fig. 2B. Specifically, some of the Western blot bands showing expression of DBH, DLK1, PRRX1, SNAI2, and β-actin in the 691-MES/691-ADRN and SH-EP2/SH-SY5Y isogenic neuroblastoma cell lines were previously used in Fig. 1B of a publication by the authors (2). The legend for Fig. 2 has been updated in the latest online HTML and PDF versions of the article (1) to include a citation to the authors’ earlier article in Nature Genetics (2)."
030-847-776-141-778,ASO Visual Abstract: The Impact of Perioperative Enteral Immunonutrition on Postoperative Complications in Astrointestinal Cancer Surgery: A Meta-Analysis,Ayman Khan; Jean Wong; Bernhard Riedel; Erin Laing; Anna Beaumont; Joseph Kong; Satish Warrier; Alexander Heriot,
030-954-425-170-239,"Cancer in situ is not ""cancer""",Björn Strander,
031-096-623-067-417,Discordance of Microsatellite Instability and Mismatch Repair Immunochemistry Occurs Depending on the Cancer Type,Hiroyuki Matsubayashi; Takuma Oishi; Keiko Sasaki; Masato Abe; Yoshimi Kiyozumi; Satomi Higashigawa; Fumitaka Niiya; Junya Sato; Hirotoshi Ishiwatari; Kenichiro Imai; Kinichi Hotta; Yoshihiro Kishida; Kazunori Takada; Hiroyuki Ono; Kenichiro Yamazaki; Hirofumi Yasui; Hirotsugu Kenmotsu; Nobuhiro Kado; Hiroyasu Kagawa; Akio Shiomi; Teichi Sugiura; Etsuro Bando; Seiichiro Nishimura; Keiichi Hatakeyama; Masakuni Serizawa; Rina Harada; Takashi Sugino,
031-251-206-631-491,Editor's Note: Identification of Existing Drugs That Effectively Target NTRK1 and ROS1 Rearrangements in Lung Cancer.,Curtis R Chong; Magda Bahcall; Marzia Capelletti; Takayuki Kosaka; Dalia Ercan; Taebo Sim; Lynette M Sholl; Mizuki Nishino; Bruce E Johnson; Nathanael S Gray; Pasi A Jänne,
031-400-456-970-919,IDDF2025-ABS-0211 A multi-omics liquid microarray machine learning system for early diagnosis of postoperative abdominal infection in gastrointestinal tumors,Yiding Wang; Ting Guo; Xiaofang Xing; Jiafu Ji; Zhouqiao Wu; Ziyu Li,
031-488-352-943-712,"Prediction of Cancer Incidence and Mortality in Korea, 2012",Kyu-Won Jung; Sohee Park; Young-Joo Won; Hyun Joo Kong; Joo Young Lee; Hong Gwan Seo; Jin Soo Lee,"PURPOSE To estimate the current cancer burden in Korea, cancer incidence and mortality rates were projected for the year 2012. MATERIALS AND METHODS The cancer incidence data from 1999 to 2009 were obtained from the Korea National Cancer Incidence Database, and the cancer mortality data from 1993 to 2010 were obtained from Statistics Korea. Cancer incidence in 2012 was projected by fitting a linear regression model on observed age-specific cancer incidence rates against observed years, then multiplying the projected age-specific rates by the age-specific population. For cancer mortality, a similar procedure was applied, except that a Joinpoint regression model was used to determine at which year the linear trend significantly changed. RESULTS A total of 234,727 new cancer cases and 73,313 cancer deaths are projected to occur in Korea in 2012. For all sites combined, the crude incidence rates are projected to be 465.6 and 459.7, and the age-standardized incidences to be 345.1 and 300.9 per 100,000 respectively for males and females. CONCLUSION Cancer has become an important public health concern in Korea, and as the Korean population ages, the cancer burden will continue to increase."
031-584-527-189-847,Pre-Cancer and Cancer,Molly S. Rosebush; K. Mark Anderson; Yeshwant B. Rawal,
031-679-262-351-926,Outcome of interventions to identify family history and risk management for women with breast cancer in the ambulatory setting,N. Washburn; S. Simmons; V. Sommer; B. W. Adkins; P. Gerken; M. Rogers; B. Wilson; B. Lang; B. Hickman; C. Barnhart; S. Ethirajan,"6121 Background: In 2002, Kansas City Cancer Center (KCCC) performed a quality improvement (QI) project to evaluate how breast cancer patients were being assessed for family history and cancer risk..."
031-868-557-670-089,"Oral cancer incidence and mortality in China, 2011.",Shaokai Zhang; Rongshou Zheng; Qiong Chen; Siwei Zhang; Xibin Sun; Wanqing Chen,"Objective: To descript the incidence and mortality rates of oral cancer among Chinese population in 2011, and provide valuable data for oral cancer prevention and research.;  Methods: Data from 177 population-based cancer registries distributed in 28 provinces were accepted for this study after evaluation based on quality control criteria, covering a total of 175,310,169 populations and accounting for 13.01% of the overall national population in 2011. Incidence and mortality rates were calculated by area, gender and age groups. The numbers of new cases and deaths were estimated using the 5-year age-specific cancer incidence/mortality rates and the corresponding populations. The Chinese population in 2000 and World Segi’s population were used for age-standardized rates.;  Results: The estimate of new cases diagnosed with oral cancer was 39,450 including 26,160 males and 13,290 females. The overall crude incidence rate for oral cancer was 2.93/100,000. The age-standardized rates by China (ASR CN ) population and by World population (ASR wld ) were 2.22/100,000 and 2.17/100,000, respectively. Among subjects aged 0-74 years, the cumulative incidence rate was 0.25%. The estimated number of oral cancer deaths of China in 2011 was 16,933, including 11,794 males and 5,139 females. The overall crude mortality rate was 1.26/100,000, accounting for 0.80% of all cancer deaths. The ASR CN and ASR wld for mortality were 0.90/100,000 and 0.89/100,000, respectively. Among subjects aged 0-74 years, the cumulative mortality rate was 0.10%. The incidence and mortality rates of oral cancer were much higher in males and urban areas than in females and rural areas. In addition, the incidence and mortality rates were increased by the raising of ages.;  Conclusions: Results in the study may have important roles for oral cancer prevention and research. Although oral cancer burden of China is not high, we must pay attention to this malignancy as well. In addition, further researches need to be done for primary and secondary prevention research of oral cancer, especially for the high risk population."
031-947-158-533-496,A Prognostic 9-Gene Signature Linked to Autophagy-Dependent Cell Death in Hepatocellular Carcinoma,Jin Zhang; Linze Xu; Hao Wang; Dandan Wu; Huikai Li; Yueguo Li; Yang Liu,"<jats:sec>;                     <jats:title>Objectives:</jats:title>;                     <jats:p>Autophagy-dependent cell death (ADCD) plays a pivotal role in solid tumors, ultimately influencing immunotherapeutic efficacy and cancer prognosis. However, its significance in hepatocellular carcinoma (HCC) remains underexplored.</jats:p>;                   </jats:sec>;                   <jats:sec>;                     <jats:title>Methods:</jats:title>;                     <jats:p>Through integrated analysis of single-cell and bulk transcriptomic data, this research systematically identified ADCD-associated genes in LIHC. This was achieved by applying AddModuleScore, ssGSEA, and WGCNA for robust gene screening. A prognostic model was developed for LIHC grounded in The Cancer Genome Atlas (TCGA) dataset. Its validity was confirmed through internal validation with an independent TCGA cohort and external validation using GEO datasets. Immune characteristics were assessed by adopting CIBERSORT and ESTIMATE algorithms. Through LASSO-Cox regression analysis, this research established a 9-gene ADCD signature and derived the ADCD-related risk score system (ADCDRS).</jats:p>;                   </jats:sec>;                   <jats:sec>;                     <jats:title>Results:</jats:title>;                     <jats:p>The ADCDRS demonstrated superior prognostic performance. Aside from that, this unique system was significantly associated with clinical features, immune infiltration patterns, and the tumor’s local environment. To improve clinical applicability, this research constructed a nomogram incorporating the ADCDRS. Additionally, potential therapeutic agents targeting specific risk subgroups were identified.</jats:p>;                   </jats:sec>;                   <jats:sec>;                     <jats:title>Conclusion:</jats:title>;                     <jats:p>This study highlights the prognostic and therapeutic potential of ADCD-related biomarkers in LIHC.</jats:p>;                   </jats:sec>"
032-391-778-370-11X,A fragment-based approach applied to a highly flexible target: Insights and challenges towards the inhibition of HSP70 isoforms.,Alan M. Jones; Isaac M. Westwood; James Osborne; Thomas P. Matthews; Matthew D. Cheeseman; Martin G. Rowlands; Fiona Jeganathan; Rosemary Burke; Diane Frances Lee; Nadia Kadi; Manjuan Liu; Meirion Richards; Craig McAndrew; Norhakim Yahya; S.E. Dobson; Keith Jones; Paul Workman; Ian Collins; Rob L. M. van Montfort,"The heat shock protein 70s (HSP70s) are molecular chaperones implicated in many cancers and of significant interest as targets for novel cancer therapies. Several HSP70 inhibitors have been reported, but because the majority have poor physicochemical properties and for many the exact mode of action is poorly understood, more detailed mechanistic and structural insight into ligand-binding to HSP70s is urgently needed. Here we describe the first comprehensive fragment-based inhibitor exploration of an HSP70 enzyme, which yielded an amino-quinazoline fragment that was elaborated to a novel ATP binding site ligand with different physicochemical properties to known adenosine-based HSP70 inhibitors. Crystal structures of amino-quinazoline ligands bound to the different conformational states of the HSP70 nucleotide binding domain highlighted the challenges of a fragment-based approach when applied to this particular flexible enzyme class with an ATP-binding site that changes shape and size during its catalytic cycle. In these studies we showed that Ser275 is a key residue in the selective binding of ATP. Additionally, the structural data revealed a potential functional role for the ATP ribose moiety in priming the protein for the formation of the ATP-bound pre-hydrolysis complex by influencing the conformation of one of the phosphate binding loops."
032-404-838-083-287,PL3-5 A novel role of IL-22R1 as a possible driver of inflammation in ALK+ anaplastic large cell lymphoma,Ram Savan; Della Reynolds; Adelle P. McFarland; Lionel Feigenbaum; Karthika Ramakrishnan; Hidekazu Shirota; Dennis M. Klinman; Kieron Dunleavy; Stefania Pittaluga; Stephen K. Anderson; Raymond P. Donnelly; Wyndham H. Wilson; Howard A. Young,
032-482-280-905-117,Editor's Note: Activation of NF-κB Is a Novel Target of KRAS-induced Endometrial Carcinogenesis.,Yasunari Mizumoto; Satoru Kyo; Tohru Kiyono; Masahiro Takakura; Mitsuhiro Nakamura; Yoshiko Maida; Noriko Mori; Yukiko Bono; Hiroaki Sakurai; Masaki Inoue,
032-863-736-592-016,Correction: First-in-Class Anti-Immunoglobulin-like Transcript 4 Myeloid-Specific Antibody MK-4830 Abrogates a PD-1 Resistance Mechanism in Patients with Advanced Solid Tumors.,Lillian L Siu; Ding Wang; John Hilton; Ravit Geva; Drew Rasco; Ruth Perets; Anson K Abraham; Douglas C Wilson; Julia F Markensohn; Jared Lunceford; Leah Suttner; Shabana Siddiqi; Rachel A Altura; Corinne Maurice-Dror,"In the original version of this article (1), the number of patients who had ORR to MK-4830 + pembrolizumab was correct in Table 2 (n = 8), but footnote “b” contained incorrect information regarding cancer types and the number of patients with each cancer type. The error has been corrected in the latest online HTML and PDF versions of the article. The authors regret the error."
032-935-776-999-136,Correction: Tumor Suppressor Genes with Segmental Duplications Are Prone to Somatic Deletions and Structural Variations.,Ziheng Huang; Lin Zhang; Huarong Chen; Xiaodong Liu; Likai Tan; Dan Huang; Yingzhi Liu; Yushan Wang; Xinyi Zhang; Alfred Sze Lok Cheng; Maggie Haitian Wang; Wei Kang; Ka-Fai To; Jun Yu; Ho Ko; Le Yu; Sunny H Wong; Tony Gin; Matthew Tak Vai Chan; Xiansong Wang; William Ka Kei Wu,
033-175-240-098-740,Lineage plasticity in SCLC generates non-neuroendocrine cells primed for vasculogenic mimicry,Sarah M Pearsall; Stuart C Williamson; Fernando J García Marqués; Sam Humphrey; Ellyn Hughes; Yan Ting Shue; Abel Bermudez; Kristopher K Frese; Melanie Galvin; Mathew Carter; Lynsey Priest; Alastair Kerr; Cong Zhou; Trudy G. Oliver; Jonathan D Humphries; Martin J. Humphries; Fiona Blackhall; Ian G Cannell; Sharon J Pitteri; Gregory J Hannon; Julien Sage; Kathryn L Simpson; Caroline Dive,"<jats:title>Abstract</jats:title>;                 <jats:sec>;                   <jats:title>Introduction</jats:title>;                   <jats:p>;                     Vasculogenic mimicry (VM), the process of tumor cell trans-differentiation to endow endothelial-like characteristics supporting;                     <jats:italic>de novo</jats:italic>;                     vessel formation, is associated with poor prognosis in several tumor types, including small cell lung cancer (SCLC). In genetically engineered mouse models (GEMMs) of SCLC, NOTCH and MYC co-operate to drive a neuroendocrine (NE) to non-NE phenotypic switch and co-operation between NE and non-NE cells is required for metastasis. Here, we define the phenotype of VM-competent cells and molecular mechanisms underpinning SCLC VM using circulating tumor cell-derived explant (CDX) models and GEMMs.;                   </jats:p>;                 </jats:sec>;                 <jats:sec>;                   <jats:title>Methods</jats:title>;                   <jats:p>;                     We analysed perfusion within VM vessels and their association with NE and non-NE phenotypes using multiplex immunohistochemistry in CDX and GEMMs. VM-proficient cell subpopulations in;                     <jats:italic>ex vivo</jats:italic>;                     cultures were molecularly profiled by RNA sequencing and mass spectrometry. We evaluated their 3D structure and defined collagen-integrin interactions.;                   </jats:p>;                 </jats:sec>;                 <jats:sec>;                   <jats:title>Results</jats:title>;                   <jats:p>;                     We show that VM vessels are present in 23/25 CDX models and in 2 GEMMs. Perfused VM vessels support tumor growth and only Notch-active non-NE cells are VM-competent;                     <jats:italic>in vivo</jats:italic>;                     and;                     <jats:italic>ex vivo</jats:italic>;                     , expressing pseudohypoxia, blood vessel development and extracellular matrix (ECM) organization signatures. On Matrigel, VM-primed non-NE cells re-model ECM into hollow tubules in an integrin β1-dependent process.;                   </jats:p>;                 </jats:sec>;                 <jats:sec>;                   <jats:title>Conclusions</jats:title>;                   <jats:p>We identify VM as an exemplar of functional heterogeneity and plasticity in SCLC and these findings take significant steps towards understanding the molecular events that enable VM. These results support therapeutic co-targeting of both NE and non-NE cells to curtail SCLC progression and to improve SCLC patient outcomes in future.</jats:p>;                 </jats:sec>"
033-204-103-192-829,Immunonutrition in cancer surgery: a missed opportunity?,A Khan; E Laing; A Beaumont; S Warrier; B Riedel; A Heriot,
033-388-927-108-334,COMPARISON OF NON-EXPOSURE SIMPLE SUTURING ENDOSCOPIC FULL-THICKNESS RESECTION (NESS-EFTR) AND LECS FOR GASTRIC SUBEPITHELIAL TUMORS,CG Kim; Di Choi; HM Yoon; BW Eom; KW Ryu; YW Kim; Yi Kim; Jy Lee; IJ Choi,
033-395-534-228-971,Surgical vs nonsurgical treatment for esophageal squamous cell carcinoma in patients older than 70 years: a propensity score matching analysis.,Kexun Li; Changding Li; Xin Nie; Wenwu He; Kunyi Du; Kun Liu; Chenghao Wang; Jialong Li; Yongtao Han; Lin Peng; Qifeng Wang; Xuefeng Leng,"<AbstractText Label=""PURPOSE"" NlmCategory=""OBJECTIVE"">With the rising life expectancy and an aging population, it has become increasingly important to investigate treatments suitable for older adult patients with esophageal cancer. This study investigated whether older adult patients who underwent esophagectomy had better clinical outcomes than those who were nonsurgically treated.</AbstractText>;           <AbstractText Label=""METHODS"" NlmCategory=""METHODS"">We retrospectively analyzed patients with esophageal squamous cell carcinoma (ESCC) who were 70 years or older and underwent esophagectomy, radiotherapy (RT), and/or chemoradiotherapy (CRT) between January 2018 and December 2019. Patients were divided into 2 groups: the surgery group (S group) and the nonsurgery group (NS group). We then compared the clinical outcomes of the 2 groups.</AbstractText>;           <AbstractText Label=""RESULTS"" NlmCategory=""RESULTS"">After a median follow-up duration of 36.6 months, the S group showed better overall survival (OS). The 3-year OS was 59% in the S group and 27% in the NS group (hazard ratio [HR], 0.397; 95% CI, 0.278-0.549; P &lt; .0001). In the S group, the median progression-free survival was 38.3 months (95% CI, 30.6-46.1) compared with 12.3 months in the NS group (HR, 0.511; 95% CI, 0.376-0.695; P &lt; .0001). In addition, the number of adverse events in the NS group was higher than that in the S group (P &lt; .001).</AbstractText>;           <AbstractText Label=""CONCLUSION"" NlmCategory=""CONCLUSIONS"">Overall, patients with ESCC at the age of ≥70 years who underwent esophagectomy had significantly better clinical outcomes than those who underwent nonsurgical treatment with RT and/or CRT.</AbstractText>;           <CopyrightInformation>Copyright © 2024 Society for Surgery of the Alimentary Tract. Published by Elsevier Inc. All rights reserved.</CopyrightInformation>"
033-540-671-856-454,Psychological health as a mediator in the association between diet and upper gastrointestinal cancer: insights from a large-scale population-based screening project,Yueying Zhang; Shanrui Ma; Xinqing Li; Shaoming Wang; Wenqiang Wei,
034-018-549-726-538,K-ras and EGFR mutations in 24 Chinese patients with non-small-cell lung cancer (NSCLC) treated with gefitinib,Zhijie Wang; Yi-Long Wu; Guojie Zhang; Jun-Tao Lin; Qian Zhou; Chunwei Xu; A. Guo,17109 Background: It was previously reported that K-ras mutations could behave as a resistance marker for response to gefitinib while EGFR mutations make NSCLC more responsive to this medication. A...
034-175-627-644-829,"Prediction of Cancer Incidence and Mortality in Korea, 2025.",Kyu-Won Jung; Mee Joo Kang; Eun Hye Park; E Hwa Yun; Hye-Jin Kim; Jeong-Eun Kim; Hyun-Joo Kong; Kui Son Choi; Han-Kwang Yang,"<AbstractText Label=""PURPOSE"" NlmCategory=""OBJECTIVE"">This study aimed to project cancer incidence and mortality for 2025 to estimate Korea's current cancer burden.</AbstractText>;           <AbstractText Label=""MATERIALS AND METHODS"" NlmCategory=""METHODS"">Cancer incidence data from 1999 to 2022 were obtained from the Korea National Cancer Incidence Database, while cancer mortality data from 1993 to 2023 were acquired from Statistics Korea. Cancer incidence and mortality were projected by fitting a linear regression model to observed age-specific cancer rates against their respective years and then by multiplying the projected age-specific rates by the anticipated age-specific population for 2025. A joinpoint regression model was applied to identify significant changes in trends, using only the most recent trend data for predictions.</AbstractText>;           <AbstractText Label=""RESULTS"" NlmCategory=""RESULTS"">A total of 304,754 new cancer cases and 84,019 cancer deaths are expected in Korea in 2025. The most commonly diagnosed cancer is projected to be thyroid cancer, followed by the colorectal, lung, breast, prostate and stomach cancers. These six cancers are expected to account for 63.8% of the total cancer burden. Lung cancer is expected to be the leading cause of cancer-related deaths, followed by liver, colorectal, pancreatic, stomach, and gallbladder cancers, together comprising 66.6% of total cancer deaths.</AbstractText>;           <AbstractText Label=""CONCLUSION"" NlmCategory=""CONCLUSIONS"">The increasing incidence of female breast cancer and the rise in prostate and pancreatic cancers are expected to continue. As aging accelerates, cancer commonly found in older adults are projected to rise significantly.</AbstractText>"
034-316-812-368-340,"Phase I Pharmacokinetic and Pharmacodynamic Study of 17-Allylamino, 17-Demethoxygeldanamycin in Patients With Advanced Malignancies",Udai Banerji; Anne O'Donnell; Michelle Scurr; Simon Pacey; Sarah Stapleton; Yasmin Asad; Laura Simmons; Alison Maloney; Florence I. Raynaud; Maeli Campbell; Michael I. Walton; Sunil R. Lakhani; Stanley B. Kaye; Paul Workman; Ian Judson,"Purpose To study the toxicity and pharmacokinetic-pharmacodynamic profile of 17-allylamino, 17-demethoxygeldanamycin (17-AAG) and to recommend a dose for phase II trials. Patients and Methods This was a phase I study examining a once-weekly dosing schedule of 17-AAG. Thirty patients with advanced malignancies were treated. Results The highest dose level reached was 450 mg/m(2)/week. The dose-limiting toxicities (DLTs) encountered were grade 3 diarrhea in three patients (one at 320 mg/m(2)/week and two at 450 mg/m(2)/week) and grade 3 to 4 hepatotoxicity (AST/ALT) in one patient at 450 mg/m(2)/week. Two of nine DLTs were at the highest dose level. Two patients with metastatic melanoma had stable disease and were treated for 15 and 41 months, respectively. The dose versus area under the curve-relationship for 17-AAG was linear (r(2) = .71) over the dose range 10 to 450 mg/m(2)/week, with peak plasma concentrations of 8,998 mu g/L (standard deviation, 2,881) at the highest dose level. After the demonstration of pharmacodynamic changes in peripheral blood leukocytes, pre- and 24 hours post-treatment, tumor biopsies were performed and demonstrated target inhibition (c-RAF-1 inhibition in four of six patients, CDK4 depletion in eight of nine patients and HSP70 induction in eight of nine patients) at the dose levels 320 and 450 mg/m(2)/week. It was not possible to reproducibly demonstrate these changes in biopsies taken 5 days after treatment. Conclusion It has been possible to demonstrate that 17-AAG exhibits a tolerable toxicity profile with therapeutic plasma concentrations and target inhibition for 24 hours after treatment and some indications of clinical activity at the dose level 450 mg/m(2)/week. We recommend this dose for phase II clinical trials."
034-477-812-913-756,A phase I/II study of OGX-011 and a gemcitabine (GEM)/platinum regimen as first-line therapy in 85 patients with advanced non-small cell lung cancer,Janessa Laskin; Desiree Hao; Christina Canil; Christopher Lee; Joe Stephenson; Mark Vincent; Barbara J. Gitlitz; S. Cheng; Nevin Murray,"7596 Background: OGX-011 is a second-generation antisense oligonucleotide designed to knockdown expression of the cytoprotective chaperone, clusterin, thereby facilitating apoptosis and sensitizati..."
034-596-485-694-104,PP07. A PML/POLYCOMB/SLIT AXIS REGULATES MIGRATION OF BOTH NORMAL AND NEOPLASTIC CELLS IN THE CNS,D. A. V. Amodeo; Betts Dj; Bartesaghi Ds; Vouri Dm; Roshani Dr; Galavotti Ds; Zhang My; Lau Mj; Oberndorfer Ms; Leite Da; David Dinsdale; Jones Pc; Pierluigi Nicotera; David Michod; Brandner Ps; Paolo Salomoni,"INTRODUCTION: The control of SVZ neural progenitor/stem cells (NPCs) migration through the rostral migratory stream (RMS) is essential for normal neurogenesis and serve as the fundamental basis of production/replacement of neurons in the adult brain. Alterations of these processes can lead to neoplastic transformation and glioblastoma multiforme (GBM). The ability of GBM cells to migrate through the brain parenchyma represents a key factor underlying GBM aggressiveness. GBM cells use the same routes used by neuroblasts/immature neurons and neural stem cells upon injury, such as vessels and myelin tracts, suggesting that GBM migration may lay its roots in essential cellular processes controlling migration of immature neurons/neuroblasts and neural stem cells (1). However, our understanding of mechanisms regulating cell migration/invasion during brain tumourigenesis remains limited. METHODS: We combined in vivo and in vitro approaches, including the use of genetically modified mice, primary HGG tissues/NPCs (in collaboration with S Brandner, UCL, C Jones, ICR, S Pollard, Edinburgh, and others). RESULTS: Here we report that the stem cell factor and RAS effector Promyelocytic Leukaemia protein (PML) (2,3) regulates cell migration through the epigenetic control of Slit axon guidance genes in normal and neoplastic cells in the central nervous system. Loss of PML leads to impaired NSC and neuroblast migration and a smaller olfactory bulb in the adult mouse brain. PML controls cell migration via Polycomb Repressive 2-dependent regulation of the Slit axon guidance genes. A similar epigenetically controlled PML/Slit axis is functional also upon RAS-driven neoplastic transformation of NSCs and in primary GBM cells. PML expression inversely correlates with Slit1 expression and patient prognosis in GBM and is enriched in the mesenchymal subtype, which is characterized by activation of the RAS/MAPK pathway. Finally, PML loss impairs tumor growth in an orthotopic animal model. CONCLUSIONS: Taken together, these findings disclose a novel molecular axis at the root of cell migration during normal neurogenesis and brain tumourigenesis. Reference 1. Cuddapah VA et al. Nat Rev Neurosci 15: 455–465. 2. Regad T. et al. Nature neuroscience 12: 132–140. 3. Salomoni P. et al. Cell Res 18: 622–640."
034-622-572-199-263,Multimodality treatment for stage III non small cell lung cancer,K.F Foo; E.H Tan; S.S Leong; T Agasthian; K.W Fong; J Wee; S Ong; P Ang; M.H Tay; H.T See; Z.W Wong; L.Y Hsu; P Eng,
034-693-136-839-189,Gene expression profiling of advanced ovarian cancers to predict the outcome of primary surgical cytoreduction,Douglas A. Levine; Tomas Bonome; Adam B. Olshen; Faina Bogomolniy; John N. Brady; Cynthia A. Pise-Masison; Mike Radonovich; Dennis S.; Michael J. Birrer; Jeff Boyd,5000 Background: The benefit of optimal surgical cytoreduction for patients with advanced ovarian cancer is well established. Whether an optimal surgical cytoreductive procedure is dependent upon t...
035-003-497-806-206,Site-Specific Lung Cancer to Support National Cancer Control Programs in Indonesia,F. Ramadhaniah; Evlina Suzanna; D. Triana; A. Kadir; T.H. Widyastoeti; L.S. Sulistyowati; I. Rosalina; E.M. Lubis; N. Palupi; A. Hamzah; A. Kartikawati; D. Khairina; J. Agustina; S. Septiawati; P.S. Rahayu; R. Yulianita,Background: Lung cancer surely increased particularly in developing country that has double burden of disease because of epidemiologic transition effected high incidence in productive age and prema...
035-095-172-156-058,Cancer—Coping with Cancer,Yawei Zhang,
035-157-054-917-89X,Studying Triple Negative Breast Cancer Using Orthotopic Breast Cancer Model,Robert  Y. S. Cheng; Nimit  L. Patel; Timothy Back; Debashree Basudhar; Veena Somasundaram; Joseph  D. Kalen; David  A. Wink; Lisa  A. Ridnour,"Triple-negative breast cancer (TNBC) is an aggressive breast cancer subtype with limited therapeutic options. When compared to patients with less aggressive breast tumors, the 5-year survival rate of TNBC patients is 77% due to their characteristic drug-resistant phenotype and metastatic burden. Toward this end, murine models have been established aimed at identifying novel therapeutic strategies limiting TNBC tumor growth and metastatic spread. This work describes a practical guide for the TNBC orthotopic model where MDA-MB-231 breast cancer cells suspended in a basement membrane matrix are implanted in the fourth mammary fat pad, which closely mimics the cancer cell behavior in humans. Measurement of tumors by caliper, lung metastasis assessment via in vivo and ex vivo imaging, and molecular detection are discussed. This model provides an excellent platform to study therapeutic efficacy and is especially suitable for the study of the interaction between the primary tumor and distal metastatic sites."
035-341-911-427-052,Corrigendum: Comparative analysis of cancer statistics in China and the United States in 2024.,Yujie Wu; Siyi He; Mengdi Cao; Yi Teng; Qianru Li; Nuopei Tan; Jiachen Wang; Tingting Zuo; Tianyi Li; Yuanjie Zheng; Changfa Xia; Wanqing Chen,"The authors regret that estimates for new cancer cases (modify 3,246,625 to 4,909,585; modify 2,510,597 to 2,491,868) and cancer deaths (modify 1,699,066 to 2,593,882; modify 640,038 to 633,864) in the abstract, results and discussion section of “Comparative analysis of cancer statistics in China and the United States in 2024”[1] were incorrectly stated. The authors wish to correct the error in the first paragraph of the results (modify 8895 to 13,451, 6878 to 6827, 4655 to 7107 and 1754 to 1737). The authors wish to correct the error in the second paragraph of the results. Modify “lung cancer (681,124), breast cancer (369,769), colorectal cancer (333,821), thyroid cancer (332,620), and liver cancer (241,501)” to “ lung cancer (1,080,906), colorectal cancer (527,035), thyroid cancer (473,310), liver cancer (372,804) and breast cancer (368,218)” Modify “breast cancer (287,284), prostate cancer (242,893), lung cancer (239,490), colorectal cancer (168,119), and melanoma of skin (110,026)” to “breast cancer (283,053), prostate cancer (246,166), lung cancer (238,066), colorectal cancer (168,038) and melanoma of skin (109,908)” Modify “lung cancer (478,014), liver cancer (207,474), esophageal cancer (193,290), stomach cancer (171,388) and colorectal cancer (158,830)” to “lung cancer (738,547), liver cancer (319,946), stomach cancer (261,416), colorectal cancer (240,476) and esophageal cancer (188,455)” Modify “lung cancer (135,353), colorectal cancer (57,474), pancreatic cancer (52,404), breast cancer (44,973), and liver cancer (32,822) ” to “lung cancer (134,173), colorectal cancer (57,073), pancreatic cancer (52,016), breast cancer (44,119), and prostate cancer (35,291)” Modify “For female individuals, the most common cancers are breast cancer in both China and the US, with lung cancer leading to the most deaths in both China and the US.” to “For female individuals, the most common cancers are lung cancer and breast cancer in China and the US, respectively, with lung cancer leading to the most deaths in both China and the US.” The above data errors have been corrected to Supplementary Table 1, https://links.lww.com/CM9/C447. The authors would like to apologize for any inconvenience caused."
035-480-434-307-348,Editor's Note: p38 Mitogen-Activated Protein Kinase-Driven MAPKAPK2 Regulates Invasion of Bladder Cancer by Modulation of MMP-2 and MMP-9 Activity.,Binod Kumar; Sweaty Koul; Jane Petersen; Lakshmipathi Khandrika; Jeong S Hwa; Randall B Meacham; Shandra Wilson; Hari K Koul,"The editors are publishing this note to alert readers to a concern about this article (1). Specifically, a portion of the image used in Fig. 2D representing invasion of HTB9 cells treated with anti–MMP-2 antibody was also used in Fig. 6B representing vector control (VC)-expressing HTB9 cells."
035-540-620-921-095,Japanese multicenter phase II study of CHOP followed by radiotherapy (RT) in stage I-II1 diffuse large B-cell lymphoma (DLBCL) of the stomach,Satoshi Ishikura; Kensei Tobinai; A. Ohtsu; Shigeo Nakamura; Takayuki Yoshino; T. Takagi; Yoshio Tamaki; Taira Kinoshita; Kiyomi Mera; Seiichiro Yamamoto,"6527 Background: CHOP followed by RT is regarded as the standard care for localized aggressive lymphoma; however, a prospective confirmation of its applicability to localized gastric lymphoma (GL) ..."
035-608-942-832-595,"HIV is Associated with a Lower risk of Common, Screen-detectable Cancers in the United States",Anna E. Coghill; Eric A. Engels; Maria J. Schymura; Parag Mahale; Meredith S. Shiels,
035-626-611-660-724,Impact of the Number of Lymph Nodes Examined on Differences in Survival for Surgically Treated Gastric Cancer Patients Between the US and Japan Using Nationwide Databases,Isao Miyashiro; Y. Ito; T. Ishikawa; Kohei Akazawa; H. Katai; Souya Nunobe; I. Oda; Yoh Isobe; S. Tsujitani; H. Ono; Satoshi Tanabe; T. Fukagawa; S. Suzuki; Y. Kakeji,"Background: Although incidence and mortality have decreased, gastric cancer (GC) is still a public health issue globally. The international collaborative study for cancer survival using population-based cancer registry showed that the survival of GC was higher in Korea and Japan than other countries, including the United States of America (US). Aim: We examined the determinant factors of the high survival in Japan, compared with the US, with particular focus on the impact of the number of lymph nodes (LNs) examined for surgically treated patients. Methods: We obtained data on 88,447 cases from the nationwide GC registration project, the Japanese Gastric Cancer Association (JGCA), from 2004-2007. We also obtained 18,995 GC cases from US population-based cancer registry data from the Surveillance, Epidemiology, and End Results Program (SEER), diagnosed from 2004-2010. We estimated five-year relative survival and applied a multivariate excess hazard model to compare the two countries. We considered the effec..."
035-667-196-949-352,Myeloid-derived suppressor cells (MDSCs) in metastatic castration-resistant prostate cancer (CRPC) patients (PTS),Niven Mehra; George Seed; Maryou B. Lambros; Adam Sharp; M. Sousa Fontes; Mateus Crespo; Semini Sumanasuriya; Wei Yuan; Gunther Boysen; Ruth Riisnaes; Arianna Calcinotto; Suzanne Carreira; Jane Goodall; Zafeiris Zafeiriou; Diletta Bianchini; Alison Morilla; Ricardo Morilla; Andrea Alimonti; J.S. de Bono,
035-725-479-751-832,Laparoscopic vs. open liver resection for malignancies involving segment 7: short-term outcomes and learning curve analysis using propensity score matching.,Hongyuan Zhou; Haijing Zheng; Yu Wang; Lu Yang; Dongyang Li; Zhaolong Pan; Junbo Cao; Xu Bao; Guangtao Li; Lu Chen; Chen Liu; Xiaomeng Liu; Ping Chen; Feng Fang; Huikai Li; Yunlong Cui; Qiang Wu; Tianqiang Song; Qiang Li; Wei Zhang,"<AbstractText Label=""BACKGROUND"" NlmCategory=""BACKGROUND"">Many studies demonstrated the feasibility of laparoscopic liver resection (LLR). However, its short-term outcomes for liver malignancies located in involving Couinaud's segment 7 have not been appraised compared to open liver resection (OLR). In addition, the impact of the LLR learning curve on surgical outcomes at these sites remains unclear.</AbstractText>;           <AbstractText Label=""METHODS"" NlmCategory=""METHODS"">This single-institution, retrospective study included 216 patients who underwent liver resection for malignancies involving segment 7 between 2010 and 2024. Propensity score matching balanced LLR (n = 65) and OLR (n = 65) cohorts. Surgical outcomes were compared and the LLR learning curve for conversions was plotted via risk-adjusted cumulative sum (RA-CUSUM) analysis.</AbstractText>;           <AbstractText Label=""RESULTS"" NlmCategory=""RESULTS"">LLR showed shorter postoperative hospital stays and a trend towards less blood loss. Despite longer operative times, LLR had lower postoperative white blood cell counts and similar alanine aminotransferase levels. There were no significant differences between the groups in the overall or severe complications. Moreover, RA-CUSUM analysis showed that after the surgeon completed around 30 patients, the conversion rate stabilized and improved, leading to enhanced safety.</AbstractText>;           <AbstractText Label=""CONCLUSIONS"" NlmCategory=""CONCLUSIONS"">LLR could act as a safe alternative to OLR in patients harboring malignancies involving segment 7, with accumulated experience contributing to improved outcomes.</AbstractText>;           <CopyrightInformation>© 2025. The Author(s), under exclusive licence to Springer Science+Business Media, LLC, part of Springer Nature.</CopyrightInformation>"
035-821-356-015-640,"Cancer Statistics in Korea: Incidence, Mortality, Survival, and Prevalence in 2021.",Eun Hye Park; Kyu-Won Jung; Nam Ju Park; Mee Joo Kang; E Hwa Yun; Hye-Jin Kim; Jeong-Eun Kim; Hyun-Joo Kong; Jeong-Soo Im; Hong Gwan Seo; null null,"<AbstractText Label=""PURPOSE"" NlmCategory=""OBJECTIVE"">The current study provides national cancer statistics and their secular trends in Korea, including incidence, mortality, survival, and prevalence in 2021.</AbstractText>;           <AbstractText Label=""MATERIALS AND METHODS"" NlmCategory=""METHODS"">Incidence, survival, and prevalence rates of cancer were calculated using the Korea National Cancer Incidence Database, from 1999 to 2021, with survival follow-up until December 31, 2022. Deaths from cancer were assessed using causes-of-death data obtained from Statistics Korea.</AbstractText>;           <AbstractText Label=""RESULTS"" NlmCategory=""RESULTS"">The number of new cancer diagnoses in 2021 increased by 27,002 cases (10.8%) compared to 2020. In 2021, newly diagnosed cancer cases and deaths from cancer were reported as 277,523 (age-standardized rate [ASR], 289.3 per 100,000) and 82,688 (ASR, 67.6 per 100,000), respectively. The overall cancer incidence rates increased by 3.3% annually from 1999 to 2012, and decreased by 5.3% from 2012 to 2015, thereafter, followed by non-significant changes. Cancer mortality rates have been decreasing since 2002, with more rapid decline in recent years (annual decrease of 2.8% from 2002 to 2013; 3.2% from 2013 to 2021). The 5-year relative survival between 2017 and 2021 was 72.1%, which contributed to prevalent cases reaching over 2.4 million in 2021.</AbstractText>;           <AbstractText Label=""CONCLUSION"" NlmCategory=""CONCLUSIONS"">In 2021, the number of newly diagnosed cancer patients increased as healthcare utilization recovered from the coronavirus disease 2019-related declines of 2020. Revised cancer registration guidelines expanded the registration scope, particularly for stomach and colorectal cancer. Survival rates have improved over the years, leading to a growing population of cancer survivors, necessitating a comprehensive cancer control strategy. The long-term impact of the pandemic on cancer statistics requires future investigation.</AbstractText>"
035-910-425-500-274,Correction: YY1 Complex Promotes Quaking Expression via Super-Enhancer Binding during EMT of Hepatocellular Carcinoma.,Jingxia Han; Jing Meng; Shuang Chen; Xiaorui Wang; Shan Yin; Qiang Zhang; Huijuan Liu; Rong Qin; Zhongwei Li; Weilong Zhong; Chao Zhang; Heng Zhang; Yuanhao Tang; Wanfeng Gao; Xiaoyun Zhang; Lan Yang; Yanrong Liu; Hong-Gang Zhou; Tao Sun; Cheng Yang,"In the original version of this article (1), there were errors in Fig. 3E and the Materials and Methods section. Specifically, in Fig. 3E, the incorrect images were used to show invasion of Control, p65-transfected, YY1-transfected, and p65+YY1-transfected Hep3B cells. In the “Experimental metastasis assay” section of the Materials and Methods, the word “intratumor” was mistakenly used and the statement should read, “The YY1+p65+siQKI group was treated every 3 days with the intravenous injection of shQKI viral suspension (50 μL) and continuously injected thrice.” The correct images have been provided, and the errors have been corrected in the latest online HTML and PDF versions of the article. The authors regret these errors."
035-922-482-481-725,"Cancer Statistics in Korea: Incidence, Mortality, Survival, and Prevalence in 2019.",Mee Joo Kang; Young-Joo Won; Jae Jun Lee; Kyu-Won Jung; Hye-Jin Kim; Hyun-Joo Kong; Jeong-Soo Im; Hong Gwan Seo; null null,"<AbstractText Label=""PURPOSE"" NlmCategory=""OBJECTIVE"">The current study provides national cancer statistics and their secular trends in Korea, including incidence, mortality, survival, and prevalence in 2019.</AbstractText>;           <AbstractText Label=""MATERIALS AND METHODS"" NlmCategory=""METHODS"">Incidence, survival, and prevalence rates of cancer were calculated using the Korea National Cancer Incidence Database, from 1999 to 2019, with survival follow-up until December 31, 2020. Deaths from cancer were assessed using causes-of-death data obtained from Statistics Korea.</AbstractText>;           <AbstractText Label=""RESULTS"" NlmCategory=""RESULTS"">In 2019, newly diagnosed cancer cases and deaths from cancer were reported as 254,718 (ASR, 275.4 per 100,000) and 81,203 (ASR, 72.2 per 100,000), respectively. For the first time, lung cancer (n=29,960) became the most frequent cancer in Korea, excluding thyroid cancer. The overall cancer incidence rates increased by 3.3% annually from 1999 to 2012, and decreased by 5.3% annually from 2012 to 2015, thereafter, followed by nonsignificant changes. The incidence of thyroid cancer increased again from 2016 (annual percentage change, 6.2%). Cancer mortality rates have been decreasing since 2002, with more rapid decline in recent years (annual decrease of 2.7% from 2002 to 2013; 3.3% from 2013 to 2019). The 5-year relative survival between 2015 and 2019 was 70.7%, which contributed to prevalent cases reaching over 2 million in 2019.</AbstractText>;           <AbstractText Label=""CONCLUSION"" NlmCategory=""CONCLUSIONS"">Cancer survival rates have improved over the past decades, but the number of newly diagnosed cancers is still increasing, with some cancers showing only marginal improvement in survival outcomes. As the number of cancer survivors increases, a comprehensive cancer control strategy should be implemented in line with the changing aspects of cancer statistics.</AbstractText>"
036-035-356-320-977,Predictors of hypertrophy in patients with liver tumors after portal vein embolization,B. Childers; S. Gandhi; J. Denbo; B. Kis; E. Ghassan; J. Choi; D. Kalos; D. Castillo; V. Yin; J. Frakes; D. Anaya,
036-089-080-506-554,Quick reference guide for clinicians management of cancer pain: Adults,Ada Jacox; Richard Payne; Daniel B. Carr; C. Berde; W. Brietbart; J. M. Cain; C. R. Chapman; Charles S. Cleeland; Betty Ferrell; R. Finley; N. K. Hester; C. S. Hill; W. D. Leak; Arthur G. Lipman; C. L. Logan; C. L. McGarvey; Christine A. Miaskowski; D. Stevenson Mulder,
036-119-898-213-752,An Analysis of Cancer Incidence from 1996 to 2000 in Shaoxing City,HE Cheng-quan,"To explore the character of cancer incidence from1996to2000in Shaoxing city,and to provide scientific basis for prevention and control.Investigators were trained to investigate the city inhabitants entirely for tumor registration,which was classified and analyzed according to ICD-9system.The incidence rate and standardized incidence rate in the period were calculated.In Shaoxing city,cancer incidence rate was213.92/10 5 ,standardized incidence rate was153.7/10 5 .The rank of5common cancers in male was lung cancer,gastric cancer,liver cancer,colon cancer and esophageal cancer,and that in female were lung cancer,breast cancer,gastric cancer,colon cancer and liver cancer.The rank of overall standardized incidence rate of the5com-mon cancers was lung cancer,gastric cancer,liver cancer,colon cancer and breast cancer.[Conclusion]Lung cancer and digestive sys-tem cancers are the common cancers in Shaoxing city.These cancers should be the emphases of prevention and control."
036-332-139-564-626,Editor's Note: Reduced miR-128 in Breast Tumor-Initiating Cells Induces Chemotherapeutic Resistance via Bmi-1 and ABCC5.,Yinghua Zhu; Fengyan Yu; Yu Jiao; Juan Feng; Wei Tang; Herui Yao; Chang Gong; Jianing Chen; Fengxi Su; Yan Zhang; Erwei Song,"Fig. 4D, the scatter plot for SK-3rd cells transduced with shBmi-1 at 1 ADM"
036-402-513-805-508,Cancer in Cancer: A Case Report of Thyroid Cancer Metastasis in Lung Cancer.,Masanobu Hayakawa; Kazuya Nakaoka; Hirohisa Hirabayashi; Shoichi Katayama,"症例は, 70歳, 女性. 糖尿病にて通院中, 血清CEA (carcinoembryonic antigen) 高値を認め, 精査入院となった. 甲状腺右葉に甲状腺癌及び右肺上葉に肺癌を認め, 同時手術を施行した. 術後病理組織診断にて, 甲状腺は, 乳頭状腺癌で, 肺は, 肺胞上皮細胞型の腺癌であった. 又, 肺癌の組織像の中に乳頭状甲状腺癌の転移像を認めた. 重複癌は, 増加し珍しくなくなったが, 一方の腫瘍が他方の腫瘍内に転移する腫瘍内腫瘍転移例は珍しく, しかも肺癌内に甲状腺癌の転移像が見られた例は検索し得た限りでは報告例がなく極めて稀な症例と思われた."
036-572-138-724-141,Multicenter Phase II Study of Everolimus in Patients With Previously Treated Metastatic Gastric Cancer,Toshihiko Doi; Kei Muro; Narikazu Boku; Yasuhide Yamada; Tomohiro Nishina; Hiroya Takiuchi; Yoshito Komatsu; Yasuo Hamamoto; Nobutsugu Ohno; Yoshie Fujita; Matthew Robson; Atsushi Ohtsu,"Purpose Everolimus, an oral inhibitor of the mammalian target of rapamycin, has shown antitumor activity in gastric cancer in preclinical and phase I studies. This phase II study evaluated the efficacy and safety of everolimus in pretreated patients with advanced gastric cancer. Patients and Methods Patients with advanced gastric cancer who experienced progression despite prior chemotherapy received everolimus 10 mg orally daily until disease progression or study discontinuation. The primary end point was disease control rate (DCR; ie, complete response, partial response, or stable disease). Secondary end points included progression-free survival (PFS), overall survival (OS), and safety. Results Fifty-three patients were assessable (median age, 63 years; 51% and 49% received one or two prior chemotherapy regimens, respectively). Although no complete or partial response was obtained, a decrease in tumor size from baseline was observed in 45% of patients by central review. The DCR was 56.0% (95% CI, 41.3% t..."
036-646-379-623-420,Editor's Note: Mechanisms of Activity of the TORC1 Inhibitor Everolimus in Waldenstrom Macroglobulinemia.,Aldo M Roccaro; Antonio Sacco; Xiaojing Jia; Ranjit Banwait; Patricia Maiso; Feda Azab; Ludmila Flores; Salomon Manier; Abdel Kareem Azab; Irene M Ghobrial,
036-866-291-339-577,"Incidence of cervical, endometrial, and ovarian cancer in Korea, 1999-2010",Myong Cheol Lim; Eun Kyeong Moon; Aesun Shin; Kyu-Won Jung; Young-Joo Won; Sang Soo Seo; Sokbom Kang; Jae Weon Kim; Joo-Young Kim; Sang Yoon Park,"Objective; To investigate the recent incidence of and trends in cervical, endometrial, and ovarian cancer in Korean females."
037-134-517-190-107,"Prediction of Cancer Incidence and Mortality in Korea, 2024.",Kyu-Won Jung; Mee Joo Kang; Eun Hye Park; E Hwa Yun; Hye-Jin Kim; Jeong-Eun Kim; Hyun-Joo Kong; Jeong-Soo Im; Hong Gwan Seo,"<AbstractText Label=""PURPOSE"" NlmCategory=""OBJECTIVE"">This study aimed to report the projected cancer incidence and mortality for the year 2024 to estimate Korea's current cancer burden.</AbstractText>;           <AbstractText Label=""MATERIALS AND METHODS"" NlmCategory=""METHODS"">Cancer incidence data from 1999 to 2021 were obtained from the Korea National Cancer Incidence Database, and cancer mortality data from 1993 to 2022 were acquired from Statistics Korea. Cancer incidence and mortality were projected by fitting a linear regression model to observed age-specific cancer rates against their respective years and multiplying the projected age-specific rates by the anticipated age-specific population for 2024. A joinpoint regression model was used to determine the year in which the linear trend changed significantly; we only used the data of the latest trend for prediction.</AbstractText>;           <AbstractText Label=""RESULTS"" NlmCategory=""RESULTS"">In total, 292,221 new cancer cases and 83,770 cancer deaths are expected to occur in Korea in 2024. The most common cancer site is expected to be the thyroid, followed by the colon and rectum, lung, breast, and stomach. These five cancers are expected to represent 55.7% of the overall burden of cancer in Korea. The most common type of cancer leading to death is expected to be lung cancer, followed by liver, colorectal, pancreatic, and stomach cancers.</AbstractText>;           <AbstractText Label=""CONCLUSION"" NlmCategory=""CONCLUSIONS"">The age-standardized incidence rates for female breast and prostate cancers are estimated to continue to increase. These up-to-date estimates of the cancer burden in Korea could be an important resource for planning and evaluating cancer-control programs.</AbstractText>"
037-291-079-006-232,Bifunctional Role of Monocyte Subsets in Modulating Radiotherapy Combined Intra-Tumor αCD40 Agonist Induced Abscopal Effect,W. Lan; J. Yao; M. Cao; Z. Wang; B. Xiang; J. Zhou; W. Liao; X. Liu; M. Yang; S. Zhang; Y. Zhao,
037-324-776-427-858,"Abstract P5-01-12: Prognostic implications of tumor-infiltrating lymphocytes (TIL) in association with PD-L1 expression, and serum cytokine levels in early breast cancer",In Hae Park; S-Y Kong; JY Ro; Youngmee Kwon; Joo Hyun Kang; Hye Jin Mo; S-Y Jung; S Lee; KS Lee; H-S Kang; Eunsik Lee; Jae Y. Ro,"Background Immune system has been known to influence the prognosis of breast cancer (BC). However, the relationship between immune modulating factor (PD-L1) and tumor infiltrating lymphocyte (TIL) profiles in breast cancer has yet to be revealed according to breast cancer subtypes. In addition, the effects of circulating cytokines on TILs have not been addressed. Patients and methods We investigated the relationship between the profiles of TILs and PD-L1 expression of the primary tumor tissue by immunohistochemistry with clinical outcomes in 253 patients who underwent surgery for early breast cancer at National Cancer Center from January 2001 to December 2005. Besides, the serum cytokines including IL-10, IL-18, IL-6, IFN-g, and TGF-β1 were measured at diagnosis. Clinical data including hormone receptors status, HER2 expression, disease free survival (DFS), and overall survival (OS) were collected. Results Median age of patients was 49 years (range, 32-74) and median follow-up was 8.5 years. One hundred eighty five (73.1%) patients had hormone receptor (HR) positive and 101 (39.9%) patients had node positive BC. CD8+ TILs were more abundant in low PD-L1 expressed tumor (P = 0.027), though there was no association between FOXP3+ TILs and PD-L1 expression (P = 0.585). A total number of TILs was higher in HR negative compared with HR positive BC (P = 0.061) and the expression of PD-L1 was more frequent in HR positive BC (P Conclusions Lower PD-L1 expression in breast tumor was associated with higher CD8+ lymphocyte infiltration. Especially in HR negative BC, increasing CD8+ TILs with lower PD-L1 expression and lower serum IL-18 level were good prognostic factors. Further validation will be needed to establish the role of immune profiles in BC patients. Citation Information: Cancer Res 2013;73(24 Suppl): Abstract nr P5-01-12."
037-358-223-574-079,Retrospective analysis of systemic chemotherapy for unresectable advanced biliary tract cancer,Hiroshi Ishii; Junji Furuse; Takuji Okusaka; Kenji Yamao; Akihiro Funakoshi; S. Ohkawa; Narikazu Boku; Katsuaki Tanaka; Michitaka Nagase; Hiromitsu Saisho; Toshihiko Sato,4159 Background: Standard chemotherapy for biliary tract cancer (BTC) has not yet established. This study retrospectively examined the results of non-surgical treatments in patients with advanced B...
037-415-997-247-934,Clinical management of cancers—flowcharts,,"<jats:title>Abstract</jats:title>;                <jats:p>This chapter includes quick-reference flowcharts to outline clinical management of cancer. Flowcharts include bladder cancer, breast cancer, cervical cancer, colon cancer, cutaneous melanoma, endometrial cancer, epithelial ovarian cancer, gestational trophoblastic tumour, hodgkins disease, lung cancer, non-hodgkins lymphoma, oesophageal cancer, ovarian germ cell tumour, pancreatic cancer, penile cancer, prostate cancer, rectal cancer, stomach cancer, testicular cancer, thyroid cancer, vaginal cancer, vulval cancer, and unknown primary.</jats:p>"
037-543-108-062-769,MM-059 Incidence and Risk Factors Associated With Bleeding Following Anti-B-Cell Maturation Antigen (BCMA) Chimeric Antigen Receptor (CAR) T-Cell Therapy in Patients With Relapsed/Refractory Multiple Myeloma (RRMM),Turab Mohammed; Lauren Peres; Christelle Colinleitzinger; Omar Castaneda Puglianini; Laura Oswald; Gabe de Avila; Ariel Grajales-Cruz; Brandon Blue; Jose Ochoa-Bayona; Farhad Khimani; Rawan Faramand; Hany Elmariah; Aleksandr Lazaryan; Michael Jain; Hein Liu; Taiga Nishihori; Ken Shain; Rachid Baz; Melissa Alsina; Frederick Locke; Ciara Freeman; Doris Hansen,
037-717-174-414-600,Assessing the utility of a patient-reported screener question to detect fatigue symptoms: Improving the quality of systematic symptom measurement in clinical practice.,Pascale Tomasini; Catherine Brown; Ashlee Vennettilli; Aein Zarrin; Aditi Dobriyal; Linda Chen; Maryam Mirshams; Deval Patel; Margaret Irwin; Valerie Ho; Anthea Ho; Vivien Pat; Hannah Solomon; Henry Thai; Mary Mahler; Wei Xu; Doris Howell; Geoffrey Liu,"236 Background: In Ontario, there is a concerted effort to screen all cancer outpatients for clinically significant symptoms at every visit, without causing undue burden on the patient. Although fatigue symptoms are common in cancer patients, severe fatigue may require clinical intervention. To reduce reporting fatigue, we evaluated the use of a single item screener question to detect severe fatigue, as defined through the FACT-Fatigue Scale (FACT-F), with the goal of reducing patient reporting burden. Methods: 316 Princess Margaret Cancer Centre outpatients across a wide range of cancers at all phases of therapies and disease stages were asked to report fatigue symptoms using the FACT-F. The ability of one screener question “I feel fatigued” to detect severe fatigue symptoms in any of the six other fatigue-related questions was evaluated. Using the presence of any severe fatigue symptom as the reference, sensitivity (Se) and specificity (Sp) of the screener question was determined. Results: Median age wa..."
038-155-772-504-096,EP.08.42 A Prognostic Marker for Consolidation Therapy With Durvalumab After Concurrent Chemoradiotherapy in NSCLC: The Utility of Serum CYFRA 21-1,M. Ito; R. Ariyasu; S. Fujishima; H. Iso; T. Nemoto; K. Nibuya; M. Sugai; R. Tsugitomi; Y. Amino; K. Uchibori; N. Yanagitani; M. Nishio,
038-199-738-036-086,Depression and Cancer - Depression and Cancer: The Role of Culture and Social Disparities,Christoffer Johansen; Susanne Oksbjerg Dalton; Pernille Envold Bidstrup,
038-232-885-246-544,Cancer gene identification from RNA variant allelic frequencies using RVdriver.,James R M Black; Thomas P Jones; Carlos Martínez-Ruiz; Maria Litovchenko; Clare Puttick; Charles Swanton; Nicholas McGranahan,"Existing approaches to identifying cancer genes rely overwhelmingly on DNA sequencing data. Here, we introduce RVdriver, a computational tool that leverages paired bulk genomic and transcriptomic data to classify RNA variant allele frequencies (VAFs) of non-synonymous mutations relative to a synonymous mutation background. We analyze 7882 paired exomes and transcriptomes from 31 cancer types and identify novel, as well as known, cancer genes, complementing other DNA-based approaches. Furthermore, RNA VAFs of individual mutations are able to distinguish ""driver"" from ""passenger"" mutations within established cancer genes. This approach highlights the value of multi-omic approaches for cancer gene discovery."
038-362-318-006-814,A rare complication in a case of multiple myeloma on therapy with thalidomide and dexamethasone--reversible posterior lobe leukoencephalopathy.,Ritwik Pandey; Apurva Patel; Sandip Shah; K. M. Patel; Pankaj M. Shah; Shilin N. Shukla; BJ Parikh; Asha Anand; S. S. Talati; Harsha Panchal; Sonia Parikh; Sanjay Thrutthel,Central nervous system involvement is an unusual manifestation of multiple myeloma. We report a case with a rare manifestation of multiple myeloma in the form of reversible white matter changes of ...
038-523-349-558-851,Treatment efficacy of ramucirumab-based chemotherapy in patients with alpha-fetoprotein producing gastric cancer (AFPGC).,Daisaku Kamiimabeppu; Takeru Wakatsuki; Daisuke Takahari; Naoki Fukuda; Hiroki Osumi; Izuma Nakayama; Mariko Ogura; Tarou Sato; Akira Ooki; Eiji Shinozaki; Mitsukuni Suenaga; Keisho Chin; Kensei Yamaguchi,389Background: AFPGC is an aggressive subgroup of gastric cancer and is associated with a worsened survival because of a high incidence of liver metastasis. Ramucirumab-based chemotherapy is the st...
038-581-855-296-132,3D imaging software improves fellows' identification of key features during pre-hepatectomy planning,B. Childers; S. Ghandi; J. Denbo; D. Castillo; B. Cao; V. Yin; P. Hodul; M. Malafa; A. Sinnamon; J. Fleming; D. Anaya,
038-654-100-082-165,NOS2 and COX2 Provide Key Spatial Targets that Determine Outcome in ER-Breast Cancer,Lisa A. Ridnour; William F. Heinz; Robert Y.S. Cheng; Adelaide L. Wink; Noémi Kedei; Milind Pore; Fatima Imtiaz; Elise L. Femino; Ana L. González; Leandro L. Coutinho; Donna Butcher; Elijah F. Edmondson; María Cristina Rangel; Robert J. Kinders; Stanley Lipkowitz; Stephen T.C. Wong; Stephen K. Anderson; Danial W McVicar; Xiaoxian Li; Sharon A. Glynn; Timothy R. Billiar; Jenny Chia-Chen Chang; Stephen M. Hewitt; Stefan Ambs; Stephen Lockett; David A. Wink,"Estrogen receptor-negative (ER-) breast cancer is an aggressive breast cancer subtype with limited therapeutic options. Upregulated expression of both inducible nitric oxide synthase (NOS2) and cyclo-oxygenase (COX2) in breast tumors predicts poor clinical outcomes. Signaling molecules released by these enzymes activate oncogenic pathways, driving cancer stemness, metastasis, and immune suppression. The influence of tumor NOS2/COX2 expression on the landscape of immune markers using multiplex fluorescence imaging of 21 ER- breast tumors were stratified for survival. A powerful relationship between tumor NOS2/COX2 expression and distinct CD8+ T cell phenotypes was observed at 5 years post-diagnosis. These results were confirmed in a validation cohort using gene expression data showing that ratios of NOS2 to CD8 and COX2 to CD8 are strongly associated with poor outcomes in high NOS2/COX2-expressing tumors. Importantly, multiplex imaging identified distinct CD8+ T cell phenotypes relative to tumor NOS2/COX2 expression in Deceased vs Alive patient tumors at 5-year survival. CD8+NOS2-COX2- phenotypes defined fully inflamed tumors with significantly elevated CD8+ T cell infiltration in Alive tumors expressing low NOS2/COX2. In contrast, two distinct phenotypes including inflamed CD8+NOS2+COX2+ regions with stroma-restricted CD8+ T cells and CD8-NOS2-COX2+ immune desert regions with abated CD8+ T cell penetration, were significantly elevated in Deceased tumors with high NOS2/COX2 expression. These results were supported by applying an unsupervised nonlinear dimensionality-reduction technique, UMAP, correlating specific spatial CD8/NOS2/COX2 expression patterns with patient survival. Moreover, spatial analysis of the CD44v6 and EpCAM cancer stem cell (CSC) markers within the CD8/NOS2/COX2 expression landscape revealed positive correlations between EpCAM and inflamed stroma-restricted CD8+NOS2+COX2+ phenotypes at the tumor/stroma interface in deceased patients. Also, positive correlations between CD44v6 and COX2 were identified in immune desert regions in deceased patients. Furthermore, migrating tumor cells were shown to occur only in the CD8-NOS2+COX2+ regions, identifying a metastatic hot spot. Taken together, this study shows the strength of spatial localization analyses of the CD8/NOS2/COX2 landscape, how it shapes the tumor immune microenvironment and the selection of aggressive tumor phenotypes in distinct regions that lead to poor clinical outcomes. This technique could be beneficial for describing tumor niches with increased aggressiveness that may respond to clinically available NOS2/COX2 inhibitors or immune-modulatory agents."
038-765-353-209-744,Editor's Note: Activator Protein-1 Transcription Factors Are Associated with Progression and Recurrence of Prostate Cancer.,Xuesong Ouyang; Walter J Jessen; Hikmat Al-Ahmadie; Angel M Serio; Yong Lin; Weichung-Joseph Shih; Victor E Reuter; Peter T Scardino; Michael M Shen; Bruce J Aronow; Andrew J Vickers; William L Gerald; Cory Abate-Shen,"The editors are publishing this note to alert readers to a concern about this article (1). In Fig. 4A, the same image was used to show α-Jun expression in benign tissue and α-Fos expression in benign tissue."
038-855-243-383-185,188P The impact of pathological regression of primary tumor and lymph node on recurrence and survival in patients with locally advanced esophageal squamous cell carcinoma following neoadjuvant chemo-immunotherapy,Y. Li; Y. Wu; Y. Hong; X. Huang; G. Xiao; B. Yang; L. Gu; L. Zhao; M. Jiang; Y. Xu; Y. Zhao; Y. Chen; Z. Zhu; X. Zhu; N. Jiang,
038-909-389-647-148,Correction: Demethylation of the SFRP4 Promoter Drives Gastric Cancer Progression via the Wnt Pathway.,Haojie Li; Junjie Zhao; Jie Sun; Chenyu Tian; Quan Jiang; Chen Ding; Qiangjun Gan; Ping Shu; Xuefei Wang; Jing Qin; Yihong Sun,"In the original version of this article (1), images of the same protein bands at different exposures were inadvertently used to represent CD44 expression in both MGC80-3 and AGS cells in Fig. 4D. The AGS CD44 bands have been replaced with the correct image in the latest online HTML and PDF versions of the article. The authors regret this error."
039-003-891-566-146,Long-term Follow-up of Clonal Evolutions of Myeloma Cells in the Bone Marrow,Yuko Shirouchi; Yuko Mishima; Yuji Mishima; Takanori Fukuta; Norihito Inoue; Takashi Okabe; Hideki Uryu; Yoshiharu Kusano; Noriko Nishimura; Masahiro Yokoyama; Yasuhito Terui,
039-045-968-135-826,"INTERFERON-GAMMA: An Overview of its Origin, Mechanisms, and Functions in Health and Disease",Enitome E. Bafor; Heekyong R. Bae; Julio C. Valencia; Howard A. Young,
039-590-670-199-978,"Cancer-Associated Venous Thromboembolic Disease, Version 2.2024, NCCN Clinical Practice Guidelines in Oncology.",Michael B Streiff; Bjorn Holmstrom; Dana Angelini; Aneel Ashrani; Tyler Buckner; Robert Diep; Kleber Yotsumoto Fertrin; Annemarie E Fogerty; Nicolas Gallastegui Crestani; Radhika Gangaraju; Cristhiam Rojas-Hernandez; Samuel Z Goldhaber; Ibrahim Ibrahim; Timothy Kubal; Andrew D Leavitt; Ming Lim; Janelle Mann; Simon Mantha; Colleen Morton; Alex Nester; Andrew O'Brien; Thomas L Ortel; Alexander Pine; Allyson Pishko; Mona Ranade; Amirali Salmasi; Jordan Schaefer; Eliot Williams; Geoffrey Wool; Theodore Wun; Sarah Montgomery; Jamie Nguyen; Deborah Freedman-Cass; Bailee Sliker,"The NCCN Guidelines for Cancer-Associated Venous Thromboembolic Disease provide strategies for the prevention, diagnosis, and treatment of venous thromboembolism (VTE) in adult patients with cancer. VTE is a common and life-threatening condition in patients with cancer, and its management often requires multidisciplinary efforts. The NCCN panel is comprised of specialists spanning various fields, including cardiology, hematology, medical oncology, internal medicine, interventional radiology, and pharmacology. The content featured in this issue specifically addresses the evaluation and recommended treatment options outlined in the NCCN Guidelines for the diverse subtypes of cancer-associated VTE."
040-101-956-564-139,"The Impact of Delayed Blood Centrifuging, Choice of Collection Tube, and Type of Assay on 25- Hydroxyvitamin D Concentrations",Chu Ling Yu; Roni T. Falk; Michael G. Kimlin; Preetha Rajaraman; Alice J. Sigurdson; Ronald L. Horst; L.M. Cosentino; M. Linet; DM Freedman,
040-107-042-646-59X,"Erratum for ""Cancer Risk According to Alcohol Consumption Trajectories: A Population-based Cohort Study of 2.8 Million Korean Men"" [J Epidemiol 33(12) (2023) 624-632].",Thi Tra Bui; Minji Han; Ngoc Minh Luu; Thi Phuong Thao Tran; Min Kyung Lim; Jin-Kyoung Oh,
040-223-702-733-778,Trends in cancer incidence in younger and older adults: an international comparative analysis,Amy Berrington de González; Martina Brayley; Rachael Frost; Neal D. Freedman; Marc J. Gunter; Inimfon Jackson; Patricia Lapitan; Meredith S. Shiels; Montserrat García‐Closas,"The Institute of Cancer Research, UK and the NIH Intramural Research Program."
040-334-079-902-606,Cancer and Cancer Care - Cancer in Context,Debbie Wyatt; Brooke Swash; Nicholas J. Hulbert-Williams,
040-446-359-089-505,Editor's Note: FoxM1 Inhibition Sensitizes Resistant Glioblastoma Cells to Temozolomide by Downregulating the Expression of DNA-Repair Gene Rad51.,Nu Zhang; Xinjian Wu; Lixuan Yang; Feizhe Xiao; Heng Zhang; Aidong Zhou; Zhengsong Huang; Suyun Huang,
040-770-671-636-280,Improving Population-Wide Collection of Stage at Diagnosis for Childhood Cancer: International Collaboration and Progress,Joanne F. Aitken; Danny R. Youlden; L.J. O'Neill; K.R. Ballantine; S. Cross; D. Nam; V.J. Thursfield; Peter D. Baade; A.S. Moore; P.C. Valery; A.C. Green; S. Gupta; A.L. Frazier,Background: There are huge international disparities in childhood cancer survival. The International Agency for Research on Cancer's Global Initiative for Cancer Registry Development has improved c...
040-949-956-514-762,"Discovery and validation of biomarkers to support clinical development of NXP800: A first-in-class orally active, small-molecule HSF1 pathway inhibitor",P. Workman; P.A. Clarke; R. Te Poele; M. Powers; G. Box; E. De Billy; A. De Haven Brandon; A. Hallsworth; A. Hayes; H. McCann; S. Sharp; M. Valenti; F.I. Raynaud; S.A. Eccles; M. Cheeseman; K. Jones,
041-003-468-758-257,CANCER OR CANCERS,Manwaring Wh,
041-171-373-472-208,P46-2 A case of cancer-associated dermatomyositis diagnosed after curative therapy for esophageal and oropharyngeal cancers,Chisaki Suzumori; Naoki Fukuda; Xiaofei Wang; Akihiro Ohmoto; Tetsuya Urasaki; Naomi Hayashi; Yasuyoshi Sato; Kenji Nakano; Mayu Yunokawa; Makiko Ono; Junichi Tomomatsu; Akira Seto; Toshiyuki Yoshio; Shunji Takahashi,
041-566-615-412-256,Differential effects of RAS mutations on chemoradiotherapy and total neoadjuvant therapy in locally advanced rectal cancer.,Erina Haraguchi; Takashi Akiyoshi; Tatsuki Noguchi; Takashi Sakamoto; Shimpei Matsui; Toshiki Mukai; Tomohiro Yamaguchi; Masamichi Koyama; Senzo Taguchi; Akiko Chino; Hiroshi Kawachi; Eiji Shinozaki; Kensei Yamaguchi,"Limited data are available on the impact of RAS mutations in patients with locally advanced rectal cancer treated with total neoadjuvant therapy (TNT). This retrospective study aimed to evaluate the effect of RAS mutations on treatment efficacy in 290 patients with locally advanced rectal cancer without distant metastasis, treated between 2015 and 2021 with neoadjuvant long-course chemoradiotherapy (CRT) with or without neoadjuvant systemic chemotherapy. RAS mutations were analyzed using pretreatment biopsy specimens. Associations between mutations and clinical outcomes were assessed separately in 146 patients who underwent conventional CRT and 144 patients who underwent TNT. RAS mutations were identified in 42.5% and 51.4% of the CRT and TNT groups, respectively. No significant association was observed in either group between RAS mutation and complete response (CR, defined as pathological CR or sustained clinical CR after non-operative management). However, in the multivariable analysis, RAS mutations were significantly associated with a high neoadjuvant rectal score and worse recurrence-free survival in the CRT group. Yet, no such associations were observed in the TNT group, suggesting that TNT may mitigate the adverse effects of RAS mutations. Although further prospective, multicenter studies are required, our data suggest that RAS mutations may predict poor responses and higher recurrence risk among patients with locally advanced rectal cancer, and that TNT may be the better treatment option for these patients."
041-811-605-865-098,Quality Control of Lung Cancer Screening by Chest Radiography in the Era of Digitization and Monitor Diagnoses -for Assurance of the Digital Image Quality-,Sumiko Maeda; Yuichiro Maruyama; Kiyoshi Murata; Takeshi Kobayashi; Kazuto Ashizawa; Tomio Nakayama; Chiaki Endo; Masami Sato; Kiyoshi Shibuya; Tomotaka Sobue; Kenji Nishii; Masao Harada; Hiroyuki Miura; Motoyasu Sagawa,
041-869-731-517-248,"O1-13-2Clinical characteristics and outcome of ovarian, fallopian tube and peritoneal-like cancer in cancer of unknown primary",Takahiro Ebata; Makoto Kodaira; Tatsunori Shimoi; Jun Hashimoto; Harukaze Yamamoto; Mayu Yunokawa; Kan Yonemori; Chikako Shimizu; Yasuhiro Fujiwara; Kenji Tamura,
042-137-378-484-504,PREOPERATIVE RADICAL CYSTECTOMY ERAS SCREENING AND EDUCATION – PATIENT REPORTED OUTCOMES,Hiroko Miyagi; Michael Poch; Katherine Letchworth; Junmin Whiting; Joshua Linscott; Mitchell Hayes; Shreyas U Naidu; Alice Yu; Logan Zemp; Philippe E Spiess; Scott M Gilbert; Brandon Manley; Wade Sexton; Roger Li,
042-256-853-048-309,"Supplementary Methods, Figure and Table Legends from Caveolin-1 (<i>CAV1</i>) Is a Target of EWS/FLI-1 and a Key Determinant of the Oncogenic Phenotype and Tumorigenicity of Ewing's Sarcoma Cells",Oscar M. Tirado; Silvia Mateo-Lozano; Joaquín Villar; Luis E. Dettin; Anna Llort; Soledad Gallego; Jozef Ban; Heinrich Kovar; Vicente Notario,"<jats:p>Supplementary Methods, Figure and Table Legends from Caveolin-1 (&lt;i&gt;CAV1&lt;/i&gt;) Is a Target of EWS/FLI-1 and a Key Determinant of the Oncogenic Phenotype and Tumorigenicity of Ewing's Sarcoma Cells</jats:p>"
042-289-021-350-696,A single BRCA2 BRC repeat supports viability while multiple repeats ensure resilience under stress,Arun Prakash Mishra; Sounak Sahu; Satheesh Kumar Sengodan; Gemma Moore; Swati Priya; Natasha Oberoi; Julie R Jensen; Eileen Southon; Melissa Galloux; Dylan Caulor; Teresa Sullivan; Sandra Burkett; Mary Albaugh; Parirokh P. Awasthi; Francesco Tomassoni Ardori; Lino Tessarollo; Ryan B. Jensen; Shyam K. Sharan,"BRC repeats are integral to BRCA2 function and mediate RAD51 loading during homologous recombination (HR). Their number varies across species, but mammals, including mice and humans, harbor eight repeats. Prior studies have suggested functional redundancy among these repeats, but the biological significance of maintaining multiple repeats remains unresolved. Here, we demonstrate that the presence of a single BRC repeat, either BRC2 or BRC4, is sufficient for mouse embryonic stem cell (mESC) viability, RAD51 loading, PARP inhibitor resistance and protection of stalled replication forks. Consistent with these findings, we show that knock-in mice with a single BRC repeat 2 or 4 are viable and exhibit normal growth and fertility. In contrast, embryonic fibroblasts from these mice display genomic instability and impaired RAD51 recruitment. Notably, this defect is rescued under low oxygen culture conditions, which mimics physoxic levels, whereas exposure to oxidative stress impairs RAD51 recruitment in mESCs harboring a single BRC repeat. Together, our findings indicate that while a single BRC repeat is sufficient under physiological conditions, the evolutionary retention of multiple BRC repeats likely ensures robust genome stability under extreme oxidative stress."
042-477-872-785-602,What are the limiting factors related to discontinuance of chemotherapy after failure of first-line S-1 plus CDDP in Japanese patients with advanced gastric cancer?,Yoshihito Ohhara; Keisho Chin; Mariko Ogura; Mitsukuni Suenaga; Eiji Shinozaki; Satoshi Matsusaka; Nobuyuki Mizunuma; Toshiharu Yamaguchi; Kiyohiko Hatake,"149 Background: Recently, it is suggested that second-line chemotherapy improved survival in advanced gastric cancer (AGC) and it is commonly performed in Japanese daily practice in these several y..."
042-739-747-174-623,Cancer Cytogenetics: Heim/Cancer - Cancer Cytogenetics: Heim/Cancer,Sverre Heim; Felix Mitelman,
042-856-933-894-133,The Effects of Glypican-3 Deficiency on Radiosensitivity in Liver Cancer Cells,J.Y. Chung; W. Lee; D. Nambiar; S. Fayn; P.L. Choyke; F.E. Escorcia,
042-987-307-884-122,Treatment of early prostate cancer using high dose rate brachytherapy in combination with external beam radiation,P. Gilson; A. Razek; A. Korba; S. Shah; P. Siami; B. Romick; B. Samm; T. Gadient; A. Sorensen; B. Smith; W. Fisher; D. Foertsch,
043-121-750-719-497,Supplementary Figures from Combined CD44- and CD25-Targeted Near-Infrared Photoimmunotherapy Selectively Kills Cancer and Regulatory T Cells in Syngeneic Mouse Cancer Models,Yasuhiro Maruoka; Aki Furusawa; Ryuhei Okada; Fuyuki Inagaki; Daiki Fujimura; Hiroaki Wakiyama; Takuya Kato; Tadanobu Nagaya; Peter L. Choyke; Hisataka Kobayashi,<jats:p>&lt;p&gt;Supplementary figures 1 and 2&lt;/p&gt;</jats:p>
043-324-472-255-433,canSAR: updated cancer research and drug discovery knowledgebase,Krishna C. Bulusu; Joseph E. Tym; Elizabeth A. Coker; Amanda C. Schierz; Bissan Al-Lazikani,"canSAR (http://cansar.icr.ac.uk) is a public integrative cancer-focused knowledgebase for the support of cancer translational research and drug discovery. Through the integration of biological, pharmacological, chemical, structural biology and protein network data, it provides a single information portal to answer complex multidisciplinary questions including--among many others--what is known about a protein, in which cancers is it expressed or mutated, and what chemical tools and cell line models can be used to experimentally probe its activity? What is known about a drug, its cellular sensitivity profile and what proteins is it known to bind that may explain unusual bioactivity? Here we describe major enhancements to canSAR including new data, improved search and browsing capabilities and new target, cancer cell line, protein family and 3D structure summaries and tools."
043-520-988-982-146,Correction: Chromatin Rewiring by Mismatch Repair Protein MSH2 Alters Cell Adhesion Pathways and Sensitivity to BET Inhibition in Gastric Cancer.,Amrita M Nargund; Chang Xu; Amit Mandoli; Atsushi Okabe; Gao Bin Chen; Kie Kyon Huang; Taotao Sheng; Xiaosai Yao; Jia Ming Nickolas Teo; Raghav Sundar; Yee Jiun Kok; Yi Xiang See; Manjie Xing; Zhimei Li; Chern Han Yong; Aparna Anand; Zul Fazreen Bin Adam Isa; Lai Fong Poon; Michelle Shu Wen Ng; Javier Yu Peng Koh; Wen Fong Ooi; Su Ting Tay; Xuewen Ong; Angie Lay Keng Tan; Duane T Smoot; Hassan Ashktorab; Heike I Grabsch; Melissa J Fullwood; Bin Tean Teh; Xuezhi Bi; Atsushi Kaneda; Shang Li; Patrick Tan,"In the original version of this article (1), Duane T. Smoot and Hassan Ashktorab are mistakenly omitted from the author list. This error has been corrected in the latest online HTML and PDF versions of the article and the author contributions and disclosures have been updated as necessary. The authors regret this error."
043-555-592-880-741,Cancer or No Cancer,Joshua M. Liao,"DOI: 10.1200/JCO.2013.49.8857 I stepped out of the hospital tower elevator and looked through the twelfth floor window. It had been pitch dark for more than 4 hours, and the fluorescent hallway light painted my reflection a sterile white. Beyond the glass, cars streamed through the narrow Boston streets. I rubbed my eyes and turned down the hallway to see Mr. Field. The room was dim when I entered, its darkness interrupted only by green flashes from a bedside pump. Mr. Field appeared as he usually did, his shock of white hair combed to one side and his body visibly large under his blankets. I could make out the shape of someone sleeping in the chair beyond his bed. A collection of cards and pictures adorned the windowsill at the far end of the room. I turned to leave, afraid I had disturbed their rest. As a sliver of light escaped into the room from the open door, however, Mr. Field lifted his head and turned towards me. “Josh?” His voice carried across the room in a steady, low timbre. “Yes,” I replied softly. “I’m sorry about coming while you’re resting. I can come back in the morning.” “No,” he insisted, elevating the head of his bed. “Stay.” He adjusted his pillows as I pulled a chair up beside his bed. “By the way,” he continued without prompting, pre-empting yet another check of his mental status, “it’s Thursday, and I’m at the hospital, and the Patriots should have beaten San Francisco last Sunday.” He flashed a thumbs-up, and his shoulders shook violently as he chuckled. Over the course of the preceding week, I had come to know Mr. Field and his family well. Initial evaluation of the weakness that resulted in his hospitalization had revealed spinal cord compromise from lymphoma, and after treatment for his neurological symptoms, he underwent chemotherapy for his new diagnosis. When I first met him, he was several weeks into post-treatment recovery but suffering from mental clouding, debilitating hiccups, and perplexing feet discoloration. Evaluations for concerning causes for these problems were unrevealing, but Mr. Field and his family remained understandably worried. As the intern responsible for Mr. Field’s care, I wanted to help address these concerns. Each day, after checking in on my other patients and transferring their care to the overnight physician, I made my way to the twelfth floor to see Mr. Field. At first, these visits were limited by his drowsiness and confusion; he knew his own name, but not his location or the time or date. At times, he struggled blatantly, his tongue wrestling to form words, his eyes searching the room’s whiteboard for help, his wife urging him on silently from the corner by mouthing the answers to herself. At other times, he memorized responses to expected questions, incorrectly giving answers about location when asked about time or name. In the first several days, his disappointment manifested in the form of tightly crossed arms, his frustration as white, clenched knuckles. I often circled back to speak with Mr. Field’s wife about her difficulties with his diagnosis. Leaving the hospital floor late each night, I privately wondered if I was helping at all. Thankfully, Mr. Field slowly improved. He was able to hold my gaze longer and answered questions with more certainty and speed. He struggled less with difficult questions, and many of his physical symptoms resolved. Most encouragingly, he began calling me by name and volunteering information about time, person, place, and sports outcomes to prove his orientation. Our evening visits grew longer, our conversations more enjoyable. He shared tall tales from his childhood as his wife playfully rolled her eyes in the corner. I shared stories about my family’s Taiwanese heritage, and he regaled me with his adventures on the island decades ago. We discussed current events and discovered common interests. Whenever he started pausing between sentences, his voice losing its low timbre, I knew it was time to let him rest. As I turned to go, he would reiterate a singular desire: to leave in time to spend Christmas at home, surrounded by loved ones and familiarity, his dog at his feet and the warmth of his fireplace against his face. He had to come back for more chemotherapy after Christmas, he would say, and didn’t know if he would live to see another Christmas. I would squeeze his shoulder firmly and say that I hoped he JOURNAL OF CLINICAL ONCOLOGY A R T O F O N C O L O G Y VOLUME 31 NUMBER 18 JUNE 2"
044-031-569-605-943,Correction: Immune Checkpoint Blockade in Combination with Stereotactic Body Radiotherapy in Patients with Metastatic Pancreatic Ductal Adenocarcinoma.,Changqing Xie; Austin G Duffy; Gagandeep Brar; Suzanne Fioravanti; Donna Mabry-Hrones; Melissa Walker; Cecilia Monge Bonilla; Bradford J Wood; Deborah E Citrin; Elizabeth M Gil Ramirez; Freddy E Escorcia; Bernadette Redd; Jonathan M Hernandez; Jeremy L Davis; Billel Gasmi; David Kleiner; Seth M Steinberg; Jennifer C Jones; Tim F Greten,"In the original version of this article (1), the graph lines were mislabeled in Fig. 2C and D. The graphs have been corrected in the latest online HTML and PDF versions of the article. The authors regret this error."
044-262-204-097-42X,Editor's Note: Cross-talk Signaling between HER3 and HPV16 E6 and E7 Mediates Resistance to PI3K Inhibitors in Head and Neck Cancer.,Toni M Brand; Stefan Hartmann; Neil E Bhola; Hua Li; Yan Zeng; Rachel A O'Keefe; Max V Ranall; Sourav Bandyopadhyay; Margaret Soucheray; Nevan J Krogan; Carolyn Kemp; Umamaheswar Duvvuri; Theresa LaVallee; Daniel E Johnson; Michelle A Ozbun; Julie E Bauman; Jennifer R Grandis,"The editors are publishing this note to alert readers to a concern about this article (1). An investigation into this article was performed by The University of California San Francisco's Office of Ethics and Compliance. In Fig. 1D, the same image was used for the AKT panel for SCC2 and SCC90 cells and the rpS6 panel for SCC152 and 93-Vu-147 cells. Also, the image provided for the p-AKT-S473 blot for HPV(+): PDX-1 in Fig. 1F is duplicated with the HER3 blot for HPV(+): PDX-1 in Fig. 3D. Because satisfactorily corrected figures with original data could not be provided, the editors are publishing this note to make readers aware of these concerns.Additional duplications were detected in Figs. 2C and 4E and Supplementary Fig. S3, and the authors provided original data pertaining to those panels. The Editors have therefore corrected those figures in the latest online HTML and PDF versions of the article and have addressed those issues in a separate Correction Notice (2)."
044-296-849-416-681,Correction: An Anti-GDNF Family Receptor Alpha 1 (GFRA1) Antibody-Drug Conjugate for the Treatment of Hormone Receptor-Positive Breast Cancer.,Sunil Bhakta; Lisa M Crocker; Yvonne Chen; Meredith Hazen; Melissa M Schutten; Dongwei Li; Coenraad Kuijl; Rachana Ohri; Fiona Zhong; Kirsten A Poon; Mary Ann T Go; Eric Cheng; Robert Piskol; Ron Firestein; Aimee Fourie-O'Donohue; Katherine R Kozak; Helga Raab; Jo-Anne Hongo; Deepak Sampath; Mark S Dennis; Richard H Scheller; Paul Polakis; Jagath R Junutula,"In the original version of this article (1), Fig. 4 was mistakenly replaced with a previous version when final materials were uploaded. Because of this error, Fig. 4A was a duplication of Fig. 3C. Figure 4 has been corrected to include the proper Fig. 4A. The error has been corrected in the latest online HTML and PDF versions of the article. The authors regret this error."
044-370-474-283-992,EV278/#780  Rationale and study design of the KOV-HIPEC-04: a phase III randomized controlled trial in primary stage three and four ovarian cancer after interval cytoreductive surgery (FOCUS),Myong Cheol Lim; Ji Hyun Kim; Boram Park; Jae Kyung Bae; Uisuk Kim; Junhwan Kim; Jung-Yun Kim; Benoit You; Sang-Yoon Park,
044-470-848-775-78X,Understanding the Nature of the Alloreactive T-cell Dysfunction Induced By Post-Transplantation Cyclophosphamide,Natalia S. Nunes; Rochelle E. Fletcher; Saurabh Kumar; Dongya Jia; Jing Bian; Thomas J. Meyer; Suresh K. Mendu; Shanzay M. Khan; Maggie Cam; Gregoire Altan-Bonnet; Christopher G. Kanakry,
044-754-849-465-77X,P3.12.54 Predicting Osimertinib-Induced Pneumonitis in EGFR-Mutated NSCLC Using Multi-Modal Machine Learning Model,K. Nibuya; R. Tsugitomi; S. Fujishima; M. Ito; H. Iso; M. Sugai; T. Nemoto; Y. Amino; R. Ariyasu; K. Uchibori; N. Yanagitani; M. Nishio,
045-016-165-746-96X,Trends in Participation Rates of the National Cancer Screening Program among Cancer Survivors in Korea,E Hwa Yun; Seri Hong; Eun Young Her; Bomi Park; Mina Suh; Kui Son Choi; Jae Kwan Jun,"The study aimed to describe the participation rates of the National Cancer Screening Program (NCSP) among cancer survivors in Korea. The NCSP protocol recommends that all Korean men and women should be screened for cancer. Cancer survivors were defined as those registered for any cancer in the Korea Central Cancer Registry by December 31 of the year prior to being included in the target population of the NCSP. In this study, the participation rates for the NCSP were calculated as the percentage of people who participated in four kinds of cancer screening programs, independently. The average annual percentage change was assessed. The participation rates of the general population and cancer survivors were higher than 40% in stomach, breast, and cervical cancer screening. These rates were higher than that of colorectal cancer screening in 2014. In addition, the participation rates in the NCSP in 2002-2014 increased for all cancer types. The NCSP participation rates of the cancer survivors indicate the high demand for cancer screening. Further research may investigate the effect of the NCSP on second cancer occurrence or mortality in cancer survivors and the significance of cancer screening guidelines for cancer survivors."
045-103-660-811-744,ALK and EGFR mutation analysis in a phase II trial of cisplatin/pemetrexed in Japanese patients with advanced nonsquamous non-small cell lung cancer.,Kyohei Kaburaki; Fumiyoshi Ohyanagi; Azusa Tanimoto; Toshio Sakatani; Yuko Kawano; Ryota Saito; Noriko Yanagitani; Keita Kudo; Atsushi Horiike; Sachiko Hagiwara; Noriko Motoi; Kengo Takeuchi; Yuichi Ishikawa; Takeshi Horai; Makoto Nishio,"e18017 Background: Recently, ethnic differences and genotypes such as EGFR mutation (EGFRm) or fusion gene (ALK translocation: ALKt) are important factors in non-small cell lung cancer (NSCLC) trea..."
045-146-770-816-917,SDF-1 and VEGF-C as potential circulating angiogenic biomarkers for bevacizumab in patients with metastatic colorectal cancer.,Mitsukuni Suenaga; Satoshi Matsusaka; Eiji Shinozaki; Mariko Ogura; Masato Ozaka; Izuma Nakayama; Takeru Wakatsuki; Keisho Chin; Nobuyuki Mizunuma; Toshiharu Yamaguchi,480 Background: Bevacizumab (BV) plus chemotherapy (chemo) has been shown to improve survival for metastatic colorectal cancer (mCRC). Stromal cell-derived factor-1 (SDF-1) is known as a ligand for...
045-286-611-784-465,Use of Breast Cancer Risk Factors to Identify Risk-Adapted Starting Age of Screening in China.,Yadi Zheng; Xuesi Dong; Jiang Li; Chao Qin; Yongjie Xu; Fei Wang; Wei Cao; Changfa Xia; Yiwen Yu; Liang Zhao; Zheng Wu; Zilin Luo; Wanqing Chen; Ni Li; Jie He,"<AbstractText Label=""Importance"">Although current guidelines highlight the need for earlier screening in women at increased risk of breast cancer in China, data on risk-adapted starting ages of screening are limited.</AbstractText>;           <AbstractText Label=""Objective"">To explore the risk-adapted starting age of breast cancer screening in China, with comprehensive consideration of breast cancer risk factors.</AbstractText>;           <AbstractText Label=""Design, Setting, and Participants"">A multicenter community-based cohort study was conducted under the framework of the Cancer Screening Program in Urban China. Data were collected from January 1, 2013, to December 31, 2018, for unscreened community-dwelling women aged 40 to 74 years without a history of cancer, kidney dysfunction, or severe heart, brain, or lung disease. Data analysis was performed from October 1, 2021, to August 16, 2022.</AbstractText>;           <AbstractText Label=""Exposures"">Baseline characteristics associated with breast cancer, including first-degree family history of breast cancer, benign breast disease, breastfeeding, age at menarche, and body mass index.</AbstractText>;           <AbstractText Label=""Main Outcomes and Measures"">Outcomes included breast cancer diagnosis and age at diagnosis. Risk-adapted starting age of screening was defined as the age at which women with different levels of breast cancer risk attained a 10-year cumulative risk level similar to women aged 50 years in the general population.</AbstractText>;           <AbstractText Label=""Results"">Of the 1 549 988 women enrolled in this study, 3895 had breast cancer (median follow-up, 4.47 [IQR, 3.16-6.35] years). Participants were divided into different risk groups according to breast cancer risk scores (driven by risk factors including first-degree family history of breast cancer, benign breast disease, breastfeeding, age at menarche, and body mass index). Using the 10-year cumulative risk of breast cancer at age 50 years in the general population as a benchmark (2.65% [95% CI, 2.50%-2.76%]), the optimal starting age of screening for women with high, medium, or low risk of breast cancer was identified as 43, 48, or after 55 years, respectively. An online calculator was developed to calculate an individual's optimal starting age of screening.</AbstractText>;           <AbstractText Label=""Conclusions and Relevance"">This study identifies the risk-adapted starting age of breast cancer screening based on the principle of equal management of equal risks, which may inform updates of current screening guidelines.</AbstractText>"
045-296-719-815-47X,Cancer. Lung cancer,Mhairi Donald,
045-405-931-035-403,Editor's Note: c-Myc Modulation and Acetylation Is a Key HDAC Inhibitor Target in Cancer.,Angela Nebbioso; Vincenzo Carafa; Mariarosaria Conte; Francesco Paolo Tambaro; Ciro Abbondanza; Joost Martens; Matthias Nees; Rosaria Benedetti; Isabella Pallavicini; Saverio Minucci; Guillermo Garcia-Manero; Francesco Iovino; Gabriella Lania; Concetta Ingenito; Valeria Belsito Petrizzi; Hendrik G Stunnenberg; Lucia Altucci,
045-566-847-880-329,Correction: KRAS Inhibitor Resistance in MET-Amplified KRAS G12C Non-Small Cell Lung Cancer Induced By RAS- and Non-RAS-Mediated Cell Signaling Mechanisms.,Shinichiro Suzuki; Kimio Yonesaka; Takeshi Teramura; Toshiyuki Takehara; Ryoji Kato; Hitomi Sakai; Koji Haratani; Junko Tanizaki; Hisato Kawakami; Hidetoshi Hayashi; Kazuko Sakai; Kazuto Nishio; Kazuhiko Nakagawa,"In the original version of this article (1), the ""Crizotinib"" label in Fig. 4F is incorrect; the label should be ""Selumetinib"". The error has been corrected in the latest online HTML and PDF versions of the article. The publisher regrets the error."
045-652-485-065-829,Metastases of cancer to cancer.,Lewis V. Campbell; Enid F. Gilbert; C. Richard Chamberlain; Alvin L. Watne,"An unusual case of metastasis of cancer to cancer is reported. The initial malignancy, an adenocarcinoma of the kidney (hypernephroma), was found to have widespread metastases involving the lungs, liver, spleen, left adrenal gland, stomach and small intestine. A primary undifferentiated bronchogenic carcinoma originating in the right mainstem bronchus also existed with widespread metastases to the mediastinal lymph nodes, left lung, liver and left kidney with secondary deposits within the sites of the metastatic hypernephroma. A review of the literature is presented and indicates that in most of the reported cases an instance in which both malignancies display widespread metastases is exceedingly rare as is the occurrence of metastases to the metastases, as most situations involve metastasis to the second primary tumor."
045-952-851-988-426,Treatment Paradigm for Cervical Esophageal Cancer: Now and Then.,Simiao Lu; Yongtao Han; Xuefeng Leng,
046-033-311-924-615,sLe x expression in invasive micropapillary breast carcinoma is associated with poor prognosis and can be combined with MUC1/EMA as a supplementary diagnostic indicator.,Yawen Song; Hui Sun; Kailiang Wu; Jianke Lyu; Jingyue Zhang; Feng Gu; Yongjie Ma; Beibei Shen; Chijuan Wang; Xiaojiao Chen; Jing Xu; Weidong Li; Fangfang Liu; Li Fu,"Objective: Mucin 1 (MUC1/EMA) and sialyl Lewis X (sLex) indicate polarity reversal in invasive micropapillary carcinoma (IMPC).The purpose of this study was to evaluate the expression of MUC1/EMA and sLex and to assess their diagnostic and prognostic valuein patients with IMPC. Methods: The expression of sLex and MUC1/EMA in 100 patients with IMPC and a control group of 89 patients with invasive ductalcarcinoma not otherwise specified (IDC-NOS) were analyzed with IHC. Fresh tumor tissues were collected from patients with IMPCor IDC-NOS for primary culture and immunofluorescence analysis. Results: The rate of nodal metastasis was higher in patients with IMPC than those with IDC-NOS, and IMPC cells tended to expressmore sLex and MUC1/EMA in the cytomembranes (the stroma-facing surfaces of the micropapillary clusters) than IDC-NOS cells.In IMPC, high cytomembrane expression of sLex, but not MUC1/EMA, indicated poor prognosis. In addition, among the 100patients with IMPC, 10 patients had sLex+/EMA- expression patterns, and 8 patients had sLex-/EMA+ expression patterns. Theprimary IMPC cells were suspended, non-adherent tumor cell clusters, whereas the primary IDC cells were adherent tumor cells.Immunofluorescence analysis showed that MUC1/EMA and sLex were co-expressed on the cytomembranes in IMPC cell clusters andin the cytoplasm in IDC-NOS cells. Conclusions: sLex can be used as a prognostic indicator and can be combined with MUC1/EMA as a complementary diagnosticindicator to avoid missed IMPC diagnosis."
046-167-562-101-991,"Retraction: Mechanisms by which SGN-40, a Humanized Anti-CD40 Antibody, Induces Cytotoxicity in Human Multiple Myeloma Cells: Clinical Implications.",Yu-Tzu Tai; Laurence P Catley; Constantine S Mitsiades; Renate Burger; Klaus Podar; Reshma Shringpaure; Teru Hideshima; Dharminder Chauhan; Makoto Hamasaki; Kenji Ishitsuka; Paul Richardson; Steven P Treon; Nikhil C Munshi; Kenneth C Anderson,"This article (1) has been retracted at the request of the authors.There are concerns about the reliability of certain data arising from errors in the assembly of Fig. 2. In Fig. 2A, the same image was used in lanes 2-5 to represent lkBa in cells treated with SGN-40 and in lanes 1-4 to represent lkBa in cells treated with sCD40L.In Fig. 2B, the same image was used in lanes 2 and 5 to represent pAKT in distinct samples and treatment conditions."
046-433-664-752-997,"Correction: sFRP2 Supersedes VEGF as an Age-related Driver of Angiogenesis in Melanoma, Affecting Response to Anti-VEGF Therapy in Older Patients.",Mitchell E Fane; Brett L Ecker; Amanpreet Kaur; Gloria E Marino; Gretchen M Alicea; Stephen M Douglass; Yash Chhabra; Marie R Webster; Andrea Marshall; Richard Colling; Olivia Espinosa; Nicholas Coupe; Neera Maroo; Leticia Campo; Mark R Middleton; Pippa Corrie; Xiaowei Xu; Giorgos C Karakousis; Ashani T Weeraratna,"In the original version of this article (1), Supplementary Fig. S4 was incorrect. The CD105 stain used to represent rsFRP2 + alpha-VEGF for Mouse 1 was also used for Mouse 2. The authors provided the correct stain for Mouse 2 and an additional stain for Mouse 3. Supplementary Fig. S4 has been replaced with a corrected version in the latest online HTML version of the article. The authors regret the error."
046-741-184-828-942,The Chemical Probes Portal: an enhanced public resource providing expert advice on chemical tools for cancer research,D. Sanfelice; A. Antolin; A. Crisp; E. Villasclaras-Fernandez; I. Mica; Y. Chen; S. Müller-Knapp; I. Collins; B. Al-Lazikani; A.M. Edwards; P. Workman,
046-905-397-010-157,Neoadjuvant chemotherapy using gemcitabine and nab-paclitaxel combination therapy for the treatment of borderline resectable pancreatic cancer,Takashi Sasaki; Yosuke Inoue; Ryo Kanata; Kei Saito; Ikuhiro Yamada; Masato Matsuyama; Masato Ozaka; Kouichi Takano; Yoshihiro Mise; Takeaki Ishizawa; Yu Takahashi; Yutaka Takazawa; Akio Saiura; Naoki Sasahira,
047-220-879-506-168,IDENTIFICATION OF TUMOUR ANTIGENS THAT MAY FACILITATE EFFECTIVE CANCER DETECTION AND TREATMENT,Eithar Mohamed,"Antigens expression in both normal tissues and main cancers incldue ('breast cancer', 'glioma', 'lymphoma', 'prostate cancer', 'carcinoid', 'cervical cancer', 'head and neck cancer', 'ovarian cancer', 'stomach cancer', 'liver cancer', 'pancreatic cancer',<br> 'testis cancer', 'colorectal cancer', 'lung cancer', 'thyroid cancer', 'endometrial cancer',<br> 'renal cancer', 'urothelial cancer', 'melanoma', 'skin cancer')"
047-361-954-809-919,Publisher Correction: Neoantigen-specific tumor-infiltrating lymphocytes in gastrointestinal cancers: a phase 2 trial.,Frank J Lowery; Stephanie L Goff; Billel Gasmi; Maria R Parkhurst; Nivedita M Ratnam; Hyunmi K Halas; Thomas E Shelton; Michelle M Langhan; Aarushi Bhasin; Aaron J Dinerman; Victoria Dulemba; Ian S Goldlust; Alexandra M Gustafson; Abraham A Hakim; Kyle J Hitscherich; Lisa M Kenney; Lior Levy; Juliette G Rault-Wang; Alakesh Bera; Satyajit Ray; Courtney D Seavey; Chuong D Hoang; Jonathan M Hernandez; Jared J Gartner; Sivasish Sindiri; Todd D Prickett; Lori S McIntyre; Sri Krishna; Paul F Robbins; Nicholas D Klemen; Mei Li M Kwong; James C Yang; Steven A Rosenberg,
047-441-739-584-366,Reply: Intrathoracic versus cervical anastomosis in esophagectomy: The analyses for middle and lower thoracic esophageal squamous cell carcinoma.,Kexun Li; Simiao Lu; Lin Peng; Xuefeng Leng,
047-517-463-077-23X,"Aneuploid circulating tumor endothelial cells (CTECs) affect the detection of CTC, but they are fundamentally different",Yuanyuan Lei; Guochao Zhang; Chengming Liu; Zhiliang Lu; Jianbing Huang; Chaoqi Zhang; Ruochuan Zang; Yun Che; Shuangshuang Mao; Lingling Fang; Xinfeng Wang; Sufei Zheng; Nan Sun; Jie He,"<jats:title>Abstract</jats:title>;         <jats:p>Background; ; Aneuploidy is an important criterion for tumor cell identification. Like CTCs (circulating tumor cells), many CTECs (circulating tumor endothelial cells) have chromosomal aneuploidy. Affected by tumor microenvironment and detection method, the only identification index CD31 may not be comprehensive enough, which greatly affects the accuracy of CTCs detection.; Methods; ; Here, we explored the number distribution, expression of surface tumor markers and chromosome ploidy differences of aneuploid CTECs and CTCs in a total of 98 peripheral blood from normal volunteers, benign nodules and lung cancer patients, trying to find the differences between the two and the clinical significance of CTEC.; Results; ; We found that CTCs were mainly dominated by triploid and hyperploid (pentaploid or above), The former was mainly small CTCs, and the latter was mainly large CTCs. While the aneuploid CTECs were mostly large tetraploid cells. Combined detection of total CTC and CTEC numbers helped identify benign and malignant nodules. Furthermore, tetraploid CTC and CTEC had more obvious advantages than other ploids in identifying benign and malignant nodules.; Conclusions; ; Our findings indicated that the traditional method of distinguishing tumor and non-tumor cells by aneuploidy was not accurate. The presence of aneuploidy CTECs greatly interfered with the detection of CTCs, but they were different form CTC in cell size, chromosome ploidy distribution and had certain clinical significance. Combining CTC and CTEC had better diagnostic advantages</jats:p>"
047-818-051-993-505,kaapana/kaapana: v0.6.0,null Ünal Akünal; null Philipp Schader; null Hanno Gao; null Lorenz Feineis; null Mikulas Bankovic; null Theo Stempel-Hauburger; null Julian Ziegler; null Stefan Denner; null Benjamin Hamm; null Markus Bujotzek; null Maximilian Fischer; null Peter Neher; null Ralf Floca; null Marco Nolden; null Klaus Maier-Hein,Kaapana release v0.6.0
048-060-307-527-349,"NCCN Guidelines® Insights: Breast Cancer, Version 4.2023.",William J Gradishar; Meena S Moran; Jame Abraham; Vandana Abramson; Rebecca Aft; Doreen Agnese; Kimberly H Allison; Bethany Anderson; Harold J Burstein; Helen Chew; Chau Dang; Anthony D Elias; Sharon H Giordano; Matthew P Goetz; Lori J Goldstein; Sara A Hurvitz; Rachel C Jankowitz; Sara H Javid; Jairam Krishnamurthy; A Marilyn Leitch; Janice Lyons; Joanne Mortimer; Sameer A Patel; Lori J Pierce; Laura H Rosenberger; Hope S Rugo; Bryan Schneider; Mary Lou Smith; Hatem Soliman; Erica M Stringer-Reasor; Melinda L Telli; Mei Wei; Kari B Wisinski; Jessica S Young; Kay Yeung; Mary A Dwyer; Rashmi Kumar,"The NCCN Clinical Practice Guidelines in Oncology (NCCN Guidelines) for Breast Cancer address all aspects of management for breast cancer. The treatment landscape of metastatic breast cancer is evolving constantly. The therapeutic strategy takes into consideration tumor biology, biomarkers, and other clinical factors. Due to the growing number of treatment options, if one option fails, there is usually another line of therapy available, providing meaningful improvements in survival. This NCCN Guidelines Insights report focuses on recent updates specific to systemic therapy recommendations for patients with stage IV (M1) disease."
048-083-717-774-133,Correction: DNAJB1-PRKACA Fusion Drives Fibrolamellar Liver Cancer through Impaired SIK Signaling and CRTC2/p300-Mediated Transcriptional Reprogramming.,Ilaria Gritti; Jinkai Wan; Vajira Weeresekara; Joel M Vaz; Giuseppe Tarantino; Tenna Holgersen Bryde; Vindhya Vijay; Ashwin V Kammula; Prabhat Kattel; Songli Zhu; Phuong Vu; Marina Chan; Meng-Ju Wu; John D Gordan; Krushna C Patra; Vanessa S Silveira; Robert T Manguso; Marc N Wein; Christopher J Ott; Jun Qi; David Liu; Kei Sakamoto; Taranjit S Gujral; Nabeel Bardeesy,"In the original version of this article (1), the vinculin blot in Fig. 1C was inadvertently replaced with the incorrect blot"
048-090-246-877-851,Phase II trial of bevacizumab plus docetaxel in patients with previously treated nonsquamous non-small cell lung cancer.,Fumiyoshi Ohyanagi; Azusa Tanimoto; Toshio Sakatani; Yuko Kawano; Ryota Saito; Kyohei Kaburaki; Noriko Yanagitani; Keita Kudo; Atsushi Horiike; Sachiko Hagiwara; Takeshi Horai; Makoto Nishio,"e18004 Background: The additional effects of bevacizumab (B) as first line chemotherapy for non-squamous (Nsq) non-small cell lung cancer (NSCLC) have been established. However, the efficacy of bev..."
048-097-060-257-71X,Bcl-2 as a Predictive Factor for Biochemical Recurrence after Radical Prostatectomy: An Interim Analysis,In-Chang Cho; Han Soo Chung; Kang Su Cho; Jeong Eun Kim; Jae Young Joung; Ho Kyung Seo; Jinsoo Chung; Weon Seo Park; Eun Kyung Hong; Kang Hyun Lee,Purpose; The objective of this study was to determine Bcl-2 expression in localized prostate cancer and its potential role as a predictive factor for biochemical recurrence (BCR).
048-376-635-167-160,Cancer-before-cancer,Sara Marie Hebsgaard Offersen; Mette Bech Risør; Peter Vedsted; Rikke Sand Andersen,"<jats:p>Approaching the presence of cancer in everyday life in terms of mythologies, the article examines what cancer is and how cancer-related potentialities are enacted and embodied in the context of contemporary regimes of anticipation. Based on ethnographic fieldwork in a suburban Danish middle-class community among people who were not immediately afflicted by cancer, we describe different and paradoxical cancer mythologies and show how they provide multiple ways of understanding, anticipating, and dealing with cancer in everyday life. Special attention is paid to the relation between biomedically informed notions of symptoms and bodily processes, and a ghostly and muted presence of cancer, particularly when people are faced with more tangible cancer worries. We explore how contemporary cancer disease-control strategies emphasising ‘symptom awareness’ interweave with and add to cancer mythologies. We suggest that these strategies also carry moral significance as directives (be aware of early signs of cancer and seek care in time), and create an unintended illusion of certainty that does not correspond with everyday embodied forms of uncertainty and ambiguity. We argue that paying attention to the continuous cultural configurations of cancer that exist ‘before cancer’ will increase understanding of how the public health construction of ‘cancer awareness’ relates to everyday health practices such as symptom experience and health care seeking.</jats:p>"
048-437-868-016-714,REMOVED: The Pharmacokinetics and Pharmacodynamics of Distally-Timed Eatg in Allogeneic Hematopoietic Cell Transplantation Conditioning,Kamil A. Rechache; Natalia S. Nunes; Xingmin Feng; Francis A Flomerfelt; William Telford; Brian Dawson; Thomas E. Hughes; Syed Muhammad Salman Shah; Jennifer Sponaugle; Amy Chai; Jessenia Campos; Mustafa A. Hyder; Dimana Dimitrova; Christopher G. Kanakry; Jennifer A. Kanakry,
048-604-525-135-506,Low absolute peripheral blood CD4+ T-cell count predicts poor prognosis in R-CHOP-treated patients with diffuse large B-cell lymphoma.,Y Kusano; M Yokoyama; Y Terui; N Nishimura; Y Mishima; K Ueda; N Tsuyama; H Yamauchi; A Takahashi; N Inoue; K Takeuchi; K Hatake,"Correction to: Blood Cancer Journal (2017) 7, e558; doi:10.1038/bcj.2017.37; published online 21 April 2017 Following the online publication of this article, the authors noted an error in the author names: Dr Yamauchi’s name was incorrectly spelled as Y Hirofumi. The complete and correct names and affiliations are: Y Kusano,1 M Yokoyama,1 Y Terui,1 N Nishimura,1 Y Mishima,1 K Ueda,1 N Tsuyama,2 H Yamauchi,1 A Takahashi,1 N Inoue,1 K Takeuchi,2,3 and K Hatake1"
048-716-686-260-208,Brain metastases in patients treated with targeted therapy for metastatic renal cell carcinoma (mRCC).,H. Alharbi; Toni K. Choueiri; Christian K. Kollmannsberger; Scott North; Mary J. MacKenzie; Jennifer J. Knox; B. I. Rini; D. Y. Heng,326 Background: Patients with brain metastases from advanced RCC treated in the targeted therapy era are not well characterized. Methods: Data from patients with mRCC treated with targeted therapy ...
048-778-841-014-335,Burden of liver cancer: From epidemiology to prevention.,Qianru Li; Maomao Cao; Lin Lei; Fan Yang; He Li; Xinxin Yan; Siyi He; Shaoli Zhang; Yi Teng; Changfa Xia; Wanqing Chen,"In this review, we offer a concise overview of liver cancer epidemiology in China and worldwide from the official databases of GLOBOCAN 2020 and the National Cancer Registry in China. We also summarized the evidence for the main risk factors associated with liver cancer risk and discuss strategies implemented in China to control the liver cancer burden. Overall, liver cancer was the sixth most commonly diagnosed cancer and the third leading cause of cancer-related death worldwide in 2020. Although China contributed to nearly half of cases across the world alone, the incidence and mortality rates of liver cancer presented a declining trend owing to the persistent efforts from the governments at all levels. The current liver cancer burden in China still faces an arduous challenge due to the relatively large population base as well as the substantially low survival rate (12.1%). To better control the liver cancer burden with the lowest cost, specific measures should be conducted by reducing exposure to established risk factors such as hepatitis B infection and aflatoxin. The promotion of surveillance is also an important method to prolong the survival of liver cancer. This review will provide basic information for future direction on the control of liver cancer burden."
048-818-078-466-269,INTEGRATIVE GENOMIC ANALYSIS IDENTIFIES KEY PATHOGENIC CONCEPTS IN PRIMARY MEDIASTINAL LARGE B‐CELL LYMPHOMA,Anja Mottok; Stacy Hung; Elizabeth A. Chavez; Bruce Woolcock; Adele Telenius; L.C. Chong; Barbara Meissner; H. Nakamura; Randy D. Gascoyne; Jean M. Connors; S. Ben Neriah; Andrew J. Mungall; Marco A. Marra; Reiner Siebert; David Scott; Kerry J. Savage; C. Steidl,
048-828-639-832-329,Randomized controlled trial comparing docetaxel (D)-cisplatin (P) combination with D alone in elderly patients (pts) with advanced non-small cell lung cancer (NSCLC): JCOG0207,H. Tsukada; A. Yokoyama; Yutaka Nishiwaki; Tetsu Shinkai; Masao Harada; Masahiko Ando; Taro Shibata; Yuichiro Ohe; Tomoki Tamura; Nagahiro Saijo,7629 Background: Platinum-based chemotherapy is currently recommended as the standard approach for pts with advanced NSCLC. However prospective clinical trials specifically designed for elderly pts...
048-883-498-442-336,Cancer and Cancer Care - Cancer Detection and Diagnosis,Daniel Seddon; Paul Mackenzie,
049-065-340-464-06X,Soluble PD-L1 as a prognostic factor in advanced acral and mucosal melanoma,Xizhang Wang; Chuanliang Cui; J. Yu; Yan Kong; Lu Si; Zhihong Chi; Xinan Sheng; Lili Mao; Bin Lian; Bi Xia Tang; Xieqiao Yan; Jun Guo,
049-421-577-945-361,The Hippo/YAP signaling pathway: the driver of cancer metastasis.,Tianxing Zhou; Xueyang Li; Jing Liu; Jihui Hao,"Despite major improvements in cancer survival, metastasis is responsible for almost 90% of cancer-related mortality[1][1],[2][2]. Nonetheless, the pathogenesis and molecular mechanisms of cancer metastasis remain poorly understood. Metastasis is the culmination of a complicated series of events"
049-547-328-177-713,JAMS - A framework for the taxonomic and functional exploration of microbiological genomic data.,John A McCulloch; Jonathan H Badger; Nikki Cannon; Richard R Rodrigues; Michael Valencia; Jennifer J Barb; Miriam R Fernandes; Ascharya Balaji; Lisa Crowson; Colm O'hUigin; Amiran Dzutsev; Giorgio Trinchieri,"Shotgun microbiome sequencing analysis presents several challenges to accurately and consistently depict sample composition and functional potential. Here we present a two-part framework - JAMS (Just a Microbiology System) - whereby with raw fastq files and metadata as input, meaningful analysis within a sample and between a sample can be performed with ease for either shotgun or 16S sequences. JAMS is the first package to provide seamless deconvolution of functions into their taxonomic contributors. We validated our JAMS framework on two human gut shotgun metagenome test datasets against the popular tool MetaPhlAn 4. We further demonstrate the application of the JAMS package, particularly the plotting functions, on a mouse shotgun dataset."
049-899-503-889-558,Knowledge attitude and practices in febrile neutropenia among nurses at a tertiary care cancer centre,Vineetha Raghavan; Nandini Devi; Abhilash Menon; P.K. Shenoy; T.K. Jithin; K.G. Gopakumar; Manuprasad Avaronnan; Jeny Elizabeth George; null Sajitha; Chandran K. Nair,
050-018-418-609-34X,"Cancer Statistics in Korea: Incidence, Mortality, Survival and Prevalence in 2010",Kyu-Won Jung; Young-Joo Won; Hyun Joo Kong; Chang-Mo Oh; Hong Gwan Seo; Jin Soo Lee,"Purpose; This article gives an overview of nationwide cancer statistics, including incidence, mortality, survival and prevalence, and their trends in Korea based on 2010 cancer incidence data."
050-110-504-145-977,"NCI10329: Phase Ib Sequential Trial of Agents against DNA Repair (STAR) Study to investigate the sequential combination of the Poly (ADP-Ribose) Polymerase inhibitor (PARPi) olaparib (ola) and WEE1 inhibitor (WEE1i) adavosertib (ada) in patients (pts) with DNA Damage Response (DDR)-aberrant advanced tumors, enriched for BRCA1/2 mutated and CCNE1 amplified cancers",T.A. Yap; N. Ngoi; E.E. Dumbrava; D.D. Karp; J. Rodon Ahnert; S. Fu; D.S. Hong; A. Naing; S. Pant; S.A. Piha-Paul; V. Subbiah; A.M. Tsimberidou; D. Dufner; J. Rhudy; S. Gore; S.P. Ivy; Y. Yuan; S.N. Westin; G.B. Mills; F. Meric-Bernstam,
050-292-431-439-623,Recognition of observer effect is required for rigor and reproducibility of preclinical animal studies.,Chi-Ping Day; Eva Pérez-Guijarro; Amélie Lopès; Romina S Goldszmid; Meera Murgai; Lalage Wakefield; Glenn Merlino,
050-363-058-010-583,Clarifying the misinterpretation of case-fatality rate as mortality in thyroid cancer studies.,Kyu-Won Jung; Eun Hye Park; Mee Joo Kang,
050-377-562-361-785,In Reply:,William F. Anderson; Kenneth C. Chu; Shine Chang,
050-380-478-099-996,Oncology: An Illustrated Colour Text,Orla McArdle; Deirdre O'Mahony,The Oncology patient . History and clinical examination . Investigations . Staging and survival statistics Therapeutic options . Chemotherapy . Radiotherapy . Targeted therapy . Surgical oncology Breast Cancer . Breast cancer . Carcinoma in situ and early breast cancer . Locally advanced breast cancer (LABC)and inflammatory breast cancer (IBC) Lung cancer . Lung cancer . Non-small cell lung cancer . Small cell lung cancer . Mesothelioma Gastrointestinal cancers . Colorectal cancer . Gastric cancer . Oesophageal cancer . Anal canal cancer . Hepatobiliary malignancies Gynaecological cancers . Cervical cancer . Uterine cancer . Ovarian cancer . Lower tract gynaecological cancers . Gestational trophoblastic disease Genitourinary cancers . Kidney cancer . Prostate cancer . Testisticular cancer . Other genitourinary cancers Head and neck cancer . Head and neck cancer 1 . Head and neck cancer 2 . Head and neck cancer 3 Haematological cancer . Acute leukaemia . Chronic leukaemia . Plasma cell dyscrasias . Non-Hodgkin's lymphoma (NHL) . Hodgkin's lymphoma (HL) Malignancy in childhood . Paediatric oncology . Primary central nervous system malignancy in children . Neuroblastoma and rhabdomyosarcoma Other sites . Skin cancers . Endocrine cancer . Primary central nervous system cancer in adults . Primary bone cancer . Carcinoma of unknown primary (CUP) Oncological emergencies . Neutropenic sepsis . Spinal cord compression . Superior vena cava obstruction . Metabolic emergencies Palliative care . Pain management . Specific metatastic conditions . End of life issues Other topics . Cancer genetics . Late effects of treatment . Pregnancy and cancer . Paraneoplastic syndromes . Immunosuppression and malignancy . Clinical trials . Cancer screening Additional reading and sources of information Glossary Subject index
050-837-779-522-716,Correction: Macrophage Exclusion after Radiation Therapy (MERT): A First-in-Human Phase I/II Trial using a CXCR4 Inhibitor in Glioblastoma.,Reena P Thomas; Seema Nagpal; Michael Iv; Scott G Soltys; Sophie Bertrand; Judith S Pelpola; Robyn Ball; Jaden Yang; Vandana Sundaram; Sophia B Chernikova; Jonathan Lavezo; Donald Born; Hannes Vogel; J Martin Brown; Lawrence D Recht,"In the original version of this article (1), author Sophia B. Chernikova is mistakenly omitted from the author list. The error has been corrected in the latest online HTML and PDF versions of the article and the author contributions and disclosures have been updated as necessary. The authors regret the error."
050-933-431-868-484,EP.12A.30 Landscape of EGFR Mutations and Real-World Experience of Therapeutic Interventions - A Community Oncology Study,K. Jobanputra; V. Maniar; U. Maheshwari; D. Morzaria; A. Joshi; P. Kalaskar; K. Joshi; M. Randive; M. Mekha; N. Bayas; P. Kendre; S. Dhande; A. Shivchhand; C. Pethe; D. Pal; K. Chaudhari,
051-097-113-770-41X,ARTICLE,Lucicleide Maria de Oliveira Fernandes; Elspeth Guthrie; Stephen Palmer; Bruce Y. Tung; Mary J. Emond; Mary P. Bronner; Stuart Raaka; Scott J. Cotler; Kris V. Kowdley; J.-H Kao; P.-J Chen; D. Hüster; Michael Hoppert; С. В. Луценко; Jan Zinke; Claudia Lehmann; J Mo ̈ssner; Frieder Berr; K Caca; Karin Weißenborn; Uwe J.F. Tietge; Martin Bokemeyer; Bahram Mohammadi; Ulrike Bode; Michael P. Manns; M Caselitz; K. Promrat; David H. McDermott; Camilo González; David E. Kleiner; Deloris E. Koziol; Matthew Lessie; Maya N. Merrell; Alejandro Soza; Theo Heller; Marc G. Ghany; Y Park; Harrison Alter; Jay H. Hoofnagle; Paula Murphy; Tiebing Liang; Etsuko Osawa; Akihiro Nakajima; Koichiro Wada; S Ishimine; Nobutaka Fujisawa; Toshihiko Kawamori; Naoki Matsuhashi; Tadashi Kadowaki; Masako Ochiai; H Sekihara; Hitoshi Nakagama; Roberto Berni Canani; Plinio Cirillo; G. Mallardo; Vittoria Buccigrossi; Agnese Secondo; Lucio Annunziato; Eugenia Bruzzese; F. Albano; Francesco Selvaggi; Alfredo Guarino; Beverley A. Moore; Leo E. Otterbein; Anran Tu; A. Choi; Anton J. Bauer; Shaoguang Wu; Pierre Morin; Djik Maouyo; Cynthia L. Sears; J Chen; Qian Liu; Hongjiao Ouyang; Jun Yin; T Totsuka; Takanori Kanai∥; R Iiyama; Koji Uraushihara; M Yamazaki; Ryuichi Okamoto; Toshihumi Hibi; Katsunari Tezuka; Miyuki Azuma; Hisaya Akiba; Hideo Yagita∥; Ko Okumura; M Watanabe; Hiroko Nagata; Masaaki Ito; Jie Cai; A. C. Edge; Jeffrey A. Platt; Ira J. Fox; H. Wege; Huy Viet Le; Lin‐Bo Chui; Junhao Liu; Raymond Wu; H Giri; B Malhi; V Sappal; Sendhil Muthu Kumaran; Mahabir P. Gupta; Yuji Iimuro; Toshiji Nishio; Tetsuya Morimoto; Takashi Nitta; Branko Stefanovic; Seunghyuk Choi; David A. Brenner; Yoshio Yamaoka; Hitoshi Ikeda; Hiroaki Satoh; M. Yanase; Yukiko Inoue; Tomoaki Tomiya; Masahiro Arai; Kazuaki Tejima; Kayo Nagashima; Hiromi Maekawa; Naohisa Yahagi; Yutaka Yatomi; S. Sakurada; Yoh Takuwa; I Ogata; Satoshi Kimura; Kenji Fujiwara; Nadine Bruneau; M Bendayan; Diane Gingras; Lucian Ghitescu; Elliot Levy; Dominique Lombardo; J.-L Frossard; Laura Rubbia‐Brandt; Matthew A. Wallig; M. Benathan; Thomas Ott; Philippe Morel; A Hadengue; S. Suter; Klaus Willecke; Marc Chanson; J.-S Kim; Ting Qian; John J. Lemasters; A. Caligiuri; Raffaella De Franco; Roberto Giulio Romanelli; Alessandra Gentilini; M. Meucci; Paola Failli; Luca Mazzetti; Krista Rombouts; Albert Geerts; M Vanasia; Paolo Geñtilini; Fabio Marra; Massimo Pinzani; D Bonen; Jang‐Cheon Cho; Giancarlo Caletti; T. Togliani; Pietro Fusaroli; Elena Sabattini; Edna Khodadadian; Barbara Gamberi; Marco Gobbi; Stefano Pileri; Sidney J. Winawer; Robert H. Fletcher; Douglas K. Rex; John H. Bond; Randall W. Burt; Joseph T. Ferrucci; S Multisociety; S Multisociety,
051-224-757-025-641,"PLX4032, a highly selective V600EBRAF kinase inhibitor: Clinical correlation of activity with pharmacokinetic and pharmacodynamic parameters in a phase I trial",I. Puzanov; K. L. Nathanson; Paul B. Chapman; Xiaowei Xu; J. A. Sosman; Grant A. McArthur; A. Ribas; K. B. Kim; Joseph F. Grippo; Keith T. Flaherty,"9021 Background: PLX4032 is an oral, highly selective inhibitor of oncogenic V600EBRAF kinase currently in phase I trial. V600EBRAF mutation activates Raf/MEK/ERK pathway in multiple tumor types. W..."
051-261-880-239-920,How to design next-generation of antibody-drug conjugates for cancer treatment: Lessons from unsuccessful clinical trials.,Aiwen Jian; Guo Zhao; Jiawei Zhou; Shuhang Wang; Ning Li,
051-804-186-762-293,Cancer Incidence and Mortality in Zhejiang Provincial Cancer Registries in 2010,LI Hui-zhan,"[Purpose] To investigate the cancer incidence and mortality in Zhejiang cancer registry area. [Methods] The data were collected from 7 population-based cancer registries of Zhejiang province. Crude rate,age-standardized rate,age-specific and region-specific incidence/mortality were calculated. Age-standardized rate was adjusted by 1982 Chinese standard population and Segi's world standard population. [Results] A total of 35 226 new cancer cases were reported in2010. The crude incidence was 332.03/105,and age-standardized incidence by Chinese standard population(ASR China) was 161.35/105. The incidence in male was higher than that in female,and incidence in urban region was higher than that in rural region. Cancer incidence increased rapidly after age of 40 years old and reached the peak at 80~ age-group. The top 10 cancers were lung cancer,gastric cancer,colorectal cancer,liver cancer,breast cancer,thyroid cancer,esophageal cancer,pancreatic cancer,lymphoma and brain tumor,which accounted for 75.39% of all new cancer cases. Meanwhile,there were 19 399 reported cancer death cases in 2010,and the crude mortality and standardized(ASR China) mortality was 182.85/105and 78.78/105,respectively.The mortality in male was higher than that in female,and it was higher in urban than that in rural region. Cancer mortality increased rapidly after 45 years old and reached the peak at 80~ agegroup. The top 10 mortality cancers were lung cancer,liver cancer,gastric cancer,colorectal cancer,esophageal cancer,pancreatic cancer,lymphoma,brain tumors,leukemia and breast cancer,which accounted for 87.63% of all cancer deaths.[Conclusions] Lung cancer,female breast cancer and digestive malignancies are the main cancer types to prevention and control in Zhejiang province."
051-825-934-867-510,Lipidomics and pancreatic cancer risk in two prospective studies,Sabine Naudin; J. Sampson; S. Moore; D. Albanes; N. Freedman; S. Weinstein; R. Stolzenberg-Solomon,
051-865-885-459-145,Analysis of the Characteristics Appeared in the Cancer Information Provided as a Form of Question and Answer on the Internet.,Chu Bong Kim; Min Kyung Lim; Soon Duck Kim; Keon Wook Kang,
052-336-916-224-553,An Assessment on the Utilization of Clinical Information for Cancer and a Survey of Request on Cancer Clinical Information System in Korea.,Hyun Young Kim; Seung Wook Lee; Min Kyung Lim; Keon Wook Kang,
052-588-508-895-623,(P089) Comparison of Survival by Different Palliative Radiation Therapy Fractionation Schedules,Sara A. Dudley; Sonya Aggarwal; Yushen Qian; Aadel Chaudhuri; Kiran Kumar; Daniel T. Chang,
052-686-907-541-610,Proteomic strategies in breast cancer research,Julio E. Celis; Pavel Gromov; Teresa Cabezón; Irina Gromova; Vera Timmermans-Wielenga; Fritz Rank; José M.A. Moreira,
052-754-295-668-291,Detection of epidermal growth factor receptor mutation in transbronchial aspiration cytology of non-small cell lung cancer,Atsushi Horiike; Hideharu Kimura; M. Nishio; Fumiyoshi Ohyanagi; Yukitoshi Satoh; Sakae Okumura; Kazuto Nishio; Yuichi Ishikawa; Kazuhiko Nakagawa; Takeshi Horai,7175 Background: Somatic mutations of epidermal growth factor receptor (EGFR) strongly associate with objective response to EGFR tyrosine kinase inhibitors. There are some problems to practically u...
052-852-223-369-099,Allogeneic Hematopoietic Cell Transplant Outcomes for Chronic Myelomonocytic Leukemia: Single Center Experience,Ariel Perez Perez; Jongphil Kim; Hany Elmariah; Nelli Bejanyan; Eric Padron; Rami S. Komrokji; Andrew T. Kuykendall; Jeffrey E. Lancet; David A Sallman; Rawan Faramand; Lia Elena Perez; Joseph Pidala; Jose Ochoa-Bayona; M. Alsina; Michael D. Jain; Frederick L. Locke; Hien Liu; Marco L. Davila; Farhad Khimani; Asmita Mishra; Aleksandr Lazaryan; Michael L. Nieder; Claudio Anasetti; Taiga Nishihori,
052-854-487-945-001,"Prostate Cancer Chemoprevention Agent Development: The National Cancer Institute, Division of Cancer Prevention Portfolio",Howard L. Parnes; Margaret G. House; Jacob Kagan; David J. Kausal; Ronald Lieberman,
052-951-789-681-093,METASTASIS OF CANCER TO CANCER,Kunio Ichijima; Hirohiko Yamabe; Yoichiro Kobashi; Takekuni Iwata,A case of a 41 years old Japanese woman with widely disseminated primary lung cancer (adenocarcinoma) metastasizing to renal cell carcinoma (hypernephroma) is presented together with a brief review of the literature.
053-560-786-745-686,A novel nomogram predicting the overall survival of metastatic non-clear cell renal cell carcinoma patients: A large population-based investigation,J. Wu; J. Shou,
053-715-223-043-019,"Cancer Statistics in Korea: Incidence, Mortality, Survival, and Prevalence in 2009",Kyu-Won Jung; Sohee Park; Hyun Joo Kong; Young-Joo Won; Joo Young Lee; Hong Gwan Seo; Jin Soo Lee,"Purpose This study overviews nationwide cancer statistics, including incidence, mortality, survival, and prevalence, and their trends in Korea based on 2009 cancer incidence data. Materials and methods Incidence data from 1993-2009 were obtained from the Korea National Cancer Incidence Database, and vital status was followed through 31 December 2010. Mortality data from 1983-2009 were obtained from Statistics Korea. Crude rates and age-standardized rates for incidence, mortality, and prevalence; and relative survival were calculated. Results In total, 192,561 cancer cases and 69,780 cancer deaths were observed during 2009, and 808,503 10-year cancer prevalent cases occurred in Korea as of 1 January 2010. The incidence rate for all cancers combined showed an annual increase of 3.3% from 1999 to 2009. Conclusion Stomach, liver and cervical cancers have been decreasing and thyroid, breast and colorectal cancers have been increasing at large. In particular, in 2009, colorectal cancer became the third most common cancer in females and for the first time ranked higher than stomach cancer, which had been the long-standing common cancer in Korea. While overall cancer incidence has been rapidly increasing in Korea, age-standardized cancer mortality rates have been declining since 2002, and cancer survival has been improving."
053-946-969-287-894,CBL mutations in pediatric solid and CNS tumors are a marker of receptor tyrosine kinase activation and a potential therapeutic target,Lauren M. Brown; Chelsea Mayoh; Katherine A. Camper; Gabor Tax; Pablo Acera Mateos; Wenyan Li; Sam El-Kamand; Patricia Sullivan; James Bradley; Paris I. Thompson; Jingwei Chen; Teresa Sadras; Robert Salomon; Marie Wong; Mark J. Cowley; Antoine de Weck; Loretta M.S. Lau; Neevika Manoharan; Paul G. Ekert,"<jats:title>Abstract</jats:title>;                 <jats:p>;                   Mutations in;                   <jats:italic>CBL</jats:italic>;                   , an E3 ubiquitin ligase that negatively regulates receptor tyrosine kinases (RTKs) and potentiates intracellular signaling, have been extensively characterized in hematological malignancies. However, the impacts are unknown in other cancer types. We have identified established and novel aberrations in;                   <jats:italic>CBL</jats:italic>;                   in molecularly diverse pediatric CNS and solid tumors. Additionally, we present novel;                   <jats:italic>CBL</jats:italic>;                   splice mutations, including in the germline of a high-grade glioma patient, and alternative;                   <jats:italic>CBL</jats:italic>;                   splicing without corresponding genomic alterations. Functionally, we demonstrate that CBL exon 8/9Δ, typically associated with acute myeloid leukemia, is RTK activating in neuroblastoma and that novel;                   <jats:italic>CBL</jats:italic>;                   variants, CBL E366_E373del and CBL C384G, can cooperate with overexpression of EGFR to transform Ba/F3 cells. Collectively, these data represent a novel form of RTK activation in pediatric patients with solid and CNS tumors who might benefit from RTK-targeted therapies.;                 </jats:p>;                 <jats:sec>;                   <jats:title>Statement of significance</jats:title>;                   <jats:p>Molecularly targeted therapies improve childhood cancer outcomes. Therapies targeting genes called receptor tyrosine kinases are particularly effective. We have identified new genetic alterations that may be a marker for receptor tyrosine kinase activation and drug sensitivity, enabling more patients to benefit from targeted treatments.</jats:p>;                 </jats:sec>"
054-191-537-748-590,Bridging research to action: A framework and decision-making process for cancer control,A. Fields; A. Best; J. Brisson; P. Engstrom; E. Holowaty; D. Wigle; J. Young; E. Kaegi; D. Beatty; E. Sondik; E. Vayda; D. Iverson; Rob Sanson-Fisher; David B. Abrams; James E. Till; R. Cameron,
054-215-868-800-799,Combination of cardiac magnetic resonance with troponin to facilitate the earliest reversible stage of diagnosis and intervention of cancer therapy-related cardiac dysfunction: a description of three cases.,Yong Zhang; An-Qi Lyu; Fang Zhang; Ling-Di Zhao; Hong-Kai Zhang; Zi-Bing Wang; Tie-Peng Li; Wen-Jing Wang; Fang-Hui Li; Hong-Qin You; Quan-Li Gao; Jin-Rong Qu,Combination of cardiac magnetic resonance with troponin to facilitate the earliest reversible stage of diagnosis and intervention of cancer therapy-related cardiac dysfunction: a description of three cases
054-553-407-011-959,Correction: Myeloma-Modified Adipocytes Exhibit Metabolic Dysfunction and a Senescence-Associated Secretory Phenotype.,Heather Fairfield; Amel Dudakovic; Casper M Khatib; Mariah Farrell; Samantha Costa; Carolyne Falank; Maja Hinge; Connor S Murphy; Victoria DeMambro; Jessica A Pettitt; Christine W Lary; Heather E Driscoll; Michelle M McDonald; Moustapha Kassem; Clifford Rosen; Thomas L Andersen; Andre J van Wijnen; Abbas Jafari; Michaela R Reagan,
054-773-338-135-652,Phase I and Pharmacodynamic Trial of the DNA Methyltransferase Inhibitor Decitabine and Carboplatin in Solid Tumors,K. Appleton; Helen Mackay; Ian Judson; Jane A. Plumb; Carol McCormick; Gordon Strathdee; C. Lee; Sophie Barrett; S. Reade; Dalal Jadayel; Adrian Tang; Katharine Bellenger; Lynsay Mackay; A. Setanoians; Andreas G. Schätzlein; Chris Twelves; Stanley B. Kaye; Robert S. Brown,"Purpose The DNA methyltransferase inhibitor 5-aza-2′-deoxycytidine (decitabine) induces DNA demethylation and re-expression of epigenetically silenced genes, and increases carboplatin sensitivity of tumor xenograft models. We designed a clinical study to determine the feasibility of delivering a dose of decitabine, combined with carboplatin, that would be capable of producing equivalent biologic effects in patients with solid tumors. Patients and Methods In a two-stage design, 33 patients received escalating doses of decitabine administered as a 6-hour infusion on day 1 followed by carboplatin, area under the concentration-time curve (AUC) 5 (cohort 1) and AUC 6 (cohort 2), on day 8 of a 28-day cycle. Pharmacodynamic analyses included 5-methyl-2′-deoxycytidine levels, MAGE1A CpG island methylation, and fetal hemoglobin (HbF) expression. Results The major toxicity was myelosuppression. Dose limiting toxicities, prolonged grade 4 neutropenia (one patient), and sepsis and grade 3 anorexia/fatigue (one patien..."
054-838-611-832-69X,"Cancer Statistics in Korea: Incidence, Mortality, Survival, and Prevalence in 2022.",Eun Hye Park; Kyu-Won Jung; Nam Ju Park; Mee Joo Kang; E Hwa Yun; Hye-Jin Kim; Jeong-Eun Kim; Hyun-Joo Kong; Kui Son Choi; Han-Kwang Yang; null null,"<AbstractText Label=""PURPOSE"">The current study provides national cancer statistics and their secular trends in Korea, including incidence, mortality, survival, and prevalence in 2022, with international comparisons.</AbstractText>;           <AbstractText Label=""MATERIALS AND METHODS"">Cancer incidence, survival, and prevalence rates were calculated using the Korea National Cancer Incidence Database (1999-2022), with survival follow-up until December 31, 2023. Mortality data obtained from Statistics Korea, while international comparisons were based on GLOBOCAN data.</AbstractText>;           <AbstractText Label=""RESULTS"">In 2022, 282,047 newly diagnosed cancer cases (age-standardized rate [ASR], 287.0 per 100,000) and 83,378 deaths from cancer (ASR, 65.7 per 100,000) were reported. The proportion of localized-stage cancers increased from 45.6% in 2005 to 50.9% in 2022. Stomach, colorectal, and breast cancer showed increased localized-stage diagnoses by 18.1, 18.5, and 9.9 percentage points, respectively. Compared to 2001-2005, the 5-year relative survival (2018-2022) increased by 20.4 percentage points for stomach cancer, 7.6 for colorectal cancer, and 5.6 for breast cancer. Korea had the lowest cancer mortality among countries with similar incidence rates and the lowest mortality-to-incidence (M/I) ratios for these cancers. The 5-year relative survival (2018-2022) was 72.9%, contributing to over 2.59 million prevalent cases in 2022.</AbstractText>;           <AbstractText Label=""CONCLUSION"">Since the launch of the National Cancer Screening Program in 2002, early detection has improved, increasing the diagnosis of localized-stage cancers and survival rates. Korea recorded the lowest M/I ratio among major comparison countries, demonstrating the effectiveness of its National Cancer Control Program.</AbstractText>"
054-896-373-807-178,"Prediction of Cancer Incidence and Mortality in Korea, 2016",Kyu-Won Jung; Young-Joo Won; Chang-Mo Oh; Hyun-Joo Kong; Hyunsoon Cho; Jong-Keun Lee; Duk Hyoung Lee; Kang Hyun Lee,"Purpose:; To estimate of Korea’s current cancer burden, this study aimed to report on projected cancer incidence and mortality rates for the year 2016."
054-906-025-710-894,UROTHELIAL CARCINOMA OF THE UPPER TRACT AND BLADDER: DOES WHERE IT STARTS DETERMINE WHERE YOU END?,Joshua Linscott; Nagashree Rao; Hiroko Miyagi; Mitchell Hayes; Naveen Perisetla; Alice Yu; Logan Zemp; Michael Poch; Philippe Spiess; Scott Gilbert; Wade Sexton; Heather Huelster; Roger Li,
055-168-375-054-115,Contents Page,Veronica Setiawan; Malcolm Pike; Stalo Karageorgi; Sandra Deming; Kristin Anderson; Leslie Bernstein; Louise Brinton; Hui Cai; James Cerhan; Wendy Cozen; Chu Chen; Jennifer Doherty; Jo Freudenheim; Marc Goodman; Susan Hankinson; James Lacey; Xiaolin Liang; Jolanta Lissowska; Lingeng Lu; Galina Lurie; Thomas Mack; Rayna Matsuno; Susan Mccann; Kirsten Moysich; Sara Olson; Radhai Rastogi; Timothy Rebbeck; Harvey Risch; Kim Robien; Catherine Schairer; Xiao-Ou Shu; Amanda Spurdle; Brian Strom; Pamela Thompson; Giske Ursin; Penelope Webb; Noel Weiss; Nicolas Wentzensen; Yong-Bing Xiang; Hannah Yang; Herbert Yu; Pamela Horn-Ross; Immaculata De Vivo; Yanping Li; Fariba Mirzaei; Eilis O'reilly; John Winkelman; Atul Malhotra; Olivia Okereke; Alberto Ascherio; Xiang Gao; K Madeleine; Elaine Adams; Elizabeth Chong; Zaw Williamson; Galina Aung; Graham Makeyeva; Dallas Giles; John English; Robyn Hopper; Paul Guymer; Liubov Baird; Julie Robman; null Simpson; Stephen Harris; John Marion; Joseph Spinelli; Kay Tsui; null Teschke; Stillbirth Ambarina; S Faiz; George Rhoads; Kitaw Demissie; Lakota Kruse; Yong Lin; David Rich; Outcomes Mostofsky; Joel Schwartz; Brent Coull; Petros Koutrakis; Gregory Wellenius; Helen Suh; Diane Gold; Murray Mittleman; Charlotte Clark; Rosanna Crombie; Jenny Head; Irene Van Kamp; Elise Van Kempen; Stephen Stansfeld; Mikael Rostila; Jan Saarela; Ichiro Kawachi; Nadia Howlader; Anne-Michelle Noone; Mandi Yu; Kathleen Cronin; Victoria Liublinska; Donald Rubin,
055-398-652-283-594,Retraction: KMT2C Mutations in Diffuse-Type Gastric Adenocarcinoma Promote Epithelial-to-Mesenchymal Transition.,Soo-Jeong Cho; Changhwan Yoon; Jun Ho Lee; Kevin K Chang; Jian-Xian Lin; Young-Ho Kim; Myeong-Cherl Kook; Bülent Arman Aksoy; Do Joong Park; Hassan Ashktorab; Duane T Smoot; Nikolaus Schultz; Sam S Yoon,
055-410-134-989-123,Investigating the effects of ERAP1 inhibition on antigen presentation and the tumour immune response,A. Margarido; B. Whitton; E. Arwert; M. Cheeseman; A. Kalusa; G. Davison; R. Salimraj; O. Pierrat; M. Richards; H. dos Santos Costa; P. Meister; A. Hayes; E. Reeves; E. James; R. Burke; F. Raynaud; R. Van Montfort; J. Choudhary; O. Rossanese; G. Newton,
055-568-984-153-699,Assessment of structural chromosomal instability phenotypes as biomarkers of carboplatin response in the TNT trial,Orsolya Sipos; Holly Tovey; Jelmar Quist; Syed Hyder; Salpie Nowinski; Patricja Gazinska; Sarah Kernaghan; C. Toms; Sarah Maguire; Nick Orr; Sabine C. Linn; Julie Owen; Cheryl Gillett; Sarah E Pinder; Judith M Bliss; Andrew Tutt; Maggie C.U. Cheang; Anita Grigoriadis,
055-623-889-451-494,Effect of moisturizers on prevention of hand-foot syndrome associated with capecitabine plus oxaliplatin.,Kazuyoshi Kawakami; Mitsukuni Suenaga; Takashi Yokokawa; Kazuo Sugita; Yutaro Mae; Eri Nakamoto; Hiroshi Imada; Nobuyuki Mizunuma; Toshiharu Yamaguchi; Toshihiro Hama,"681 Background: Capecitabine plus oxaliplatin (XELOX) has been established as first-line treatment for patients with metastatic colorectal cancer. Hand-foot syndrome (HFS) is the most common toxicity associated with capecitabine, and the mechanism of which remains to be clarified. Appropriate management of HFS for continuing treatment is needed to ensure improved survival. In this study, we evaluated the efficacy of our candidate moisturizers for HFS, considering its compliance in each patient at a single institute. Methods: Patients who received XELOX for metastatic colorectal cancer at the Japanese Foundation for Cancer Research, Cancer Institute Hospital, between Apr 1 2010 and Apr 30 2011 were included in this study. Pharmacists conducted the skin care for HFS using moisturizers: heparinoid ointment, a mixture of vitamin A oil and white petrolatums (1:1). All HFS events were graded according to NCI–CTC, version 4.0. The relationship between accumulated dose of capecitabine and incidence of HFS events ..."
055-704-987-771-031,Socioeconomic status and lifestyle behaviors in cancer survivors.,Hiten Naik; Lawson Eng; Catherine Brown; Xin Qiu; Dan Pringle; Mary Mahler; Henrique Hon; Kyoko Tiessen; Henry Thai; Valerie Ho; Christina Gonos; Rebecca Charow; Vivien Pat; Margaret Irwin; Lindsay Herzog; Anthea Ho; Wei Xu; Jennifer M. Jones; Doris Howell; Geoffrey Liu,6568 Background: Socioeconomic disparities in cancer survival exist even in universal healthcare systems. These disparities may be explained in part by lifestyle behaviors such as smoking and physi...
055-795-130-005-588,CD133 status influences in prognosis of patients with metastatic colorectal cancer receiving cetuximab.,Dai Inoue; Satoshi Matsusaka; Noriko Yamamoto; Mitsukuni Suenaga; Yuji Mishima; Eiji Shinozaki; Yasuhito Terui; Nobuyuki Mizunuma; Yuichi Ishikawa; Kiyohiko Hatake,"509 Background: Recently, the cancer stem cell (CSC) theory has been proposed, and CD133 has been suggested as a potential marker of CSCs in metastatic colorectal cancer (mCRC). Cetuximab, an IgG1 ..."
056-009-282-909-450,Phase I study of sapanisertib with carboplatin and paclitaxel in mTOR pathway altered solid malignancies.,Omar Alhalabi; Roman Groisberg; Ralph Zinner; Andrew W Hahn; Aung Naing; Shizhen Zhang; Apostolia M Tsimberidou; Jordi Rodon; Siqing Fu; Timothy A Yap; David S Hong; Ming Sun; Yunfang Jiang; Shubham Pant; Amishi Y Shah; Amado Zurita; Nizar M Tannir; Raghunandan Vikram; Jason Roszik; Funda Meric-Bernstam; Vivek Subbiah,"Pre-clinically, the mTORC1/2 inhibitor sapanisertib restored sensitivity to platinums and enhanced paclitaxel-induced cancer cell killing. NCT03430882 enrolled patients with mTOR pathway aberrant tumors to receive sapanisertib, carboplatin and paclitaxel. Primary objective was safety and secondary objectives were clinical response and survival. One patient had a dose-limiting toxicity at dose level 4. There were no unanticipated toxicities. Grade 3-4 treatment-related adverse events included anemia (21%), neutropenia (21%), thrombocytopenia (10.5%), and transaminitis (5%). Of 17 patients evaluable for response, 2 and 11 patients achieved partial response and stable disease, respectively. Responders included a patient with unclassified renal cell carcinoma harboring EWSR1-POU5F1 fusion and a patient with castrate resistant prostate cancer harboring PTEN loss. Median progression free survival was 3.84 months. Sapanisertib in combination with carboplatin plus paclitaxel demonstrated a manageable safety profile, with preliminary antitumor activity observed in advanced malignancies harboring mTOR pathway alterations."
056-073-927-894-708,MO32-2 Comparison based on the CGP test results between the early and the late period for access to treatments,M. Yamazaki; N. Hayashi; I. Fukada; G. Ou; M. Hosonaga; A. Tonooka; K. Takeuchi; S. Mori; S. Takahashi,
056-075-492-580-003,Functional Characterisation of the ATOH1 Molecular Subtype Indicates a Pro-Metastatic Role in Small Cell Lung Cancer,Alessia Catozzi; Maria Peiris‐Pagès; Sam Humphrey; Mitchell Revill; Derrick Morgan; Jordan Roebuck; Yitao Chen; Bethan Davies-Williams; Alice Lallo; Melanie Galvin; Simon P. Pearce; Alastair Kerr; Lynsey Priest; Victoria Foy; Mathew Carter; Rebecca Caeser; Joseph Chan; Charles M. Rudin; Fiona Blackhall; Kristopher K. Frese; Caroline Dive; Kathryn Simpson,"Molecular subtypes of Small Cell Lung Cancer (SCLC) have been described based on differential expression of transcription factors (TFs) <i>ASCL1, NEUROD1</i>, <i>POU2F3</i> and immune-related genes. We previously reported an additional subtype based on expression of the neurogenic TF <i>ATOH1</i> within our SCLC Circulating tumour cell-Derived eXplant (CDX) model biobank. Here we show that ATOH1 protein was detected in 7/81 preclinical models and 16/102 clinical samples of SCLC. In CDX models, ATOH1 directly regulated neurogenesis and differentiation programs consistent with roles in normal tissues. In <i>ex vivo</i> cultures of ATOH1-positive CDX, ATOH1 was required for cell survival. <i>In vivo</i>, ATOH1 depletion slowed tumour growth and suppressed liver metastasis. Our data validate ATOH1 as a <i>bona fide</i> oncogenic driver of SCLC with tumour cell survival and pro-metastatic functions. Further investigation to explore ATOH1 driven vulnerabilities for targeted treatment with predictive biomarkers is warranted."
056-491-333-895-414,Extending breast cancer screening beyond age 45-64 years in China: A cost-effectiveness analysis.,Nuopei Tan; Changfa Xia; Xinxin Yan; Maomao Cao; Fan Yang; Siyi He; Shaoli Zhang; Mengdi Cao; Yi Teng; Qianru Li; Jiachen Wang; Wanqing Chen,
056-642-154-943-922,Multiple myeloma as a second primary malignancy; one fourth of patients had prior history of other malignances,Noriko Nishimura; Yasuhito Terui; Norihito Inoue; Anna Takahashi; Naoko Tsuyama; M. Gunji; Hideaki Nitta; Kyoko Ueda; Yuji Mishima; Masahiro Yokoyama; Kengo Takeuchi; Kiyohiko Hatake,
056-667-417-890-166,Correction: Selective Tumor Hypoxia Targeting by Hypoxia-Activated Prodrug TH-302 Inhibits Tumor Growth in Preclinical Models of Cancer.,Jessica D Sun; Qian Liu; Jingli Wang; Dharmendra Ahluwalia; Damien Ferraro; Yan Wang; Jian-Xin Duan; W Steve Ammons; John G Curd; Mark D Matteucci; Charles P Hart,
056-897-001-254-426,Retraction: Combining PARP-1 Inhibition and Radiation in Ewing Sarcoma Results in Lethal DNA Damage.,Hae-June Lee; Changhwan Yoon; Benjamin Schmidt; Do Joong Park; Alexia Y Zhang; Hayriye V Erkizan; Jeffrey A Toretsky; David G Kirsch; Sam S Yoon,
057-254-097-392-547,Cost-effectiveness of Low-Dose CT Screening for Non-smokers with a First-Degree Relative History of Lung Cancer,Yin Liu; Xiaoli Guo; Huifang Xu; Xiaoyang Wang; Hongwei Liu; Hong Wang; Ruihua Kang; Qiong Chen; Ranran Qie; Mengfei Zhao; Cheng Cheng; Liyang Zheng; Shuzheng Liu; Youlin Qiao; Shaokai Zhang,"<title>Abstract</title>;         <p>Background;  Lung cancer is the leading cause of cancer-related deaths worldwide, with non-smokers in China accounting for over 40% of cases. Despite the proven efficacy of low-dose computed tomography (LDCT) in early detection and reduction of lung cancer mortality, the current paradigm of lung cancer screening, heavily focused on smoking status and age, may inadequately address the unique risk factors associated with non-smokers, particularly those with a family history of the disease. This study evaluates the cost-effectiveness of LDCT screening for non-smokers with a first-degree relative (FDR) history of lung cancer, a group at particularly high-risk.; Methods;  We developed a state-transition Markov model to evaluate the incremental cost-effectiveness ratios (ICERs) of 16 screening strategies for a hypothetical cohort of 100,000 non-smoking individuals aged 50 with a FDR history of lung cancer, considering various starting ages (50, 55, 60, 65 years) and intervals (one-off, annual, biennial, triennial). The willingness-to-pay (WTP) threshold was set at three times China's 2022 per-capita GDP. Sensitivity analyses, scenario analyses and subgroup analysis by sex, were conducted.; Results;  Compared to no screening, all strategies except one-off screening at age 50, were cost-effective for both sexes. Biennial LDCT starting at age 55 was found to be most effective, with an ICER of CNY 68,932/QALY for males, and CNY 80,056/QALY for females. This cost-effectiveness probability for this strategy was approximately 90% for both sexes. Sensitivity analyses indicated that annual screening at age 55 was optimal without discounting. For males, biennial at age 60 was optimal if the FDR-related odds ratio for lung cancer incidence was below 1.492. Triennial screening at age 55 was optimal for females at full adherence. Ignoring disutility from false-positive results, annual at age 55 was optimal for both sexes.; Conclusions;  LDCT screening for non-smokers with a FDR history of lung cancer is cost-effective, especially biennial screening at 55.  These findings support the development of more inclusive screening guidelines, which could enhance early detection and reduce mortality rates.</p>"
057-369-689-098-202,Ectopic hepatocellular carcinoma of the right adrenal gland: a case description.,Leijuan Gan; Shaohua Ren; Mengran Lang; Feng Fang; Lu Chen; Tianqiang Song,
057-408-113-424-481,"Prediction of Recurrence in Stage I EGFR-Mutated Non-Small Cell Lung Cancer: Combining CT Features, Clinical Information and Machine Learning-Selected Co-Occurring Gene Alterations",Akiko Tateishi; Hidehito Horinouchi; Nobuji Kouno; Katsuji Takeda; Ken Takasawa; Takaaki Mizuno; Yu Okubo; Yukihiro Yoshida; Mototaka Miyake; Masahiko Kusumoto; Koji Inaba; Hiroshi Igaki; Yasushi Yatabe; Masami Mukai; Naoki Mihara; Jo Nishino; Aya Kuchiba; Taro Shibata; Kouya Shiraishi; Shun-ichi Watanabe; Masaaki Komatsu; Takashi Kohno; Yuichiro Ohe; Ryuji Hamamoto,
057-522-439-960-945,Editor's Note: Tumor Imaging and Interferon-γ-Inducible Protein-10 Gene Transfer Using a Highly Efficient Transferrin-Conjugated Liposome System in Mice.,Huiqin Zhuo; Yi Peng; Qin Yao; Nuo Zhou; Sufang Zhou; Jian He; Yuan Fang; Xi Li; Hongwei Jin; Xiaoling Lu; Yongxiang Zhao,
057-791-586-572-411,NSO-02 Characteristics of multiple myeloma patients with central nervous system involvement,Jessica Chen; Tiffany Richards; Christy Allen; Yue Jiang; Courtney Bendig; Ashley Morphey; Elizabeth Cuellar; Sarah Knight; Efe Ighovoyivwi; Rebecca Lu; Pei Lin; Behrang Amini; Mahmoud Gaballa; Hans Lee; Elisabet Manasanch; Krina Patel; Sheeba Thomas; Jing Christine Ye; Bouthain Dabaja; Chelsea Pinnix; Penny Fang; Jill Gunther; Robert Orlowski; Donna Weber; Melody Becnel,
058-102-464-569-572,Perceptions of cancer risk and cause of cancer risk in korean adults.,Su Yeon Kye; Eun Young Park; Kyounghee Oh; Keeho Park,"Purpose The aims of the present study were to assess the prevalence of perceived risk for cancer; to explore associations between sociodemographics and family history of cancer and perceived cancer risk; to identify perceived cause of cancer risk; and to examine the associations between sociodemographics and family history of cancer and perceived cause of cancer risk. Materials and methods This cross-sectional study was conducted among 1,009 participants aged 30-69 years, selected from a population-based database in October 2009 through multiple-stratified random sampling. Information was collected about the participants' perceived cancer risk and perceived cause of cancer risk. Results Overall, 59.5% of the respondents thought they had the chance of developing cancer. Female sex, younger age, lower income, and family history of cancer were positively associated with perceived cancer risk. The most important perceived cause of cancer risk was stress. There was a difference between sociodemographics and family history of cancer and perceived cause of cancer risk. Conclusion Factors affecting perceptions of cancer risk and cause of cancer risk need to be addressed in risk communications. The results provide important directions for the development of educational strategies to promote awareness and self-appraisal of cancer risk and risk factors."
058-179-944-103-03X,Abstract P4-02-13: The pattern of tumor shrinkage is associated with prognosis in low grade luminal early breast cancer during neoadjuvant chemotherapy,Ippei Fukada; Kazuhiro Araki; Kokoro Kobayashi; N Gomi; Rie Horii; Futoshi Akiyama; S. Takahashi; T Iiwase; Shinji Ohno; Yoshinori Ito,"BACKGROUND: In neoadjuvant chemotherapy (NAC) for early breast cancer, the pathological response rate in estrogen receptor (ER)-positive tumors has been low in comparison with those of ER-negative tumors. Therefore, surrogate makers other than the pCR rate are needed during NAC for luminal breast cancer. Using MRI, we analyzed the patterns of tumor shrinkage after NAC as a surrogate prognostic factor in low grade luminal breast cancer. METHODS: Of 854 patients who had received NAC in a single institute from Jan. 2000 to Dec. 2009, 183 patients with low grade luminal breast cancer were retrospectively evaluated for this study. They were defined as ER and/or PgR positive in more than 10% of cancer cells and HER2 negative (IHC 0, 1+ or FISH Citation Format: Fukada I, Araki K, Kobayashi K, Gomi N, Horii R, Akiyama F, Takahashi S, Iiwase T, Ohno S, Ito Y. The pattern of tumor shrinkage is associated with prognosis in low grade luminal early breast cancer during neoadjuvant chemotherapy. [abstract]. In: Proceedings of the Thirty-Eighth Annual CTRC-AACR San Antonio Breast Cancer Symposium: 2015 Dec 8-12; San Antonio, TX. Philadelphia (PA): AACR; Cancer Res 2016;76(4 Suppl):Abstract nr P4-02-13."
058-202-070-705-197,Uncovering Brain Functional Connectivity Disruption Patterns of Lung Cancer-related Pain,Xiaotong Wei; Yong Lai; Xiaosong Lan; Yong Tan; Jing Zhang; Jiang Liu; Jiao Chen; Chengfang Wang; Xiaoyu Zhou; Yu Tang; Daihong Liu; Jiuquan Zhang,"<jats:title>Abstract</jats:title>;         <jats:p>Pain is a pervasive symptom in lung cancer patients during the onset of the disease. This study aims to investigate the connectivity disruption patterns of the whole-brain functional network in lung cancer patients with cancer pain (CP+). We constructed individual whole-brain, region of interest (ROI)-level functional connectivity (FC) networks for 50 CP+ patients, 34 lung cancer patients without pain-related complaints (CP−), and 31 matched healthy controls (HC). Then, a ROI-based FC analysis was used to determine the disruptions of FC among the three groups. The relationships between aberrant FCs and clinical parameters were also characterized. The ROI-based FC analysis demonstrated that hypo-connectivity was present both in CP+ and CP− patients compared to HC, which were particularly clustered in the somatomotor and ventral attention, frontoparietal control, and default mode modules. Notably, compared to CP− patients, CP+ patients had hyper-connectivity in several brain regions mainly distributed in the somatomotor and visual modules, suggesting these abnormal FC patterns may be specific for cancer pain. Moreover, CP+ patients also showed increased intramodular and intermodular connectivity strength of the functional network. Finally, abnormal FCs within the prefrontal cortex and somatomotor cortex were positively correlated with pain intensity and pain duration, respectively. These findings suggested that lung cancer patients with cancer pain had disrupted connectivity in the intrinsic brain functional network, which may be the underlying neuroimaging mechanisms.</jats:p>"
058-405-213-715-166,Correction: Human Papillomavirus Regulates HER3 Expression in Head and Neck Cancer: Implications for Targeted HER3 Therapy in HPV+ Patients.,Toni M Brand; Stefan Hartmann; Neil E Bhola; Noah D Peyser; Hua Li; Yan Zeng; Erin Isaacson Wechsler; Max V Ranall; Sourav Bandyopadhyay; Umamaheswar Duvvuri; Theresa M LaVallee; Richard C K Jordan; Daniel E Johnson; Jennifer R Grandis,"In the original version of this article (1), the same image was used for the p-HER3-Y1197 and HER3 panels of the SCC47 cell line in Fig. 3A. All of the SCC47 panels in Fig. 3A have been updated in the latest online HTML and PDF versions of the article. The authors regret this error."
058-665-835-654-995,The anion channel GPR89 is a novel oncogene associated with tumour specific dependency in breast cancer,R. Ferro; A. Carroll; A. Mendes-Pereira; V. Reen; I. Roxanis; S. Annunziato; J. Jonkers; N. Liv; J. Alexander; J. Quist; M. Pardo; T.I. Roumeliotis; J.S. Choudhary; D. Weekes; P. Marra; R. Natrajan; A. Grigoriadis; S. Haider; C.J. Lord; A.J. Tutt,
058-870-547-616-604,NF-κB,Matthew R. Young; Yinling Hu; Nancy H. Colburn,
059-016-651-118-289,REMOVED: Genetic Landscape in Myelofibrosis Impacts Post-Hematopoietic Cell Transplantation Outcomes,Dr. Maryam Rafati; Filip Pirsl; Hormuzd A. Katki; Dongjing Wu; Wen Luo; Jia Liu; Kristine Jones; Weiyin Zhou; Stephen R. Spellman; Yung-Tsi Bolon; Stephanie J. Lee; H. Joachim Deeg; Vikas Gupta; Wael Saber; Shahinaz M. Gadalla,This abstract has been removed: please see Elsevier policy on article withdrawal (https://www.elsevier.com/about/policies-and-standards/article-withdrawal). This article has been removed at the request of the author. This abstract has been removed because it was not presented at the 2025 BMT Tandem Meeting.
059-245-626-501-226,KRAS mutant and RAS/BRAF wild type colorectal cancer cells exhibit differences in the rewiring of signal transduction that can impact on future therapeutic strategies,Alexandros Georgiou; Adam Stewart; Parames Thavasu; Elizabeth A. Coker; S. Poelsterl; Bissan Al-Lazikani; David Cunningham; S. Whittaker; Udai Banerji,
059-307-974-349-567,Fibrillarin-mediated ribosomal RNA maturation is a novel therapeutic vulnerability in triple-negative breast cancer,Camille Jouines; Piero Lo Monaco; Angéline Gaucherot; Julie Radermecker; Caroline Isaac; Fleur Bourdelais; Marie-Ambre Monet; Marion Meyer; Mounira Chalabi-Dchar; Flora Nguyen Van Long; Laury Baillon; Carine Froment; Julien Marcoux; Christophe Vanbelle; Tanguy Fenouil; Sébastien Durand; Stéphane Giraud; Jean-Jacques Diaz; Virginie Marcel; Frédéric Catez,"<jats:title>Abstract</jats:title>;                 <jats:p>;                   Triple-negative breast cancer (TNBC) remains one of the most challenging breast cancer subtypes to treat due to the lack of effective therapeutic options. Ribosome biogenesis has recently emerged as a promising therapeutic target across various cancers. Despite the current targeting of ribosome biogenesis through RNA polymerase I (RNA Pol I) inhibition, we speculated that other factors essential for ribosome assembly, such as rRNA maturation factors, may also represent therapeutic targets in TNBC. Here, we demonstrate that ribosome biogenesis-related genes are notably overexpressed in TNBC compared to other breast cancer subtypes, highlighting its critical role in TNBC progression. Accordingly, we show that RNA Pol I inhibition exerts potent anti-proliferative effects in pre-clinical models of TNBC, both;                   <jats:italic>in vitro</jats:italic>;                   and;                   <jats:italic>in vivo</jats:italic>;                   . However, the DNA-damaging activity of RNA Pol I inhibitors raises safety concerns, highlighting the need for alternative strategies to inhibit ribosome biogenesis. To this end, we show that targeting a downstream rRNA maturation step, specifically pre-rRNA cleavage, by inhibiting the maturation factor Fibrillarin, also inhibits tumor growth in TNBC models. Notably, ribosome biogenesis inhibition, through either RNA Pol I or Fibrillarin targeting, induces cell cycle arrest without triggering significant cell death. These findings establish ribosome biogenesis as a therapeutic vulnerability in TNBC and identify rRNA maturation, and Fibrillarin in particular, as novel targets for potential therapeutic intervention.;                 </jats:p>;                 <jats:sec>;                   <jats:title>Significance</jats:title>;                   <jats:p>Targeting ribosome biogenesis, through inhibition of either rRNA synthesis or maturation, induces anti-tumoral effects in TNBC, representing a novel therapeutic vulnerability with potential to improve patient outcomes.</jats:p>;                 </jats:sec>"
059-323-959-006-363,Cytoreductive surgery and concomitant hyperthermic thoracoabdominal chemotherapy for pseudomyxoma peritonei with abdominal and pleural involvement.,Diharah Fernando; José Tomás Larach; Michael P Flood; Satish K Warrier; Jacob J McCormick; Alexander G Heriot; Peadar S Waters,
059-385-917-367-906,The Outcome of TGFβ Antagonism in Metastatic Breast Cancer Models In Vivo Reflects a Complex Balance between Tumor-Suppressive and Proprogression Activities of TGFβ.,Yu-an Yang; Howard H. Yang; Binwu Tang; Alex Man Lai Wu; Kathleen C. Flanders; Nellie Moshkovich; Douglas S. Weinberg; Michael A. Welsh; Jia Weng; Humberto J. Ochoa; Tiffany Y. Hu; Michelle A. Herrmann; Jin-Qiu Chen; Elijah F. Edmondson; R. Mark Simpson; Fang Liu; Huaitian Liu; Maxwell P. Lee; Lalage M. Wakefield,"Purpose: TGFβs are overexpressed in many advanced cancers and promote cancer progression through mechanisms that include suppression of immunosurveillance. Multiple strategies to antagonize the TGFβ pathway are in early-phase oncology trials. However, TGFβs also have tumor-suppressive activities early in tumorigenesis, and the extent to which these might be retained in advanced disease has not been fully explored. Experimental Design: A panel of 12 immunocompetent mouse allograft models of metastatic breast cancer was tested for the effect of neutralizing anti-TGFβ antibodies on lung metastatic burden. Extensive correlative biology analyses were performed to assess potential predictive biomarkers and probe underlying mechanisms. Results: Heterogeneous responses to anti-TGFβ treatment were observed, with 5 of 12 models (42%) showing suppression of metastasis, 4 of 12 (33%) showing no response, and 3 of 12 (25%) showing an undesirable stimulation (up to 9-fold) of metastasis. Inhibition of metastasis was immune-dependent, whereas stimulation of metastasis was immune-independent and targeted the tumor cell compartment, potentially affecting the cancer stem cell. Thus, the integrated outcome of TGFβ antagonism depends on a complex balance between enhancing effective antitumor immunity and disrupting persistent tumor-suppressive effects of TGFβ on the tumor cell. Applying transcriptomic signatures derived from treatment-naive mouse primary tumors to human breast cancer datasets suggested that patients with breast cancer with high-grade, estrogen receptor–negative disease are most likely to benefit from anti-TGFβ therapy. Conclusions: Contrary to dogma, tumor-suppressive responses to TGFβ are retained in some advanced metastatic tumors. Safe deployment of TGFβ antagonists in the clinic will require good predictive biomarkers."
059-481-466-115-063,Metastasis of cancer to cancer.,Gore I; Barr R,
059-584-094-708-221,Erratum: Hypoxia induced exosomal circRNA promotes metastasis of Colorectal Cancer via targeting GEF-H1/RhoA axis: Erratum.,Haiou Yang; Haiyang Zhang; Yuchong Yang; Xinyi Wang; Ting Deng; Rui Liu; Tao Ning; Ming Bai; Hongli Li; Kegan Zhu; Jialu Li; Qian Fan; Guoguang Ying; Yi Ba,[This corrects the article DOI: 10.7150/thno.44419.].
059-617-626-634-605,"Special issue ""The advance of solid tumor research in China"": Participants with a family history of cancer have a higher participation rate in low-dose computed tomography for lung cancer screening.",Lan-Wei Guo; Qing-Cheng Meng; Li-Yang Zheng; Qiong Chen; Yin Liu; Hui-Fang Xu; Rui-Hua Kang; Lu-Yao Zhang; Shu-Zheng Liu; Xi-Bin Sun; Shao-Kai Zhang,"We aimed to determine participation in low-dose computed tomography (LDCT) of individuals with a family history of common cancers in a population-based screening program to provide timely evidence in high-risk populations in China. The analysis was conducted using data from the Cancer Screening Program in Urban China (CanSPUC), which recruited 282 377 participants aged 40 to 74 years from eight cities in the Henan province. Using the CanSPUC risk score system, 55 428 participants were evaluated to have high risk for lung cancer and were recommended for LDCT. We calculated the overall and group-specific participation rates using family history of common cancers and compared differences in participation rates between different groups. Odds ratios (ORs) and 95% confidence intervals were derived by multivariable logistic regression. Of the 55 428 participants, 22 260 underwent LDCT (participation rate, 40.16%). Family history of lung, esophageal, stomach, liver and colorectal cancer was associated with increased participation in LDCT screening. The odds of participants with a family history of one, two, three and four or more cancer cases undergoing LDCT screening were 1.9, 2.7, 2.8 and 3.5 times, respectively, than those without a family history of cancer. Compared to those without a history of cancer, participation in LDCT gradually increased as the number of cancer cases in the family increased (P < .001). Our findings suggest that there is room for improvement in lung cancer screening given the relatively low participation rate. Lung cancer screening in populations with a family history of cancer may improve efficiency and cost-effectiveness; however, this requires further verification."
059-875-618-510-129,"Regorafenib plus sintilimab as a salvage treatment for microsatellite stable metastatic colorectal cancer: a single-arm, open-label, phase II clinical trial.",Rui Liu; Zhi Ji; Xia Wang; Lila Zhu; Jiaqi Xin; Lijun Ma; Jiayu Zhang; Shaohua Ge; Le Zhang; Yuchong Yang; Tao Ning; Ming Bai; Jingjing Duan; Feixue Wang; Yansha Sun; Hongli Li; Ting Deng; Yi Ba; Jihui Hao,"Immune checkpoint inhibitors (ICIs) have limited efficacy in microsatellite stable (MSS) metastatic colorectal cancer (mCRC), and combination therapy needs to be further explored. In this single-arm, open-label, phase II trial (NCT04745130), we evaluate the efficacy and safety of the combination therapy of antiangiogenesis (regorafenib) and ICI (sintilimab) in patients with MSS mCRC. The primary endpoint is overall survival (OS). Secondary endpoints include progression free survival (PFS), objective response rate (ORR), disease control rate (DCR), duration of response (DoR) and safety. The median OS and PFS are 14.1 months (95% CI: 10.5-17.7) and 4.1 months (95% CI: 3.4-4.8), respectively. The ORR is 21.4%, DCR is 63.1%, and DoR is 13.0 months (95% CI: 2.5-23.5). Patients with RAS/RAF wild-type exhibit significantly longer median OS (23.3 months, 95% CI: 10.0-36.6) compared to those with mutations (12.1 months, 95% CI: 8.4-15.8). The combination therapy is well tolerated and has limited toxicity. Biomarker analysis, including transcriptome sequencing and multiplex immunohistochemistry staining are performed. The efficacy of this combination treatment is tied to specific gene expressions governing tumor metabolism. Moreover, the effectiveness of immunotherapy depends on the abundance of immune cells, as well as the distance between immune cells and tumor cells."
060-049-991-137-79X,112,Miranda L. Hanson; Julie A. Hixon; Wenqing Li; Barbara K. Felber; Miriam R. Anver; Charles A. Stewart; Wei Shen; Mairi McLean; Pieter Rottiers; Lothar Steidler; Scott K. Durum,
060-433-989-431-224,Coagulation in Cancer - Coagulation in cancer,David Green; Hau C. Kwaan,Alterations in Hemostasis Due to Cancer.- Dysregulation of Hemostasis by Cancer.- Effect of Cancer on Platelets.- Activation of Clotting Factors in Cancer.- The Role of Plasminogen-Plasmin System in Cancer.- The Coagulation System and Angiogenesis.- Thrombotic Disorders Associated with Cancer.- Overview of Cancer and Thrombosis.- Risk Factors for Thrombosis in Cancer Patients.- Thrombotic Microangiopathy Syndromes.- Disseminated Intravascular Coagulation (DIC) in Cancer.- Myeloproliferative Neoplasms: Thrombophilic Clonal Stem Cell Diseases.- Chemotherapy-Associated Thrombosis.- Catheter-Related Thrombosis.- Thrombosis in Childhood Cancer.- Treatment of Venous Thrombosis.- Effects of Anticoagulants on Cancer: Heparins.- Bleeding Disorders Associated with Cancer.- Thrombocytopenia and Cancer.- Bleeding Disorders Associated with Cancer Dysproteinemias.- Control of Bleeding in Cancer.
060-637-256-074-48X,"Rare cancers in Japan: definition, clinical features and future perspectives.",Akira Kawai; Takahiro Higashi; Taro Shibata; Akihiko Yoshida; Yoko Katoh; Yasuhiro Fujiwara; Toshirou Nishida,"This review introduces the definition, epidemiology and therapeutic challenges of rare cancers and describes the establishment of the Rare Cancer Center at the National Cancer Center, Japan. Rare cancers are defined as malignant tumors with an incidence rate of less than 6 cases per 100 000 individuals. Due to their low incidence rate, medical treatment for rare cancers is more challenging than for more common cancer types. Specifically, 190 types of cancers, including bone and soft tissue sarcomas, gastrointestinal stromal tumors (GISTs), neuroendocrine tumors and gliomas, are classified as rare cancers. Individually, each of the rare cancers accounts for less than 1% of all cancers, but collectively they account for 15% of all cancers. On the basis of their medical management, rare cancers can be subclassified into two types: Type I (rare cancers within cancer-rare organs) and Type II (rare cancers within cancer-common organs). Most importantly, the outcomes for rare cancers are poorer compared to those of common cancers. In 2014, the Rare Cancer Center was established at the National Cancer Center to address the various challenges related to rare cancers. The Rare Cancer Center has adopted a multifaceted approach for overcoming these challenges, including active sharing of information through a dedicated website and an online seminar series 'Rare Cancer Meet the Expert', providing medical support through telephone consultations via a 'Rare Cancer Hotline', supporting basic research and establishing the 'MASTER KEY Project' aimed at developing new treatments."
060-913-124-856-365,Avoid Selection Bias in Observational Study Based on Health Big Data,Sang Won Lee; Kwang Sun Ryu; Jae Ho Kim; Na Young You; Ha Ye Jin Kang; Yong Ha Hwang; Kui Son Choi; Hyo Soung,"Selection bias is a major problem in epidemiology study that distort the result. It is usually challenging to control the bias in observation study, especially when using the national health insurance data. Systematic prevention, exact matching, and the use of the propensity score are the popular ways of controlling the selection bias. This paper summarizes the gist of those methods giving examples from studies."
060-959-368-216-966,Value of FDG-PET/CT findings revised using an anthropomorphic body phantom for the evaluation of tumor malignancy grade in small-sized lung adenocarcinomas: A multicenter study,Haruhiko Nakayama; Y. Kato; Masahiro Tsuboi; Sakae Okumura; H. Daisaki; H. Uehara; Shuji Adachi; Masahiro Yoshimura; Morihito Okada,"7573 Background: The malignant behavior of small lung adenocarinomas (AD), which have been detected with increasing frequency recently, has not yet been clearly evaluated, and an understanding of this biological characteristic is vital for selecting the appropriate therapeutic strategy. We examined the malignancy grade of small lung ADs using FDG-PET/CT (PET), in addition to high-resolution CT (HRCT) and pathologic evaluation in a multicenter setting. Methods: A total of 204 patients with cT1N0M0 AD underwent PET and HRCT, followed by complete resection with lymph node dissection. The associations between components of bronchioloalveolar carcinoma (BAC) on pathologic examination and maximum standardized uptake value (maxSUV) on PET, ground-glass opacity (GGO) ratio and tumor disappearance rate (TDR) on HRCT were examined, and these findings were analyzed in relation to pathologic features and surgical outcomes. To reduce the errors in PET machines used for this analysis, maxSUV data were adjusted using an..."
061-144-121-085-641,Lung Cancer Risk Prediction Nomogram in Nonsmoking Chinese Women: Retrospective Cross-sectional Cohort Study.,Lanwei Guo; Qingcheng Meng; Liyang Zheng; Qiong Chen; Yin Liu; Huifang Xu; Ruihua Kang; Luyao Zhang; Shuzheng Liu; Xibin Sun; Shaokai Zhang,"<AbstractText Label=""BACKGROUND"">It is believed that smoking is not the cause of approximately 53% of lung cancers diagnosed in women globally.</AbstractText>;           <AbstractText Label=""OBJECTIVE"">The study aimed to develop and validate a simple and noninvasive model that could assess and stratify lung cancer risk in nonsmoking Chinese women.</AbstractText>;           <AbstractText Label=""METHODS"">Based on the population-based Cancer Screening Program in Urban China, this retrospective, cross-sectional cohort study was carried out with a vast population base and an immense number of participants. The training set and the validation set were both constructed using a random distribution of the data. Following the identification of associated risk factors by multivariable Cox regression analysis, a predictive nomogram was developed. Discrimination (area under the curve) and calibration were further performed to assess the validation of risk prediction nomogram in the training set, which was then validated in the validation set.</AbstractText>;           <AbstractText Label=""RESULTS"">In sum, 151,834 individuals signed up to take part in the survey. Both the training set (n=75,917) and the validation set (n=75,917) were comprised of randomly selected participants. Potential predictors for lung cancer included age, history of chronic respiratory disease, first-degree family history of lung cancer, menopause, and history of benign breast disease. We displayed 1-year, 3-year, and 5-year lung cancer risk-predicting nomograms using these 5 factors. In the training set, the 1-year, 3-year, and 5-year lung cancer risk areas under the curve were 0.762, 0.718, and 0.703, respectively. In the validation set, the model showed a moderate predictive discrimination.</AbstractText>;           <AbstractText Label=""CONCLUSIONS"">We designed and validated a simple and noninvasive lung cancer risk model for nonsmoking women. This model can be applied to identify and triage people at high risk for developing lung cancers among nonsmoking women.</AbstractText>;           <CopyrightInformation>©Lanwei Guo, Qingcheng Meng, Liyang Zheng, Qiong Chen, Yin Liu, Huifang Xu, Ruihua Kang, Luyao Zhang, Shuzheng Liu, Xibin Sun, Shaokai Zhang. Originally published in JMIR Public Health and Surveillance (https://publichealth.jmir.org), 06.01.2023.</CopyrightInformation>"
061-187-136-466-762,Phase II study of neoadjuvant docetaxel and androgen suppression (AS) plus radiation therapy (RT) for high-risk localized prostate cancer (HRLCaP),M. R. McKenzie; Kim N.; Alan J. Neville; S. Ellard; B. Baerg; D. Ruether; Eric Winquist; Rosalind A. Segal; Himu Lukka,"4631 Background: Docetaxel increases survival in hormone-refractory prostate cancer and is active in hormone-sensitive disease. In HRLCaP, improvement upon AS plus RT is required, as many patients ..."
061-296-001-477-352,Integrative dual ctDNA 5mC/5hmC methylomics and clonal reconstruction infer tumor transcription and resistance phenotypes in metastatic prostate cancer,Adam G. Sowalsky; Chennan Li; Anna Baj; Clara C. Y. Seo; Nicholas T. Terrigino; Jack Bright; S. Hennigan; Isaiah King; Scott Wilkinson; Tzu-Ting Huang; Shana Y. Trostel; William Figg; William L. Dahut; David Y. Takeda; Jung-Min Lee; Fatima Karzai,
061-424-394-434-639,Expression of Concern: Adjuvant Adenovirus-Mediated Delivery of Herpes Simplex Virus Thymidine Kinase Administration Improves Outcome of Liver Transplantation in Patients with Advanced Hepatocellular Carcinoma.,Ning Li; Jianfeng Zhou; Danhui Weng; Chenghua Zhang; Lixin Li; Beibei Wang; Yang Song; Qiang He; Dongdong Lin; Dazhi Chen; Gang Chen; Qinglei Gao; Shixuan Wang; Gang Xu; Li Meng; YunPing Lu; Ding Ma,
061-660-780-204-895,Identification of High-Risk Populations: The Cornerstone of Effective and Cost-Efficient Cancer Screening.,Wei Cao; Fei Wang; Ni Li,
061-792-055-153-68X,Harnessing the power of TCR-T cell therapy: A new era in cancer immunotherapy.,Yuanting Cai; Guo Zhao; Peiwen Ma; Hong Fang; Xueyuan Dong; Yuning Wang; Jiatong Ding; Shuhang Wang; Ning Li,
061-921-235-020-559,P-34 Does the chemotherapeutic efficacy of trifluridine/tipiracil plus bevacizumab change depend on pre-treatment vascular endothelial growth factor inhibitors?,H. Osumi; O. Akira; K. Shimozaki; I. Nakayama; T. Wakatsuki; D. Takahari; K. Chin; K. Yamaguchi; E. Shinozaki,
061-928-949-612-259,At the End of the Lung Cancer Screening Seminar,Motoyasu Sagawa; Tomio Nakayama; Kazuto Ashizawa; Chiaki Endo; Takeshi Kobayashi; Masami Sato; Kiyoshi Shibuya; Tomotaka Sobue; Daisuke Takenaka; Kenji Nishii; Masao Harada; Sumiko Maeda; Yuichiro Maruyama; Hiroyuki Miura; Hideki Mitomo; Kiyoshi Murata,"━━ In Japan, lung cancer screening was introduced nationwide in 1987. However, most municipalities and screening organizations initially did not know how to perform ""double interpretation of images"" and ""sputum cytology"", so ""Lung Cancer Screening Seminars"" held during the annual meetings of The Japan Lung Cancer Society were helpful for educating the employees of these organizations on how to conduct lung cancer screening. Now, more than 30 years later, the initial role of this seminar ""to spread understanding on the standard method of lung cancer screening nationwide"" has nearly been achieved, and the need for such a seminar-at least in the same form-has diminished. While the nationwide uniformity of quality assurance is still inadequate, it cannot be improved further by more seminars. Doctors engaged in the diagnosis and/or treatment of lung cancer patients are motivated to improve their skills in interpreting chest radiographic images; however, few programs with such an aim are offered at these annual meetings. Furthermore, because most such doctors do not engage in lung cancer screening, despite actually treating the patients detected by screening, educational courses concerning the ""lung cancer screening system"" are of great interest and use. Thus, in 2017, we decided to end the ""Lung Cancer Screening Seminar at the annual meeting of The Japan Lung Cancer Society"", and instead offer 1) , 2) and 3) below at the annual meetings, and 4) for local workers engaged in lung cancer screening. 1) A lecture on ""Lung Cancer Screening: The System and Current Status"" for young doctors. 2) A several-hour-long seminar/workshop regarding the interpretation of chest radiographs. 3) If needed, the Committee for Lung Cancer Screening may request a special lecture/symposium to the President of the annual meeting. 4) To recommend some members of the Committee as lecturers of training meetings/workshops on screening skills and quality assurance in local areas."
061-944-665-203-373,The Willingness Of Cancer Outpatients To Complete Patient-Reported Outcome Measures Outside Of The Clinic,Valerie Ho; Yuyao Song; Catherine Brown; Ashlee Vennettilli; Lawson Eng; A Zarrin; Aditi Dobriyal; L Chen; Maryam Mirshams; Devalben Patel; Henrique Hon; Vivien Pat; Anthea Ho; Hannah Solomon; Kyoko Tiessen; Henry Thai; Margaret Irwin; Mary Mahler; Wei Xu; Geoffrey Liu; Doris Howell,
062-278-507-901-71X,(The Utility of Cancer Registry Software in Korea): The Software of 'CANCER' by Korea Central Cancer Registry Program,Ji Young Oh; Young-Joo Won; Soon Jeong Koh; Kyu-Won Jung; Yoo Kyung Pu; Haeng Jung Choi; Hyun sook Lim; Hai Rim Shin,
062-332-920-147-989,"886TiP Recombinant human adenovirus type 5 combined with anti-PD-1 monoclonal antibody in the treatment of patients with advanced melanoma with previous immunotherapy failure: A single-site, single-arm, prospective study",J. Lin; B. Lan; L. Chen; L. Chen; Y. Huang; M. You; J. Liu; J. Xiong; H. Zhang; Y. Chen,
062-421-939-750-926,Attributable liver cancer deaths and disability-adjusted life years in China and worldwide: profiles and changing trends.,Mengdi Cao; Changfa Xia; Maomao Cao; Fan Yang; Xinxin Yan; Siyi He; Shaoli Zhang; Yi Teng; Qianru Li; Nuopei Tan; Jiachen Wang; Wanqing Chen,"<AbstractText Label=""OBJECTIVE"" NlmCategory=""OBJECTIVE"">Liver cancer is a major health concern globally and in China. This analysis investigated deaths and disability-adjusted life years (DALYs) with respect to etiologies and risk factors for liver cancer in China and worldwide.</AbstractText>;           <AbstractText Label=""METHODS"" NlmCategory=""METHODS"">Global and China-specific data were collected on liver cancer deaths, DALYs, and age-standardized rates (ASRs) from the Global Burden of Disease Study 2019 database. Liver cancer etiologies were classified into five groups and risk factors were categorized into three levels. Each proportion of liver cancer burden was calculated in different geographic regions. The joinpoint regression model were used to assess the trends from 1990-2019.</AbstractText>;           <AbstractText Label=""RESULTS"" NlmCategory=""RESULTS"">Liver cancer accounted for 484,577 deaths worldwide in 2019 with an ASR of 5.9 per 100,000 population. China had an elevated liver cancer death ASR in 2019 and males had an ASR 1.7 times the global rate. The global ASR for DALYs peaked at 75-79 years of age but peaked earlier in China. Hepatitis B virus was the prominent etiology globally (39.5%) and in China (62.5%), followed by hepatitis C virus and alcohol consumption. In high sociodemographic index countries, non-alcoholic steatohepatitis has gained an increasing contribution as an etiologic factor. The liver cancer burden due to various etiologies has decreased globally in both genders. However, metabolic risk factors, particularly obesity, have had a growing contribution to the liver cancer burden, especially among males.</AbstractText>;           <AbstractText Label=""CONCLUSIONS"" NlmCategory=""CONCLUSIONS"">Despite an overall decreasing trend in the liver cancer burden in China and worldwide, there has been a rising contribution from metabolic risk factors, highlighting the importance of implementing targeted prevention and control strategies that address regional and gender disparities.</AbstractText>;           <CopyrightInformation>Copyright © 2024 The Authors.</CopyrightInformation>"
062-630-329-398-188,Correction: Distinct Cell Adhesion Signature Defines Glioblastoma Myeloid-Derived Suppressor Cell Subsets.,Defne Bayik; Cynthia F Bartels; Katreya Lovrenert; Dionysios C Watson; Duo Zhang; Kristen Kay; Juyeun Lee; Adam Lauko; Sadie Johnson; Alice Lo; Daniel J Silver; Mary McGraw; Matthew Grabowski; Alireza M Mohammadi; Filippo Veglia; Yi Fan; Michael A Vogelbaum; Peter Scacheri; Justin D Lathia,"In the original version of this article (1), there were errors in Fig. 6. Specifically, the datapoints in the left half of Fig. 6F representing vehicle- and sitagliptin-treated mMDSCs were also used in the right half of Fig. 6F representing vehicle- and sitagliptin-treated gMDSCs and in Fig. 6E. The correct graphs for Fig. 6E and 6F have been provided, and the text has been updated to indicate the difference in Fig. 6E was not significant. The errors have been corrected in the latest online HTML and PDF versions of the article. The authors regret these errors."
062-845-993-262-236,"Cancer research, cancer treatment and cancer hazards",Schinz Hr,
062-934-960-990-426,"Safety and efficacy of HAIC or lenvatinib combined with sintilimab as neoadjuvant therapy for high recurrence risk resectable stage IB solitary hepatocellular carcinoma: A prospective, randomized, two-cohort, exploratory phase II clinical study.",Yunlong Cui; Chen Liu; Qiang Wu; Han Mu; Ge Yu; Dongming Liu; Xu Bao; Feng Fang; Wei Zhang; Huikai Li; Ping Chen; Hongyuan Zhou; Xiaomeng Liu; Lu Chen; Tianqiang Song,"<jats:p>;             <jats:bold>e16288</jats:bold>;           </jats:p>;           <jats:p>;             <jats:bold>Background:</jats:bold>;             PD-1/PD-L1 inhibitors combined with targeted agents or HAIC (Hepatic Arterial Infusion Chemotherapy) can reduce the burden of micrometastasis and improve clinical outcomes, which has shown promising efficacy as neoadjuvant therapy for resectable hepatocellular carcinoma (HCC). Combination regimens including immunotherapy are available for wider application due to the ease of implementation. This study aims to compare the safety and efficacy of lenvatinib combined with sintilimab versus HAIC as neoadjuvant therapy for resectable stage IB solitary hepatocellular carcinoma with high recurrence risk.;             <jats:bold>Methods:</jats:bold>;             This prospective, randomized, two-cohort, exploratory, phase II study (NCT05621499) enrolled patients with histologically confirmed resectable HCC. Patients with ECOG 0-1, Child Pugh A, and no prior treatment had at least one measurable lesion according to RECIST v1.1. The high risk of recurrence was defined by the investigators before surgery as stage Ib and solitary tumor with the largest diameter &gt; 5cm. Eligible patients were randomly assigned to receive HAIC-FOLFOX for 2 cycles (Group 1, G1) or sintilimab 200 mg Q3W and lenvatinib 12 or 8 mg QD for 2 cycles (Group 2, G2), and surgery was performed within 2-3 weeks after treatment. The primary endpoint was 1-year disease-free survival (DFS) rate. Secondary endpoints were incidence of microvascular invasion, pathological complete response (pCR) rate, objective response rate (ORR, by RECIST v1.1), 2-year DFS rate, 2-year overall survival (OS) rate, and safety.;             <jats:bold>Results:</jats:bold>;             As of December 31, 2024, 54 patients were enrolled and assigned to G1 (n = 27) and G2 (n = 27). At the cutoff date, 5 patients in G1 and 6 patients in G2 were still receiving treatment. Two patients in G2 were excluded due to poor liver function. Radiological evaluations were conducted for 40 patients (G1, n = 21; G2, n = 19). According to RECIST v1.1 and mRECIST, the ORR was 9.52% and 23.81% in G1, 31.58% and 57.89% in G2, respectively. 39 patients (G1, n = 21; G2, n = 18) underwent radical resection and all achieved R0 resection. In terms of pathological outcomes, no patients achieved complete response in G1, the pCR rates were 33.33% (6/18) in G2. No grade≥3 adverse events were observed during neoadjuvant treatment period in either group.;             <jats:bold>Conclusions:</jats:bold>;             Sintilimab in combination with lenvatinib was well tolerated and showed promising efficacy compared with HAIC as a neoadjuvant therapy for high recurrence risk resectable stage IB solitary HCC. The data of DFS was immature, and follow-up is continuing.;             <jats:related-object document-id=""NCT05621499"" document-id-type=""clinical-trial-number"" source-id=""10.18810/clinical-trials-gov"" source-id-type=""crossref-doi"" source-type=""clinical-trials-registry"">;               Clinical trial information:;               <jats:ext-link xmlns:xlink=""http://www.w3.org/1999/xlink"" ext-link-type=""uri"" xlink:href=""http://www.clinicaltrials.gov/ct2/show/NCT05621499"">NCT05621499</jats:ext-link>;             </jats:related-object>;             .;           </jats:p>"
063-473-017-710-320,Impact of the COVID-19 pandemic on exercise habits among cancer patients.,Caroline Himbert; Cassandra A Hathaway; Bailee Daniels; Karen Salas; Anjelica Ashworth; Biljana Gigic; Tengda Lin; Richard Viskochil; Anne C Kirchhoff; Douglas Grossman; Jennifer Ose; Jonathan Tward; Courtney Scaife; Jane C Figueiredo; Adetunji T Toriola; Anna Beck; David Shibata; Brian D Gonzalez; Cindy Matsen; Cristina Christenson; Debra S Ma; Howard Colman; Jason P Hunt; Kevin B Jones; Catherine J Lee; Mikaela Larson; Tracy Onega; Wallace L Akerley; Christopher I Li; Martin Schneider; Frank J Penedo; Erin M Siegel; Shelley S Tworoger; Cornelia M Ulrich; Anita R Peoples,"Purpose There is limited information on how the COVID-19 pandemic has changed health behaviors among cancer patients. We examined the impact of the pandemic on changes in exercise behaviors and identified characteristics associated with these changes among cancer patients. Methods Cancer patients (n  <b>=</b>  1,361) completed a survey from August-September 2020 to assess COVID-19 pandemic-related changes in health behaviors and psychosocial factors. Patients were categorized into 3 groups: exercising less, exercising did not change, and exercising more. Patient characteristics were compared by exercise groups. Results One-third of the patients reported a decreased amount of regular exercise, while 11% reported exercising more during the pandemic. Patients who exercised less were more likely to be unemployed/retired, undergoing active treatment, and had increased pandemic-related alcohol consumption and psychosocial stressors such as loneliness and financial stress (all <i>p</i>  < 0.05). In contrast, patients who exercised more were younger, female, full-time employed, did not consume alcohol, and had good health status and more social interactions (all <i>p</i>  < 0.05). Patients who were living in rural areas and did not experience changes in daily life, were also more likely not to experience changes in exercise habits (all <i>p</i>  < 0.05). Conclusion Our results indicate that a significant proportion of cancer patients experienced changes in exercise habits during the first 6 months of the COVID-19 pandemic. Age, sex, employment status, health status, alcohol consumption, and psychosocial factors were associated with changes in exercise behaviors. Providers should monitor for changes in health behaviors, such as exercise, because of their importance in improving cancer survivorship."
063-785-888-454-88X,Additional file 2 of The prognosis of hepatoid adenocarcinoma of the stomach: a propensity score-based analysis,Kai Zhou; Anqiang Wang; Sheng Ao; Jiahui Chen; Ke Ji; Qifei He; Xin Ji; Xiaojiang Wu; Ji Zhang; Zhongwu Li; Zhaode Bu; Jiafu Ji,Additional file 2.
064-586-837-933-631,Decreasing late mortality among five-year survivors of cancer in childhood and adolescence: a population-based study in the Nordic countries,Torgil Möller; Stanislaw Garwicz; Lotti Barlow; Jeanette Falck Winther; Eystein Glattre; Gudridur H Olafsdottir; Jørgen H. Olsen; Roland Perfekt; Annukka Ritvanen; Risto Sankila; Hrafn Tulinius,"PURPOSE: To assess the risk of death in patients who survive more than 5 years after diagnosis of childhood cancer and to evaluate causes of death in fatal cases. PATIENTS AND METHODS: This was a population-based study in the five Nordic countries (Denmark, Finland, Iceland, Norway, and Sweden) using data of the nationwide cancer registries and the cause-of-death registries. The study cohort included 13,711 patients who were diagnosed with cancer before the age of 20 years between 1960 and 1989 and who survived at least 5 years from diagnosis. By December 31, 1995, 1,422 patients had died, and death certificates were assessed in 1,402. Standardized mortality ratios (SMRs) for validated causes of death were calculated based on 156,046 patient-years at risk. RESULTS: The overall SMR was 10.8 (95% confidence interval [CI], 10.3 to 11.5), mainly due to high excess mortality from the primary cancer. SMR for second cancer was 4.9 (95% CI, 3.9 to 5.9) and was 3.1 (95% CI, 2.8 to 3.5) for noncancer death. The pat..."
064-734-445-511-554,Engineering Tumor Stroma Morphogenesis Using Dynamic Cell-Matrix Spheroid Assembly,Michael J. Buckenmeyer; Elizabeth Brooks; Madison S. Taylor; Liping Yang; Ronald J. Holewinski; Thomas J. Meyer; Mélissa Galloux; Marcial Garmendia‐Cedillos; Thomas J. Pohida; Þorkell Andrésson; Brad St. Croix; Matthew T. Wolf,"The tumor microenvironment consists of resident tumor cells organized within a compositionally diverse, three-dimensional (3D) extracellular matrix (ECM) network that cannot be replicated in vitro using bottom-up synthesis. We report a new self-assembly system to engineer ECM-rich 3D MatriSpheres wherein tumor cells actively organize and concentrate microgram quantities of decellularized ECM dispersions which modulate cell phenotype. 3D colorectal cancer (CRC) MatriSpheres were created using decellularized small intestine submucosa (SIS) as an orthotopic ECM source that had greater proteomic homology to CRC tumor ECM than traditional ECM formulations such as Matrigel. SIS ECM was rapidly concentrated from its environment and assembled into ECM-rich 3D stroma-like regions by mouse and human CRC cell lines within 4-5 days via a mechanism that was rheologically distinct from bulk hydrogel formation. Both ECM organization and transcriptional regulation by 3D ECM cues affected programs of malignancy, lipid metabolism, and immunoregulation that corresponded with an in vivo MC38 tumor cell subpopulation identified via single cell RNA sequencing. This 3D modeling approach stimulates tumor specific tissue morphogenesis that incorporates the complexities of both cancer cell and ECM compartments in a scalable, spontaneous assembly process that may further facilitate precision medicine."
064-833-869-509-566,Correction: The First-week Proliferative Response of Peripheral Blood PD-1+CD8+ T Cells Predicts the Response to Anti-PD-1 Therapy in Solid Tumors.,Kyung Hwan Kim; Jinhyun Cho; Bo Mi Ku; Jiae Koh; Jong-Mu Sun; Se-Hoon Lee; Jin Seok Ahn; Jaekyung Cheon; Young Joo Min; Su-Hyung Park; Keunchil Park; Myung-Ju Ahn; Eui-Cheol Shin,"In the original version of this article (1), Fig. 3A contained incorrect flow cytometry plots. The figure has been corrected in the latest online HTML and PDF versions of the article. The authors regret the error."
065-577-642-430-497,Cancer Care and Cancer Patients’ Experiences with Cancer,Jennifer Engler,
065-715-708-447-690,Correction: Quantitative Spatial Profiling of Immune Populations in Pancreatic Ductal Adenocarcinoma Reveals Tumor Microenvironment Heterogeneity and Prognostic Biomarkers.,Haoyang Mi; Shamilene Sivagnanam; Courtney B Betts; Shannon M Liudahl; Elizabeth M Jaffee; Lisa M Coussens; Aleksander S Popel,
065-838-620-814-468,Correction: Effectiveness of PARP Inhibitor Maintenance Therapy in Ovarian Cancer by BRCA1/2 and a Scar-Based HRD Signature in Real-World Practice.,Debra L Richardson; Julia C F Quintanilha; Natalie Danziger; Gerald Li; Ethan Sokol; Alexa B Schrock; Ericka Ebot; Neeru Bhardwaj; Tanesha Norris; Anosheh Afghahi; Anthony Frachioni; Christina Washington; Lauren Dockery; Julia Elvin; Ryon P Graf; Kathleen N Moore,
066-212-129-763-80X,Heterogeneous Nuclear Ribonucleoprotein A2/B1 Is a Negative Regulator of Human Breast Cancer Metastasis by Maintaining the Balance of Multiple Genes and Pathways,Yu Liu; Huan Li; Fan Liu; Li-Bin Gao; Rong Han; Chen Chen; Xue Ding; Shuang Li; Kun Lu; Ling Yang; Hui-Min Tian; Bin-Bin Chen; Xiao Li; Dong-Hui Xu; Xiao-Ling Deng; Song-Lin Shi,
066-269-586-817-911,MO9-5 Clinical implementation of cancer genomic medicine using gene profiling test under national health insurance in Japan,Ippei Fukada; Naomi Hayashi; Masumi Yamazaki; Gyohi Oh; Mari Hosonaga; Takeshi Nakajima; Seiichi Mori; Kengo Takeuchi; Shunji Takahashi,
066-524-667-161-999,CORRIGENDUM: Correction of acknowledgements & funding/grant support: The effect of curative resection on fecal microbiota in patients with colorectal cancer: a prospective pilot study.,Sung Sil Park; Bun Kim; Min Jung Kim; Seung Jae Roh; Sung Chan Park; Byung Chang Kim; Kyung Su Han; Chang Won Hong; Dae Kyung Sohn; Jae Hwan Oh,"[This corrects the article on p. 44 in vol. 99, PMID: 32676481.]."
066-615-941-861-677,Is cancer of the cardia an esophageal cancer or a stomach cancer,Paraf F,
066-672-441-349-125,Simultaneous endoscopic submucosal dissection for synchronous double early gastric cancer.,Akiyoshi Kasuga; Yorimasa Yamamoto; Junko Fujisaki; Kazuhisa Okada; Masami Omae; Akiyoshi Ishiyama; Toshiaki Hirasawa; Akiko Chino; Tomohiro Tsuchida; Etsuo Hoshino; Masahiro Igarashi,Background; This study aims to evaluate the safety and efficacy of simultaneous endoscopic submucosal dissection (ESD) for synchronous double early gastric cancers.
066-681-401-519-091,Comparison of the SureX® HPV genotyping test with the Digene Hybrid Capture® 2 test in cervical cancer screening.,Hehao Sun; Hong Wang; Yin Liu; Huifang Xu; Peipei Chen; Xingai Sun; Mengjie Li; Peiyao Li; Kunyao Li; Liyang Zheng; Shaokai Zhang,"<AbstractText Label=""Introduction"" NlmCategory=""UNASSIGNED"">Cervical cancer, predominantly caused by high-risk human papillomavirus (HR-HPV) infections, is a critical public health issue. Effective screening is essential. This study compares the SureX<sup>®</sup> HPV genotyping test, which detects 25 HPV types, with the widely used Digene Hybrid Capture<sup>®</sup> 2 (HC2) test, which targets 13 HR-HPV types, to determine their effectiveness in cervical cancer screening among Chinese women.</AbstractText>;           <AbstractText Label=""Methods"" NlmCategory=""UNASSIGNED"">From September to December 2016, women aged 21-64 years in Shanxi Province were screened for cervical cancer using both SureX<sup>®</sup> HPV and HC2 tests. Women with abnormal cytology test would be referred for colposcopy and biopsied if necessary. Concordance rates and kappa coefficients were calculated to analyze the concordance between the two tests. Sensitivity and specificity for detecting cervical intraepithelial neoplasia grade 2 and higher (CIN2+) cases of the two tests were calculated.</AbstractText>;           <AbstractText Label=""Results"" NlmCategory=""UNASSIGNED"">Among 3028 subjects analyzed in this study, the positive rate of the common set of 13 HR-HPV types for the SureX<sup>®</sup> HPV test was 15.0%, slightly higher than HC2 test's 13.5%. The overall concordance rate was 93.9% (95% CI: 92.95%-94.66%), with a kappa coefficient of 0.749 (0.715-0.783). Both tests demonstrated a sensitivity of 80.00% (54.81%-92.95%) for detecting CIN2+, with specificities of 85.30% (83.99%-86.52%) for SureX<sup>®</sup> HPV and 86.82% (85.57%-87.98%) for HC2. For CIN3+ detection, both tests had 100% (67.56%-100%) sensitivity, with specificities of 85.20% (83.89%-86.42%) for SureX<sup>®</sup> HPV and 86.72% (85.46%-87.89%) for HC2.</AbstractText>;           <AbstractText Label=""Discussion"" NlmCategory=""UNASSIGNED"">The SureX<sup>®</sup> HPV test exhibited excellent concordance with HC2 in detecting the common 13 HR-HPV types and similar sensitivity for identifying CIN2+ cases. Its broader capability to detect 25 HPV genotypes positions it as a promising option for cervical cancer screening.</AbstractText>;           <CopyrightInformation>Copyright © 2025 Sun, Wang, Liu, Xu, Chen, Sun, Li, Li, Li, Zheng and Zhang.</CopyrightInformation>"
066-808-258-491-844,Editor's Note: Diphenyl Difluoroketone: A Curcumin Derivative with Potent In Vivo Anticancer Activity.,Dharmalingam Subramaniam; Randal May; Sripathi M Sureban; Katherine B Lee; Robert George; Periannan Kuppusamy; Rama P Ramanujam; Kalman Hideg; Brian K Dieckgraefe; Courtney W Houchen; Shrikant Anant,"The editors are publishing this note to alert readers to concerns with this article (1). Specifically, in Fig. In addition, in Fig."
067-074-966-619-761,Retraction: ANGPTL1 Interacts with Integrin α1β1 to Suppress HCC Angiogenesis and Metastasis by Inhibiting JAK2/STAT3 Signaling.,Qian Yan; Lingxi Jiang; Ming Liu; Dandan Yu; Yu Zhang; Yan Li; Shuo Fang; Yan Li; Ying-Hui Zhu; Yunfei Yuan; Xin Yuan Guan,"This article (1) has been retracted at the request of the editors. The two cell lines used throughout the study, QGY-7703 and LO2, have been reported to be misidentified (2, 3)."
067-101-041-244-970,"Conference Proceedings for the International Forum on Quality Cancer Care September 8 and 9, 2018",David Kerr; Rahman Abdul; null Jazieh; Abdul Rahman Jazieh; David Kerr; Rachel Kerr; Nagham Sheblaq; Ola Babelli; Valerie Clark; Calum Kerr; Stewart Kerr; Debbie Stephenson; Marie Datario; George Tran; Jonathan Nicolla; Fred Friedman; Gregory Samsa; Peter Ubel; Kathryn Pollak; Yousuf Zafar; Abid Jameel; Sadaf Chiragh; Mohammed Algarni; Ashwaq Al Olayan; Fahad Azzumea; Abdul Rahman; Wu Lige; Wang Guohua; Deva Reddy; Reddy Ram; Reddy Sayukta; Mohammed Erraisse; Ouafae Masbah; Touria Bouhafa; Khalid Hassouni; Ghulam Syed; Mona Alshami; Khadega Abdulgasim; Nour Ibrahim; Salem Alshehri; Nashmia Almutairi; Saadia Ur-Razzaq; Safaa Al-Zeidaneen; Ali Al-Ebuos; Khadega Abuelgasim; Andrea Doherty; Kholoud Alameer; Ziad Alzahrani; Yahya Bakheet; Malia Ravestijn; Emelin Anfone; Allyn Alfeche; Erlinda Osmillo; Tayseer Mostafa; Mohsen Alzahrani; Hanan Edrees; Jamal Zekri; Azhar Nawaz; Haleem Rasool; Imran Ahmad; Hossam Rahman; Reyad Dada; Ehab Abdelghany; Kamel Farag; Refaei Belal; Mohamed Deibas; Mohamed Kamal Kamel; Ahmad Allithy; Abdullah Algarni; Riyadh Alghamdi; Abdulrhman Alzamil; Rayan Alturki; Mohammed Almutairi; Humoud Alhoraim; Emad Masuadi; Maaz Alata; Reem Zabani; Bouchra Abou; El Jaoud; Zineb Benbrahim; Hanae Bedoudou; Karima Oualla; Lamiae Amaadour; Samia Arifi; Naoufel Mellas; Mariam Benhami; Lamiae Amaadou; Naoufal Mellas; Faisal Farooqui; Ali Al Khathami; Tabrez Pasha; Ayman Hejazi; Abdullah Al Qarni; Al Zahrani; Al Faisal; Abdul Safi; Jazieh Rahman; Nashmia Al Mutairi; Abdulaziz Zaben; Ahmed Bin; Meryem Azegrar; Lamiae Amadour; Naoufal Mellas; Mermey Azegrar; Naoufal Mellas,"Cancer Care Commission www.cancercarecommission.comIt is our pleasure to introduce to our colleagues the Proceedings of the third annual International Forum for Quality Cancer Care (IFQCC2018), which is held in Oxford, UK at Keble College, Oxford University, on September 8 and 9, 2018.This publication contains 50+ abstracts submitted by contributors from 11 countries tackling various aspects of cancer care. These abstracts will be presented at the IFQCC meeting in oral and poster sessions to facilitate exchange of experience among participants.These presentations will be alongside a unique program in which oncology global leaders are discussing critical topics in value-driven cancer care as part of the Cancer Care Commission's efforts to enhance the quality of cancer care globally.We would like to thank all our faculty, authors, and staff who helped in making the Forum a reality.Prof. David KerrPresident, IFQCC 2018, Oxford University, UKProf. Abdul Rahman JaziehChairman, IFQCC 2018, Ministry of National Guards Health Affairs, Saudi ArabiaAbstract Management CommitteeAbdul Rahman Jazieh, David Kerr, Rachel Kerr, Nagham Sheblaq, Ola Babelli, and Valerie ClarkOrganizing CommitteeCalum Kerr, Stewart Kerr, Debbie Stephenson, and Marie DatarioA Novel, Web-Based Intervention to Reduce Cancer Treatment-Related Financial Distress: A Randomized Controlled Pilot StudyGeorge Tran, Jonathan Nicolla, Fred Friedman, Gregory Samsa, Peter Ubel, Kathryn Pollak, Yousuf ZafarDuke University, Durham, NC, USAIntroduction: Many on experience for on on and to of to of and on to and of aspects of cancer cancer who and in oncology to care and from to care to for the to is the for aspects of cancer care and be and a to to of of aspects of the a in to a would a and in of the aspects of cancer and and in in cancer as quality of and by to cancer is for in countries as is from of of is of Many to by of and a to in to of of the cancer for the and on to the of cancer as part of in who to for at a who the of 2018, the of is in to the of the of at and in quality of the of cancer on the and on various in the program from all who to cancer of at and and by and of a of for and would would the of and for to is and Abdul Rahman Ministry of National Health Affairs, Saudi of cancer is for and the of the and and to of critical for cancer the cancer program program and in at A from all which are in cancer care of cancer a to care and who cancer are and by the cancer program which and and the is to the of the program is to the and the cancer to be and to to in on is of of to the cancer program a of of cancer in of all by are the cancer to the and the as the of the cancer the and in and cancer program in the and of cancer as and to the which a on and of and is the of for who is of cancer of a for and a of on to to for and care in cancer of cancer and and to the in of as to the the is is to and is to the by to is the by to of to and the of to the and of to in the of in and in the of in and in and the of in and in the the the of the and the the at in in is a and to to the of and the will for and the quality of Cancer in for the to to cancer and and be in cancer Cancer and will by at the of for Cancer for cancer by by of the to be by the by Cancer the is for and Cancer the and for is the and for is Cancer is to the and is and for cancer and will the and in the cancer care to to in countries is and the cancer our for a in the to a and for and on to to to from to as the of at 8 to at to 8 to and on to the from to to 8 the to the oncology to the to to a on the to the and is and to a and and for to from to to is a of is are of the for a and Abdul Rahman Saudi of oncology and is and and in to the A in for of the of in oncology A from the of and quality to the of of on the National Cancer the on the of in of of and on the a and and of of to the of and of oncology and of the of the of the in 2018, the for the of a of in the of the a of A in the for to from to the of and by which be to in of and on the the care as the the in our for will for of and in the of on Quality of Cancer University, of and to from the to of are to from the of the which is the of the of on the and of cancer A presented of the from in on the the of in and to and by the to and to to which is of the the of the of the and as of of to to the of the of the of of who are from on the in all and is by to the are and of to of the of the of efforts at and and efforts and the of to the A Saudi global efforts to to the and of a to among oncology and in in Saudi A of in of in in the of of quality is to by a care by discussing and of to by and and a and and the to a in the of to the from and in the and of a for and of of and sessions and the of a in by in is as as in are efforts from to our and is to and efforts to are in Saudi will a to the of quality and to be a in for cancer is to the of the program in the Saudi University, Saudi Cancer University, University, is for of is in the of by to and the of in for cancer who and and and at the of the and as to of of in in in of the and as a in the the of for and for in and of the the of and and of for and and are in the of and the of for for Health Saudi quality of is a is the and the quality of be to the quality of care in care to the quality of among cancer in and to and quality of is a who by and by the for and of Cancer in and global quality of the from and and and a cancer from and in to and cancer in global quality of to and cancer in and to quality of of cancer is a to be to the of of cancer on the quality of as of of cancer and the quality of of cancer Abdul Rahman Saudi of a Quality at the of oncology and in program to our oncology and to our to at of Saudi is a A and in and to our the and and by of who are in our and to and on of of and a for to be by the our third to our for from to and in of the in of which our for and by to on the by and the to on our to our to on University, Saudi Saudi Saudi for in cancer are and is a and of is to for of of from in for by to by the to the and and for which in by of which by a of by and the to by in by of which by a of by for and in of which by and a of by of which and the by is from the for by of in to and for are by and to Saudi University, Saudi National College, Saudi a of cancer and the of to for of are to be to our experience of the and the to the who and of and to from the from the which is on and the and of a the and the and in and of to and in and of and and the is to of on and in and for are and and for are and are and at of a of for by of the to and be as a are to and as University, Saudi and Saudi for cancer the of the to and to be to for in of of and and to of and in of are and and in the and of in the the of and in be as for to and University, University, Saudi Saudi Cancer for Health Saudi University, Saudi University, are in cancer and to and are to be for on of the of and in the of of at cancer from who and from and and from and and at of in and in of to in and in of to and in and for and for of the of and in and the and in and in on to on the and a of and in and from in is to in of is in of are in oncology for the of and of in the in is to be to to our oncology in to the in in of who in for and and as and of on in all like and in all the of A of in in various of for by and cancer and cancer 11 as which and for in on to be of to be a in as and of in the of the of is for the of oral in cancer all of for a of on from of oral in cancer cancer is of and the is is to for and the is to International is from cancer the and the of and in which Oxford Cancer in and in by cancer and are to a unique cancer and will a in cancer of which is to the is held in the at and at in the and the and the the for the of the International of and and the and the of the will be by the and will be by and staff in the the and the of a of the quality of to the of the of A of and held for of the on all for the the and making staff to and which the of and in at and as as for and and and of from and a and and of as as is to by David University, cancer is of the in the are and is and and among which the of in cancer and the of cancer and of and in of cancer by to the of and the of the the and is is the and is is the is is the and is is the and is is the and is is the and of in cancer is and of the of and be to the of cancer to and is a of on the of and the of are and which on a to and the quality of is to the to and in the of a at a of and 11 and 8 of and a of for and of our of of to of to of presented a in and all for of of in our of the of by who to the at of to who to the of to our for to care to all our for of all of of the are to countries is a care A of from to in the of of for to of care in of of 8 and a in the of the of to the to all for of on in in a of and a of 8 and of a of and a of of the of is and be the of for of and be for of the for of all is the of in the of of the of and of A from to in the of oncology at in which for of 8 in the and a in the of of a in the in in and in of presented presented a and of the on the to and and and to the in of and is from and and in of our Cancer for care in and is Cancer is a in the of the in the care to cancer and of of cancer from to cancer of for and for of in and cancer the cancer in and cancer as the cancer in a care in and care by National Cancer and the and the for and Cancer a program for a in and Care for program in to the and to to for cancer a of and care to by for the program among the and care and of and to of the program for of a of and a in cancer is for is the for the of in of in of and of our is to the experience of at the in and to and the at the in and and to a a a a and a to of our cancer a of our are for the and which is of from to and from to at the are to for the and for the to of the are at the a on a are held in the to in like are are a of are the the is in for the the from and in oncology are and quality of cancer is is the and is a to the to quality for the cancer is a in is is by in a in and and in the of of the of A of in a of of in from to and in of the the to be and in and of of to the by at and the of to our and to be the and which is the of a which is to in of the of a and in oncology are for in on and in to to the by to in a which is all for of is to the aspects of to a of of on of in the These held a the of of submitted in of the meeting of the of for the of the the and in to the and in a in of in the of of and and of the the of the and are in a to the the the and the of the our to oncology and care our in a and a of the on the the is a of for and quality of care for is to all of in the to the care of College, of is in is and the are of the and of the is and of our is to the and a a of from to on who in at and in in the who at from the of the from to a of on in of the on the in the in in in the of our is are and which will on the for and is in is a be the experience of the and is to the the quality of of cancer is as a and quality of in to of is to the of and in to and in cancer to the to and on the quality of of in of oncology and of from to cancer and the International of as as a global quality of of in the and of at a of a of and in of who in of of A of in of the in of of a of presented a in of of in a of the of the of the quality of of a be on and Abdul Rahman Ministry of National Health Affairs, in from to in in which to of and in at the of in to by the A the from to various at the to the of of the in the in the and the to the and to all the to be care and to A meeting to various aspects of and in a among the staff and and of and Management on a in the from to of from to to among making on oncology and a the of and of by is on to to the Abdul Rahman Ministry of National Health Affairs, Saudi to in and to on critical to of the who of of and in to the in and of for to the as the in the in from in to in from in to in from in to in a from in to in a of in in the of in which the in and to of a Abdul Rahman Ministry of National Health Affairs, Saudi a in of to critical which to the and quality of care. a program to to to critical to as by A to of in and of and to in the the and which and A to for of care of the critical in the for on a for to of to to to the and the care of all the critical care to from to the from the and to by at of and at and the as a by the for of as a of to the and by and among Abdul Rahman Ministry of National of Health Affairs, Saudi to care to to of who for and who be for making and the to at and for the and a Management by and a and a and care in and for the of the which a in in the of for and in the to in of for Care the of in in and making to to the in and in to in to to the from from of oncology in the from and in the to among the of the of of to the of care of in and in Cancer care and in to the and in of for and cancer the to the of cancer the of a and for of and and and of to a of of to and and as a cancer on the and for in and for and for and be of and in of and to Cancer oncology to cancer in cancer is the to for cancer is by the of is the at the the unique to the of the to to efforts is by the and of the are be on to from 8 as our for which for as as on and in to for of cancer to be by our is the the is to is for and for our the the in from to to the quality are are are are are of a of to and our of the and and be on to cancer is the of is which in the of and These the and in of cancer of is to the and of a of is a of cancer in the of the and and the to and of in of the of of and of at of A of and of the as and for the cancer of and the and the among cancer is and are of among cancer to cancer the of the and enhance is in to and quality of is the of a of for cancer oral for of of the of the 8 of by of A in of to to a in the on to oral and the to oral a and of a of to a in the of and oral of our to and the and and to and cancer is the of the cancer is to is and is to and and and is a and in the oncology at the of on a to and of to and of and a the a of to in the of and in and of the the and in in in in of and and the of and in be to and of as as and and and be to of of are in of to the quality of of a on the quality of of a and and the to the quality of of the of and the the the and for of global and and and and in and on the of the to of to and to in the global in of of the the in of in and in of of the in of in in and in of A of the in of in of in and in of in of in and in of for a quality of the of the on the of the and cancer experience and in to as and to cancer and and and to the of is to the and of cancer and and a the is from and A at on in the of A as as of on and and and of and and among A the for is to be in and and and as a for a of and and a of and to A and of and and A of and and are in and and in from will the for to in and quality of care in and which are University, of cancer in of on of in the the of the is the cancer at the from to and to and and A of a of the of of the and third and of at as the for to be and in the as in the is a of which be as and in of Cancer from to and in and is critical to to at to the for for the to the of the and from to to from the of who a a the the to the of the and 11 from of and and of and and to the from to to the and the the third for the and for the and the to from to to the the to the a of of the the a the a and the the the and for the and and for the by oral and is to to our and the from of as as of Many of cancer from from the and to the of oral in our of our for to in to the to the and of and at oral from to the of our in a and a of on the and the of oral by a a and a of the and of the and and and for the are as of and and a and a of and is at and is is the is a and is a the be a of the is at of be by of in at in are the in are the of a and the a from to at is for the and a and is to of oral is and is to on to the to our and Ministry of National Health Affairs, Saudi to on cancer the of our of to National Cancer at our A at and and quality of and by staff in the oncology and for cancer from in A of and of the in of the of at is in of the Management as for of the and as for of and of are to the of the the cancer of of the for and to and of the our and of is is a for in the to and to which will be in Ministry of National Health Affairs, Saudi are Saudi and is to a of is a of the of the and the the and be in oncology at to a is and are to to the and oncology A is to the of the the and to introduce a to the to the and in for cancer of the of in the oncology by on cancer and the and the of the to the of A quality is in to the of the and will be the of experience for of the will be of the is by the which the and to the of the the are in is of will be and the in a of the and in and the of the the and for to be are in to the of the and a of the care a and to the for the and the of is of the of the of cancer to and to the of meeting in at our to the is a of held in the a of in the of the and at the of held of of meeting of cancer in of a of of our of of the in to the and in of in the to a of of is the in the of cancer in experience the in of the of discussing all in the cancer for of all to of cancer to of the of is a as and of is to the and the of of A in the of at of from to all and a of of to of and care. of to for who and for who a of 8 the for and for for and for to on the of enhance the global and the in from a cancer of our the of to for of is a of which by for the and the of be on of on the of in the and the of to and in the of is to the of at the of of cancer cancer in care a in the oncology of of for and the and cancer and of of the and the of as and of a of on of and the the of and the a is be University, University, USAIntroduction: of on all aspects in care of and and the of of of to program in and care are our unique of in the in and is of care for in for and of to in to from the the of all and the the are to all of our to the to the a of and to and to and of to the and for the from and for of and of of who the from and and for the of and and the for for and for to and to and to in a program in of is and of for as are to quality and for of for and at cancer the of cancer cancer in and cancer in in and be by and and A and for in a of to the of and of in the and of is a for cancer of a A and to by care for for at the and to the the to a program of of the of quality by program will to on and are and as part of the cancer the and in the program in to of and in of and are to of and a cancer of of the the of in is in of to be in the the of of the on will be for the program to be the of are in of to of for and is a on in the oncology and in oncology from to of of and the in of of from of in in be A in in of a in and in to the in at a of a quality of for the to care a in of and to cancer care and in of the of care as cancer and the of cancer in and care. in and of the in cancer cancer at and to of like is in A to the of to cancer care. care is to in a to by of oncology be to all of University, for is and to and quality of of and is part of a and to our of the quality of of of and care will to the to of a to in and of the to the quality of among who a and care who for a and and A of to the quality of of of and care on the and of the to be in the of the of the care in the of of care and the of care and and care quality of and of and to enhance the"
067-280-780-870-496,Pre-cancer and cancer,Vivienne O'Connor; Gabor Kovacs,A summary is not available for this content so a preview has been provided. Please use the Get access link above for information on how to access this content.
067-604-172-781-834,Tumour-intrinsic features shape T-cell differentiation through myeloma disease evolution,Kane A. Foster; Elise Rees; Louise Ainley; Eileen M. Boyle; Lydia Lee; Gwennan Ward; Daria Galas-Filipowicz; Anna Mikolajczak; Emma J. Lyon; Dylan Jankovic; Jasmine Rahman; Mahima Turakhia; Imran Uddin; Gordon Beattie; Yvette Hoade; Catherine Zhu; James L. Reading; Ieuan Walker; Michael Chapman; Karthik Ramasamy; Javier Herrero; Benny Chain; Sergio A. Quezada; Kwee L. Yong,"<jats:title>Abstract</jats:title>;                 <jats:p>The haematological malignancy multiple myeloma is associated with skewed T-cell activation and function. T-cell alterations are detectable in asymptomatic myeloma precursor conditions and have the potential to identify precursor patients at imminent risk of progression. However, what myeloma-associated T-cells alterations represent mechanistically, how they relate to tumour burden and gene expression, and what influences high inter-patient variability in immune composition remains unknown. Here, we assembled the largest ever dataset of published and newly-generated single-cell RNA and TCR sequencing of the marrow and blood from patients with myeloma, precursor conditions, and age-matched non-cancer controls. We show myeloma is not associated with T-cell exhaustion and instead defined by a pattern of T-cell differentiation resembling antigen-driven terminal memory differentiation. Myeloma-associated T-cell differentiation was dependent on tumour-intrinsic features including tumour burden and tumour expression of antigen-presentation genes. Expanded TCR clones accumulating in myeloma were not enriched for viral specificity and were detected in effector states in highly infiltrated marrows. Together, these results suggest anti-tumour immunity drives a novel form of cancer-associated T-cell memory differentiation in myeloma.</jats:p>"
067-675-992-311-123,Retrospective analysis of platinum-based concurrent chemoradiotherapy using 3D conformal radiation therapy for hypopharyngeal cancer,Itsuko Serizawa; Takashi Toshiyasu; Yasuko Kumai; Kenji Nakano; Akira Seto; Wataru Shimbashi; Toru Sasaki; Hirofumi Fukushima; Hiroyuki Yonekawa; Yukiko Sato; Hiroko Tanaka; Shunji Takahashi; Hiroki Mitani; Masahiko Oguchi,
067-875-127-208-830,Single B cell transcriptomics identifies multiple isotypes of broadly neutralizing antibodies against flaviviruses,Jay Lubow; Lisa M Levoir; Duncan K Ralph; Laura Belmont; Maya Contreras; Catiana H. Cartwright-Acar; Caroline Kikawa; Shruthi Kannan; Edgar Davidson; Benjamin J. Doranz; Veronica Duran; David ER. Sanchez; Ana M. Sanz; Fernando Rosso; Shirit Einav; Frederick A IV Matsen; Leslie Goo,Raw and processed data files (see README.md).
067-983-463-488-323,Editor's Note: Inverse Correlation of STAT3 and MEK Signaling Mediates Resistance to RAS Pathway Inhibition in Pancreatic Cancer.,Nagaraj S Nagathihalli; Jason A Castellanos; Purushottam Lamichhane; Fanuel Messaggio; Chanjuan Shi; Xizi Dai; Priyamvada Rai; Xi Chen; Michael N VanSaun; Nipun B Merchant,
068-221-633-981-539,Genomic alterations and transcriptional phenotypes in circulating tumor DNA and matched metastatic tumor,Nobuyuki Takahashi; Lőrinc Sándor Pongor; Shivam P. Agrawal; Mariya Shtumpf; Vinodh N. Rajapakse; Ahmad Shafiei; Christopher W. Schultz; Hyun Kim; Diana Roame; Paula Carter; Rasa Vilimas; Samantha Nichols; Parth Desai; William D. Figg; Mohammad Bagheri; Vladimir B. Teif; Anish Thomas; Anish Thomas,"These findings have important implications for non-invasive stratification and subtype-specific therapies for patients with SCLC, now treated as a single disease."
068-237-282-561-490,"Older adult oncology, version 2.2016: Featured updates to the NCCN guidelines",Noam Van Der Walde; Reshma Jagsi; Efrat Dotan; Joel M. Baumgartner; Ilene S. Browner; Peggy S. Burhenn; Harvey J. Cohen; Barish H. Edil; Beatrice J. Edwards; Martine Extermann; Apar Kishor Ganti; Cary P. Gross; Joleen M. Hubbard; Nancy L. Keating; Beatriz Korc-Grodzicki; June M. McKoy; Bruno C. Medeiros; Ewa Mrozek; Tracey O'Connor; Hope S. Rugo; Randall Rupper; Dale Shepard; Rebecca A. Silliman; Derek L. Stirewalt; William P. Tew; Louise C. Walter; Tanya M. Wildes; Mary Anne Bergman; Hema Sundar; Arti Hurria,"Cancer is the leading cause of death in older adults aged 60 to 79 years. Older patients with good performance status are able to tolerate commonly used treatment modalities as well as younger patients, particularly when adequate supportive care is provided. For older patients who are able to tolerate curative treatment, options include surgery, radiation therapy (RT), chemotherapy, and targeted therapies. RT can be highly effective and well tolerated in carefully selected patients, and advanced age alone should not preclude the use of RT in older patients with cancer. Judicious application of advanced RT techniques that facilitate normal tissue sparing and reduce RT doses to organs at risk are important for all patients, and may help to assuage concerns about the risks of RT in older adults. These NCCN Guidelines Insights focus on the recent updates to the 2016 NCCN Guidelines for Older Adult Oncology specific to the use of RT in the management of older adults with cancer."
068-578-258-321-484,Prevalence and clinicopathologic features of mismatch repair–deficient endometrial cancer in Japanese patients younger than 50 years: a single-center prospective observational study,Hidetaka Nomura; Akiko Abe; Atsushi Fusegi; Shogo Yamaguchi; Tsubasa Kon; Eitaro Funada; Yuri Kuratomi; Toshiaki Watanabe; Mayumi Kamata; Risako Ozawa; Shogo Nishino; Motoko Kannno; Sachiho Netsu; Yoichi Aoki; Makiko Omi; Sanshiro Okamoto; Mayu Yunokawa; Arisa Ueki; Akiko Tonooka; Hiroyuki Kanao,"<title>Abstract</title>;                 <p>;                   Background; Universal tumor testing is increasingly recommended for Lynch syndrome (LS). However, data involving younger Japanese patients are still limited. This study aimed to prospectively evaluate the prevalence and clinicopathologic profile of DNA mismatch repair (MMR)–deficient (dMMR) endometrial cancers (EC) in patients aged under 50 years, and characterize immunohistochemical (IHC) loss patterns and genetic testing results.; Methods; Consecutive patients with EC aged under 50 years were prospectively enrolled at a single Japanese institution. Diagnostic specimens underwent MMR IHC (;                   <italic>MLH1, MSH2, MSH6</italic>;                   , and;                   <italic>PMS2</italic>;                   ). Clinicopathologic variables were compared between proficient MMR (pMMR) and dMMR.; Results; Among 85 patients, 20 (23.5%) had dMMR. Grades differed when dichotomized as G1 versus G2–G3 (;                   <italic>p</italic>;                    &lt; 0.01). FIGO stage distribution also varied between groups (;                   <italic>p</italic>;                    = 0.021); stage I was 53/65 (81.5%) in pMMR and 11/20 (55.0%) in dMMR (;                   <italic>p</italic>;                    = 0.035). Among dMMR tumors, IHC patterns were loss of;                   <italic>MLH1/PMS2</italic>;                   (;                   <italic>n</italic>;                    = 10), loss of;                   <italic>MSH2/MSH6</italic>;                   (;                   <italic>n</italic>;                    = 5), and isolated loss of;                   <italic>MSH6</italic>;                   (;                   <italic>n</italic>;                    = 5). Of the 8 (40.0%) patients with dMMR who underwent germline testing, 5 had LS (;                   <italic>MLH1/PMS2</italic>;                   loss: 1/3;;                   <italic>MSH2/MSH6</italic>;                   loss: 3/3;;                   <italic>MSH6</italic>;                   isolated loss: 1/2). The overall dMMR prevalence in this young cohort was comparable to that in all-age series from multiple regions.; Conclusions; In this prospective Japanese cohort, approximately one in four patients with EC had dMMR, with clinicopathologic features skewing toward a higher grade. Notably, many dMMR tumors were grade 2–3, thereby not eligible for fertility-sparing treatment.;                 </p>"
068-636-966-824-229,A Comprehensive and Comparative Review of Global Gastric Cancer Treatment Guidelines.,Sang Soo Eom; Wonyoung Choi; Bang Wool Eom; Sin Hye Park; Soo Jin Kim; Young Il Kim; Hong Man Yoon; Jong Yeul Lee; Chan Gyoo Kim; Hark Kyun Kim; Myeong-Cherl Kook; Il Ju Choi; Young-Woo Kim; Young Iee Park; Keun Won Ryu,"Countries differ in their treatment expertise and research results regarding gastric cancer; hence, treatment guidelines are diverse based on evidence and medical situations. A comprehensive and comparative review of each country's guidelines is imperative to understand the similarities and differences among countries. We reviewed and compared five gastric cancer treatment guidelines in terms of endoscopic, surgical, perioperative, and palliative systemic treatment based on evidence levels and recommendation grades, as well as the postoperative follow-up strategies for each guideline. The Korean, Chinese, and European guidelines provided evidence and grading of the recommendations. The United States guidelines suggested categories for evidence and consensus. The Japanese guidelines suggested evidence and recommendations only for systemic treatment. The Korean and Japanese guidelines described endoscopic treatment, surgery, and lymphadenectomy in detail. The Chinese, United States, and European guidelines more intensively considered perioperative chemotherapy. In particular, the indications for chemotherapy and the regimens recommended by each guideline differed slightly. Considering their medical situations, each guideline had some diversity in terms of adopting evidence, which resulted in heterogeneous recommendations. This review will help medical personnel to comprehensively understand the diversity in gastric cancer treatment guidelines for each country in terms of evidence and recommendations."
068-846-496-306-579,Correction: a comparative study of 18 F-PSMA-1007 PET/CT and pelvic MRI in newly diagnosed prostate cancer.,Zhenyan Ye; Ying Kou; Jiaqi Shen; Jun Dang; Xiaofei Tan; Xiao Jiang; Xiaoxiong Wang; Hao Lu; Shirong Chen; Zhuzhong Cheng,
069-134-237-601-187,Cancer and Cancer Care - Cancer and Mental Illness,Maureen Deacon; Elise Hymanson,
069-174-910-062-74X,464eP Phase II trial of adjuvant sintilimab in lymph node-positive esophageal squamous cell carcinoma (ESCC) after radical surgery without neoadjuvant treatment,C. Wang; L. Xu; R. Ruan; G. Song; C. Yu; W. Wei; K. Tao; Q. Chen; J. Li; J.F. Wang; Y.H. Jiang; W. Mao,
069-630-660-125-221,Correction: Oleanolic Acid Inhibits Epithelial-Mesenchymal Transition of Hepatocellular Carcinoma by Promoting iNOS Dimerization.,Hongzhi Wang; Weilong Zhong; Jianmin Zhao; Heng Zhang; Qiang Zhang; Yuan Liang; Shuang Chen; Huijuan Liu; Shumin Zong; Yixuan Tian; Honggang Zhou; Tao Sun; Yanrong Liu; Cheng Yang,
069-775-488-685-776,A strategy to reduce the false-positive rate after low-dose computed tomography in lung cancer screening: A multicenter prospective cohort study.,Zheng Wu; Fengwei Tan; Yaozeng Xie; Wei Tang; Fei Wang; Yongjie Xu; Wei Cao; Chao Qin; Xuesi Dong; Yadi Zheng; Zilin Luo; Chenran Wang; Liang Zhao; Changfa Xia; Jiang Li; Renda Li; Feiyue Feng; Jibin Li; Jiansong Ren; Jufang Shi; Hong Cui; Sipeng Shen; Ning Wu; Wanqing Chen; Ni Li; Jie He,"<AbstractText Label=""BACKGROUND"">The ability of lung cancer screening to manage pulmonary nodules was limited because of the high false-positive rate in the current mainstream screening method, low-dose computed tomography (LDCT). We aimed to reduce overdiagnosis in Chinese population.</AbstractText>;           <AbstractText Label=""METHODS"">Lung cancer risk prediction models were constructed using data from a population-based cohort in China. Independent clinical data from two programs performed in Beijing and Shandong, respectively, were used as the external validation set. Multivariable logistic regression models were used to estimate the probability of lung cancer incidence in the whole population and in smokers and nonsmokers.</AbstractText>;           <AbstractText Label=""RESULTS"">In our cohort, 1,016,740 participants were enrolled between 2013 and 2018. Of 79,581 who received LDCT screening, 5165 participants with suspected pulmonary nodules were allocated into the training set, of which, 149 lung cancer cases were diagnosed. In the validation set, 1815 patients were included, and 800 developed lung cancer. The ages of patients and radiologic factors of nodules (calcification, density, mean diameter, edge, and pleural involvement) were included in our model. The area under the curve (AUC) values of the model were 0.868 (95% CI: 0.839-0.894) in the training set and 0.751 (95% CI: 0.727-0.774) in the validation set. The sensitivity and specificity were 70.5% and 70.9%, respectively, which could reduce the 68.8% false-positive rate in simulated LDCT screening. There was no substantial difference between smokers' and nonsmokers' prediction models.</AbstractText>;           <AbstractText Label=""CONCLUSION"">Our models could facilitate the diagnosis of suspected pulmonary nodules, effectively reducing the false-positive rate of LDCT for lung cancer screening.</AbstractText>;           <CopyrightInformation>© 2023 The Authors. Cancer Medicine published by John Wiley &amp; Sons Ltd.</CopyrightInformation>"
070-275-251-555-898,EP.12B.15 ALK-Fusion Positive NSCLCs: Diversity in Mutations and Co-Mutations with Therapeutic Perspective and Clinical Outcomes,A. Joshi; K. Joshi; U. Maheshwari; K. Jobanputra; D. Morzaria; V. Maniar; P. Kalaskar; R. Wategaonkar; R. Dave; S. Jagiasi; S. Sheth; T. Sethjiwala; C. Bose; P. Devde; P. Khandare,
070-456-975-864-285,Correction: Porphyromonas Gingivalis Promotes Colorectal Carcinoma by Activating the Hematopoietic NLRP3 Inflammasome.,Xi Wang; Yiqun Jia; Liling Wen; Wenxin Mu; Xianrui Wu; Tao Liu; Xiangqi Liu; Juan Fang; Yizhao Luan; Ping Chen; Jinlong Gao; Ky-Anh Nguyen; Jun Cui; Gucheng Zeng; Ping Lan; Qianming Chen; Bin Cheng; Zhi Wang,"In the original version of this article (1), there was an error in Fig. 5C. Specifically, the DAPI image used for the control MC38 tumor tissue immunofluorescence was mistakenly taken from another field and did not match the DAPI staining in the merged image. The correct image has been provided, and the error has been corrected in the latest online HTML and PDF version of the article. The authors regret this error."
070-989-219-547-112,A phase I dose escalation trial of ispinesib (SB-715992) administered days 1–3 of a 21-day cycle in patients with advanced solid tumors,Elisabeth I. Heath; A. Alousi; Joseph Paul Eder; Manuel Valdivieso; L. S. Vasist; Leonard Joseph Appleman; Pankaj Bhargava; A. D. Colevas; Patricia LoRusso; Geoffrey I. Shapiro,"2026 Background: Ispinesib, a novel cytotoxic agent inhibiting the kinesin spindle protein (KSP) has demonstrated significant antitumor activity in multiple murine tumor models. The primary objecti..."
071-164-158-572-946,"Phase III trial of chidamide, a subtype-selective histone deacetylase (HDAC) inhibitor, in combination with exemestane in patients with hormone receptor-positive advanced breast cancer",Zefei Jiang; Wei Li; X. C. Hu; Q. Zhang; Tao Sun; Shude Cui; S. Wang; Quchang Ouyang; Yongmei Yin; Cuizhi Geng; Zhongsheng Tong; Ying Cheng; Y. Pan; Yi Sun; Hui Wang; T. Ouyang; K. Gu; Ji Feng Feng; Xizhang Wang,
071-544-262-321-420,EP.06.34 Retrospective Analysis of Genomic Testing and Survival Outcomes in Lung Cancer Patients From Western India,U. Maheshwari; K. Jobanputra; V. Maniar; P. Kalaskar; A. Joshi; K. Joshi; P. Kendre; D. Morzaria; C. Bose; K. Chaudhari; M. Mekha; R. Dave; C. Pethe; S. Bhosale; M. Randive; A. Pathan; T. Sethjiwala; P. Devde; T. Patil; D. Pal,
071-602-594-681-441,EditorialNote on Gynecological Oncology,Shweta Shikhare,"Gynecologic oncology is a specialized field of medicine that focuses on cancers of the female reproductive system, including ovarian cancer, uterine cancer, vaginal cancer, cervical cancer, and vulvar cancer. As specialists, they have extensive training in the diagnosis and treatment of these cancers. Gynecologic oncology is a specialized field of medicine that focuses on cancers of the female reproductive system, including ovarian cancer, uterine cancer, vaginal cancer, cervical cancer, and vulvar cancer. As specialists, they have extensive training in the diagnosis and treatment of these cancers"
071-830-510-804-884,Anti-prostate cancer activity of Indole-3-carbinol (I3C) and Diindolylmethane (DIM) is by inhibition of the Akt signal transduction pathway.,Chinthalapally V. Rao; Barbara Simi; Jayadev Raju; Malisetty V. Swamy; Jagan M.R. Patlolla; Vernon E. Steele; Levy Kopelovich; Bandaru S. Reddy,"2239 Diindolylmethane (DIM) is an acid-catalyzed dimer of indole-3-carbinol (I3C) present in compounds of cruciferous vegetable and is being actively investigated for their anti-prostate cancer effects in our laboratory. In animal studies using the transplantable androgen non-responsive metastatic rat prostate cancer cell line, MAT-LyLu (MLL), in Copenhagen rats, I3C showed significant anti-tumor and anti-metastatic activity. In vitro studies showed downregulation of Akt, cyclin D1 and cdk4 in MLL cells treated with I3C or DIM. However, induction of apoptosis by DIM was 11 fold compared to 2 fold by I3C at the same molar concentrations. These effects on rat prostate cancer cells were further extended to androgen independent human prostate cancer cell line DU145 where DIM was again a more effective inducer of apoptosis than I3C. Downregulation of phosphorylated Akt and PI3 kinase and key G1-S transition markers cyclin D1 and cdk4 were also observed. Our results indicate that the anti-prostate cancer activity of DIM and I3C is mediated through the inhibition of signal transduction pathways, particularly the Akt pathway leading to cell cycle inhibition and/or induction of apoptosis. These effects of I3C and DIM have been observed in the more aggressive hormone independent prostate cancer cells. In the hormone dependent cancer cells, I3C/DIM presumably act by interfering with the mitotic effects of the hormones. In all our studies we found DIM, the dimer of I3C, to be a more potent anti-cancer agent. The molecular targets of I3C and DIM were similar and the extent of downregulation of Akt correlated with the anti-cancer activity of I3C and DIM. DIM has a longer half-life and perhaps higher target tissue stability and may be the appropriate chemopreventive agent to be developed clinically."
072-258-940-711-807,"Cancer, cancer pain and the ‘Cancer Pain Initiative’",Tariq Hayat Khan,"The number of cancer patients has been steadily increasing and with it the number of cancer related pain patients is also increasing. Cancer pain (CP) is the most unique and versatile pain, regarding type, intensity, site, variations and the needed management modalities. No one pain specialist or the pain center can be capable of adequately manage every cancer patient. In this background, an idea to confront this menace at a national level with a combined effort is presented. If implemented it is hoped that the CP patients will get rid of at least the worry about their excruciating pain. The idea of the ‘Cancer Pain Initiative’ has been in circulation for quite some time, but needs to be discussed at various levels.; Key words: Cancer; Cancer pain; Pain management; Citation: Khan TH. Cancer, cancer pain and the ‘Cancer Pain Initiative’. Anaesth. pain intensive care 2021;25(2):126–12. DOI: 10.35975/apic.v25i2.1482"
072-342-042-576-553,Correction: Mathematical Model-Driven Deep Learning Enables Personalized Adaptive Therapy.,Kit Gallagher; Maximilian A R Strobl; Derek S Park; Fabian C Spoendlin; Robert A Gatenby; Philip K Maini; Alexander R A Anderson,
072-731-997-497-363,Optimization of Alkylating Agent Prodrugs Derived from Phenol and Aniline Mustards: A New Clinical Candidate Prodrug (ZD2767) for Antibody‐Directed Enzyme Prodrug Therapy (ADEPT).,Caroline Joy Springer; Dowell Robert Ian; P. J. Burke; Hadley Em; D. H. Davies; Blakey Dc; R. G. Melton; Ion Niculescu-Duvaz,"<jats:title>Abstract</jats:title><jats:p>ChemInform is a weekly Abstracting Service, delivering concise information at a glance that was extracted from about 100 leading journals. To access a ChemInform Abstract of an article which was published elsewhere, please select a “Full Text” option. The original article is trackable via the “References” option.</jats:p>"
072-756-542-770-678,Investigating the phosphinic acid tripeptide mimetic DG013A as a tool compound inhibitor of the M1-aminopeptidase ERAP1.,Birgit Wilding; A. Elisa Pasqua; Nicola E. A. Chessum; Olivier A. Pierrat; Tamas Hahner; Kathy Tomlin; Erald Shehu; Rosemary Burke; G. Meirion Richards; Bradleigh Whitton; Esther N. Arwert; Arjun Thapaliya; Ramya Salimraj; Rob L. M. van Montfort; Agi Skawinska; Angela Hayes; Florence I. Raynaud; Rajesh Chopra; Keith Jones; Gary Newton; Matthew D. Cheeseman,"ERAP1 is a zinc-dependent M1-aminopeptidase that trims lipophilic amino acids from the N-terminus of peptides. Owing to its importance in the processing of antigens and regulation of the adaptive immune response, dysregulation of the highly polymorphic ERAP1 has been implicated in autoimmune disease and cancer. To test this hypothesis and establish the role of ERAP1 in these disease areas, high affinity, cell permeable and selective chemical probes are essential. DG013A 1, is a phosphinic acid tripeptide mimetic inhibitor with reported low nanomolar affinity for ERAP1. However, this chemotype is a privileged structure for binding to various metal-dependent peptidases and contains a highly charged phosphinic acid moiety, so it was unclear whether it would display the high selectivity and passive permeability required for a chemical probe. Therefore, we designed a new stereoselective route to synthesize a library of DG013A 1 analogues to determine the suitability of this compound as a cellular chemical probe to validate ERAP1 as a drug discovery target."
072-788-904-956-477,Indications for BRCA1 and BRCA2 mutation testing in hereditary breast and ovarian cancer families,R. Schmutzler; U. Schwarz-Boeger; G. Bastert; null Bender; null Beckmann; null Caffier; null Crohns; J. Deininger; null Dietl; null Ditsch; null Distler; null Estevez-Schwarz; W. Hahn; null Herröder; null Hübbel; null Hüttner; null Jackisch; null Kandl; K. Kast; null Kuschel; null Luck; null Von Minckwitz; null nestle-Krämling; B. Prieshof; null Rensing; null Rhiem; null Schäffer; null Straub; null Untch; T. Volm; M. Kiechle,"9720 Background: Since characterization of BRCA1 and BRCA2 in 1994 1995 resp. genetic testing of these genes is possible. Germline mutations in these genes are the most common reason for hereditary breast and ovarian cancer. Methods: Since December 1996 testing of BRCA1 or BRCA2 mutations is implemented in twelve university hospitals all over Germany granted by the German Cancer Aid (Deutsche Krebshilfe). After detailed counseling by a gynecologist, a psycho-oncologist and a human geneticist genetic testing is offered to those family members already laid up with breast or ovarian cancer or those who are on risk for hereditary breast or ovarian cancer. Families are grouped into different risk categories: A=three or more family members suffering from breast cancer with at least two of them becoming deseased premenopausally or male breast cancer, B=families with breast and/or ovarian cancer or more family member having breast and ovarian cancer, C=two family members suffering from breast cancer with at least one of them becoming diseased premenopausally or only one woman with bilateral breast cancer first diseased in an age of ≤ 40 years, D=two and more women suffering from postmenopausal breast cancer and E=only one woman with early onset of breast cancer (≤ 35 years). By now more than 1100 persons have been tested. These are the results of an interim analysis of 2755 (hereof 1077 tested) cancer patients out of 737 families. Results: The distribution of the families in the previously described categories was A=34,5%, B=27,1%, C=27,5%, D=4,3% and E=4,0%. In 44% of all families a mutation in BRCA1 or 2 was found but 56% of all families were found BRCA1/2 negative. Looking to all detecte BRCA1-mutations the major percentage was verified in B-category (53,5%) and the A-category (37,6%) and only 6% in C, 3% E and none in D families. BRCA2-mutations are mostly find in A (57,5%) and B families (26,0%) and less in C (12,3%), D(2,7%) and E families (1,4%). On the other hand 76,8% C, 77,4% D and 82,8% E families were tested BRCA1/2 negativ. Conclusions: According to our results genetic testing is indicated in families with either breast and ovarian cancer or multiple premenopausal breast cancer. No significant financial relationships to disclose."
072-792-160-350-297,Correction: A chemical inhibitor of PPM1D that selectively kills cells overexpressing PPM1D.,Sydonia Rayter; Richard Elliott; J. Travers; Martin G. Rowlands; T. B. Richardson; K. Boxall; Keith Jones; Spyridon Linardopoulos; Paul Workman; Wynne Aherne; Christopher J. Lord; Alan Ashworth,An amendment to this paper has been published and can be accessed via a link at the top of the paper.
073-197-185-336-125,Cancer Stem Cells in Solid Tumors - Cancer stem cells in solid tumors,Alison L. Allan,"Cancer Stem Cells: Historical Perspectives and Lessons From Leukemia.- Cancer Stem Cells in Breast Cancer.- Cancer Stem Cells in Brain Cancer.- Cancer Stem Cells in Colorectal Cancer.- Cancer Stem Cells in Pancreatic Cancer.- Cancer Stem Cells in Prostate Cancer.- Cancer Stem Cells in Melanoma.- Cancer Stem Cells in Lung Cancer.- Cancer Stem Cells in Ovarian Cancer.- Cancer Stem Cells in Hepatocellular Cancer.- Cancer Stem Cells in Head and Neck Cancer.- Relationship Between Regulatory Pathways in Pluripotent Stem Cells and Human Tumors.- Influence of the Embryonic Microenvironment on Tumor Progression.- The Epithelial-to-Mesenchymal Transition and Cancer Stem Cells.- Application of Stem Cell Assays for the Characterization of Cancer Stem Cells.- Zebrafish as a Model to Study Stem Cells in Development, Disease and Cancer.- Imaging Cancer Stem Cells.- Mouse Models for Studying Normal and Cancer Stem Cells.- Cancer Stem Cells and Disease Prognosis.- Mechanisms of Radioresistance in Cancer Stem Cells.- The Role of ABC Transporters in Cancer Stem Cell Drug Resistance.- Resistance to Endocrine Therapy in Breast Cancer: Are Breast Cancer Stem Cells Implicated?.- Future Directions: Cancer Stem Cells as Therapeutic Targets.- Final Thoughts: Complexity and Controversy Surrounding the ""Cancer Stem Cell"" Paradigm."
073-225-691-670-244,Editor's Note: Eph-B2/Ephrin-B2 Interaction Plays a Major Role in the Adhesion and Proliferation of Waldenstrom's Macroglobulinemia.,Feda Azab; Abdel Kareem Azab; Patricia Maiso; Teresa Calimeri; Ludmila Flores; Yang Liu; Phong Quang; Aldo M Roccaro; Antonio Sacco; Hai T Ngo; Yong Zhang; Brittany L Morgan; Ruben D Carrasco; Irene M Ghobrial,
073-781-492-945-45X,Global patterns of cancer transitions: A modelling study.,Fan Yang; Dianqin Sun; Chao Ding; Changfa Xia; He Li; Maomao Cao; Xinxin Yan; Siyi He; Shaoli Zhang; Wanqing Chen,"Cancer is a major contributor to global disease burden. Many countries experienced or are experiencing the transition that non-infection-related cancers replace infection-related cancers. We aimed to characterise burden changes for major types of cancers and identify global transition patterns. We focused on 10 most common cancers worldwide and extracted age-standardised incidence and mortality in 204 countries and territories from 1990 to 2019 through the Global Burden of Disease Study. Two-stage modelling design was used. First, we applied growth mixture models (GMMs) to identify distinct trajectories for incidence and mortality of each cancer type. Next, we performed latent class analysis to detect cancer transition patterns based on the categorisation results from GMMs. Kruskal-Wallis H tests were conducted to evaluate associations between transition patterns and socioeconomic indicators. Three distinct patterns were identified as unfavourable, intermediate and favourable stages. Trajectories of lung and breast cancers had the strongest association with transition patterns among men and women. The unfavourable stage was characterised by rapid increases in lung, breast and colorectal cancers alongside stable or decreasing burden of gastric, cervical, oesophageal and liver cancers. In contrast, the favourable stage exhibited rapid declines in most cancers. The unfavourable stage was associated with lower sociodemographic index, health expenditure, gross domestic product per capita and higher maternal mortality ratio (P < .001 for all associations). Our findings suggest that unfavourable, intermediate and favourable transition patterns exist. Countries and territories in the unfavourable stage tend to be socioeconomically disadvantaged, and tailored intervention strategies are needed in these resource-limited settings."
073-905-200-588-609,Editor's Note: PTEN Loss Contributes to Erlotinib Resistance in EGFR-Mutant Lung Cancer by Activation of Akt and EGFR.,Martin L Sos; Mirjam Koker; Barbara A Weir; Stefanie Heynck; Rosalia Rabinovsky; Thomas Zander; Jens M Seeger; Jonathan Weiss; Florian Fischer; Peter Frommolt; Kathrin Michel; Martin Peifer; Craig Mermel; Luc Girard; Michael Peyton; Adi F Gazdar; John D Minna; Levi A Garraway; Hamid Kashkar; William Pao; Matthew Meyerson; Roman K Thomas,
073-935-582-118-318,Cervical cancer.,Benjamin E Greer; Wui-Jin Koh; Nadeem R Abu-Rustum; Sachin M Apte; Susana M Campos; John Chan; Kathleen R Cho; Larry Copeland; Marta Ann Crispens; Nefertiti Dupont; Patricia J Eifel; David K Gaffney; Warner K Huh; Daniel S Kapp; John R Lurain; Lainie Martin; Mark A Morgan; Robert J Morgan; David Mutch; Steven W Remmenga; R Kevin Reynolds; William Small; Nelson Teng; Fidel A Valea; null null,"An estimated 12,200 new cases of cervical cancer will be diagnosed in the United States in 2010, and 4200 people will die of the disease. 1 Cervical cancer rates are decreasing among women in the United States, although incidence remains high among Hispanic/Latino, black, and Asian women. 2-5However, cervical cancer is a major world health problem for women.The global yearly incidence of cervical cancer for 2002 was 493,200; the annual death rate was 273,500.It is the third most common cancer in women worldwide, 6,7 with 78% of cases occurring in developing countries, where cervical cancer is the second most frequent cause of cancer death in women.Persistent human papillomavirus (HPV) infection is regarded as the most important factor con-"
074-012-890-058-848,Issue Information – Table of Contents,Hannah R. Wardill; Kimberley A. Mander; Ysabella Van Sebille; Rachel J. Gibson; Richard M. Logan; Joanne M. Bowen; Stephen Sonis Cancer; Alice W. Lee; Ashley Bomkamp; Elisa V. Bandera; Allan Jensen; Susan J. Ramus; Marc T. Goodman; Mary Anne Rossing; Francesmary Modugno; Kirsten B. Moysich; Jenny Chang‐Claude; Anja Rudolph; Aleksandra Gentry‐Maharaj; Kathryn L. Terry; Simon A. Gayther; Daniel W. Cramer; Jennifer H. Doherty; Joellen M. Schildkraut; Susanne K. Kjær; Roberta B. Ness; Usha Menon; Andrew Berchuck; Bhramar Mukherjee; Lynda D. Roman; Paul D.P. Pharoah; Georgia Chenevix‐Trench; Sara H. Olson; Estrid Høgdall; Anna H. Wu; Malcolm C. Pike; Daniel O. Stram; Celeste Leigh Pearce; Sara Karami; Younghun Han; Mala Pande; Iona Cheng; James Rudd; Brandon L. Pierce; Ellen L. Nutter; Fredrick R. Schumacher; Zsofia Kote‐Jarai; Sara Lindström; John S. Witte; Shenying Fang; Jiali Han; Peter Kraft; David J. Hunter; Fengju Song; Rayjean J. Hung; James McKay; Stephen B. Gruber; Stephen J. Chanock; Angela Risch; Hongbing Shen; Christopher A. Haiman; Lisa A. Boardman; Cornelia M. Ulrich; Graham Casey; Ulrike Peters; Ali H. Amin; Al Olama; Sonja I. Berndt; Stéphane Bezieau; Paul Brennan; Hermann Brenner; Louise A. Brinton; Neil E. Caporaso; Andrew Chan; David C. Christiani; Julie M. Cunningham; Douglas F. Easton; Rosalind A. Eeles; Timothy Eisen; Manish Gala; Steven Gallinger; Ellen L. Goode; Henrik Gr€ Onberg; Brian E. Henderson; Richard S. Houlston; Amit D. Joshi; Scott Ury; Mari T. Landi; Loı̈c Le Marchand; Kenneth Muir; Polly A. Newcomb; Jenny Permuth‐Wey; Catherine Phelan; John D. Potter; Harvey A. Risch; Martha L. Slattery; Honglin Song; Nicolas Wentzensen; Emily White; Fredrik Wiklund; Brent W. Zanke; Thomas A. Sellers; Zheng Wei; Nilanjan Chatterjee; Christopher I. Amos; Wenqing Li; Eunyoung Cho; Martin A. Weinstock; Abrar A. Qureshi; Matias Riihim€; Akseli Hemminki; Kristina Sundquist; Jan Sundquist; Kari Hemminki; Wen Chen; Anco Molijn; Wu Enqi; Xun Zhang; David J.A. Jenkins; Xiaohong Yu; Wim Quint; Johannes Schmidt; Jing Li; Edyta C. Pirog; Bin Liu; Qing Li; Xiaoyang Liu; Ling Li; You‐Lin Qiao; Weikang Zhang; Hongliang Liu; Jieyun Yin; Wenting Wu; Dakai Zhu; Jeffrey Lee; Yi Li; Qingyi Wei; Sarah Nomura; Chiranjeev Dash; Lynn Rosenberg; Jeffrey Yu; Julie R. Palmer; Lucile L. Adams‐Campbell; Kathryn M. Wilson; Sarah C. Markt; Caroline Nordenvall; Jennifer R. Rider; Weimin Ye; Hans‐Olov Adami; Lorelei A. Mucci; Johanna I. Kiiski; Rainer Fagerholm; Anna Tervasm€; Liisa M. Pelttari; Sofia Khan; Maral Jamshidi; Tuomo Mantere; Katri Pylk€; Jiří Bártek; Jiřina Bártková; Graham J. Mann; Maria Tengstr€; Veli‐Matti Kosma; Robert Winqvist; Anne Kallioniemi; Kristiina Aittom€; Carl Blomqvist; Heli Nevanlinna; Heli Nevanlinna,"Menopausal estrogen-alone therapy (ET) is a well-established risk factor for serous and endometrioid ovarian cancer. Genetics also plays a role in ovarian cancer, with 18 ovarian cancer susceptibility loci already confirmed. The interplay among these loci, ET use and ovarian cancer risk has yet to be evaluated. This study identifies three confirmed susceptibility variants whose associations with ovarian cancer risk are modified by ET exposure. Of particular interest is the interaction with rs10069690, a functional variant located in TERT. The findings, if validated, may elucidate the mechanism of action of these loci and be critical for future risk prediction modeling."
074-274-500-683-753,A phase II study of vorinostat (NSC 701852 ) in patients (pts) with relapsed non-small cell lung cancer (NSCLC),Anne M. Traynor; Sarita Dubey; Jens C. Eickhoff; Jill M. Kolesar; S. M. Marcotte; L. C. Hammes; C. M. Hallahan; C. E. Moore; James A. Zwiebel; Joan H. Schiller,18044 Background: Vorinostat is a small molecule inhibitor of histone deacetylase (HDAC). HDAC inhibitors have shown preclinical activity in lung cancer and are postulated to have an antitumor effe...
074-503-784-480-718,No stone left unturned: a case of malignant mimicry,Peter F. Gearing; Sameer Sadashiv Apte; Lauren Cohen; Helen Mohan; Alexander G. Heriot; Joseph C Kong; Peadar S Waters,
074-538-652-843-863,Combination Immunotherapy in Prostate Cancer.,Constantin N Baxevanis; Maria Goulielmaki; Angelos D Gritzapis; Sotirios P Fortis,"During the last decade, there has been significant progress in the field of prostate cancer therapeutic treatments based on androgen receptor-axis-targeted therapies, which resulted in improved clinical outcomes [...]."
074-569-717-613-981,"Cancer screening in the United States, 2018: A review of current American Cancer Society guidelines and current issues in cancer screening",Robert A. Smith; Kimberly S. Andrews; Durado Brooks; Stacey A. Fedewa; Deana Manassaram-Baptiste; Debbie Saslow; Otis W. Brawley; Richard C. Wender,"Each year, the American Cancer Society publishes a summary of its guidelines for early cancer detection, data and trends in cancer screening rates from the National Health Interview Survey, and select issues related to cancer screening. In this 2018 update, we also summarize the new American Cancer Society colorectal cancer screening guideline and include a clarification in the language of the 2013 lung cancer screening guideline. CA Cancer J Clin 2018;68:297-316. © 2018 American Cancer Society."
074-679-186-879-357,O3-6-3Self-reported adherence with TAS-102,Kazuo Sugita; Kazuyoshi Kawakami; Takashi Yokokawa; Takahito Sugisaki; Tomomi Takiguchi; Mitsukuni Suenaga; Nobuyuki Mizunuma; Toshiharu Yamaguchi; Toshihiro Hama,
074-683-482-172-358,Correction: Protein Phosphatase 2A as a Therapeutic Target in Small Cell Lung Cancer.,Tamara Mirzapoiazova; Gang Xiao; Bolot Mambetsariev; Mohd W Nasser; Emily Miaou; Sharad S Singhal; Saumya Srivastava; Isa Mambetsariev; Michael S Nelson; Arin Nam; Amita Behal; Leonidas D Arvanitis; Pranita Atri; Markus Muschen; François L H Tissot; James Miser; John S Kovach; Martin Sattler; Surinder K Batra; Prakash Kulkarni; Ravi Salgia,
074-711-968-550-924,Questioning the Quality of Thyroid Cancer Data: Thoughts from the Commission on Cancer and the National Cancer Database,Kathleen K. Thoburn; Donna M. Gress; Katherine Mallin; Ashley Loomis; David P. Winchester; Daniel P. McKellar,
074-746-032-369-618,Clinicopathological features of Epstein–Barr virus associated gastric carcinoma with submucosal invasion.,Hiroki Osumi; Hiroshi Kawachi; Toshiyuki Yoshio; Satoshi Ida; Yusuke Horiuchi; Akiyoshi Ishiyama; Toshiaki Hirasawa; Tomohiro Tsuchida; Noriko Yamamoto; Kensei Yamaguchi; Souya Nunobe; Kengo Takeuchi; Junko Fujisaki,4029Background: The incidence of lymph node metastasis (LNM) in pathological T1b (pT1b) gastric cancer (GC) is around 20% and the majority of them have no LNM. The Cancer Genome Atlas Research Netw...
074-762-671-930-002,EP.13.11 Real-World Survival Data Over 25 Years in Extensive-Stage Small-Cell Lung Cancer: The Impact of Immune Checkpoint Inhibitors,R. Ariyasu; H. Iso; M. Ito; K. Nibuya; S. Fujishima; M. Sugai; R. Tsugitomi; Y. Amino; K. Uchibori; N. Yanagitani; M. Nishio,
074-777-459-392-886,"BPG: Seamless, Automated and Interactive Visualization of Scientific Data",Christine P'ng; Jeffrey Green; Lauren C. Chong; Daryl Waggott; Stephenie D. Prokopec; Mehrdad Shamsi; Francis Nguyen; Denise Y.F. Mak; Felix Lam; Marco A. Albuquerque; Ying Wu; Esther Jung; Maud H.W. Starmans; Michelle Chan-Seng-Yue; Cindy Q. Yao; Bianca Liang; Emilie Lalonde; Syed Haider; Nicole A. Simone; Dorota H. Sendorek; Kenneth C. Chu; Nathalie C. Moon; Natalie S. Fox; Michal R. Grzadkowski; Nicholas J. Harding; Clement Fung; Amanda R. Murdoch; Kathleen E. Houlahan; Jianxin Wang; David R. Garcia; Richard de Borja; Ren X. Sun; Xihui Lin; Gregory M. Chen; Aileen Lu; Yu-Jia Shiah; Amin Zia; Ryan Kearns; Paul C. Boutros,"We introduce BPG, an easy-to-use framework for generating publication-quality, highly-customizable plots in the R statistical environment. This open-source package includes novel methods of displaying high-dimensional datasets and facilitates generation of complex multi-panel figures, making it ideal for complex datasets. A web-based interactive tool allows online figure customization, from which R code can be downloaded for seamless integration with computational pipelines. BPG is available at http://labs.oicr.on.ca/boutros-lab/software/bpg."
074-852-392-164-957,Reply.,Jinsheng Ding; Tianxing Zhou; Jihui Hao,
074-891-536-797-510,ASO Author Reflections: The Candidate Biomarkers for Predicting Neoadjuvant Immunotherapy in Resectable Non-small Cell Lung Cancer.,Weiran Liu; Dongsheng Yue; Bin Zhang,
075-035-469-944-270,"Combination therapy of Obinutuzumab, Venetoclax, Lenalidomide and Zanubrutinib for relapsed chronic lymphocytic leukemia patient with central nervous system involvement",Yan Yan; Jiehao Wang; Yuhan Hu; Xue Gao; Jianwei Du; Lihua Dong; Xiaodong Lyv; Yufu Li; Yongping Song; Quande Lin,"<jats:title>Abstract</jats:title>;         <jats:p>We adopted regimen of obinutuzumab, venetoclax, lenalidomide and zanubrutinib combined with intrathecal injection to treat a relapsed high risk CLL patient with CNS involvement, who have progressed underwent two cycles therapy of zanubrutinib combined with BR regimen previously. After two cycles therapy, no malignant cells were identified in the cerebrospinal fluid (CSF) and radiological assessment showed a partial remission, as well, radiological complete remission was achieved after three cycles of therapy. Combined immunochemotherapy may have a higher response rate and could be an alternative option for CNS involvement in CLL patients.</jats:p>"
075-151-510-734-477,ENDOSCOPIC ULTRASONOGRAPHY FOR THE DIAGNOSIS OF MALIGNANT LYMPHOMA OF THE STOMACH,Fukuji Mochizuki; Takashi Ikeda; Naotaka Fujita; Shigeki Lee; Hiroshi Noda; Go Kobayashi; Katsumi Kimura; Atsuo Matsunaga; Masao Ando; Hiromitsu Watanabe; Yorinobu Sato;  Tominaga; Yoko Nakano; Akimichi Chonan; Satoru Shibukis,
075-166-757-587-829,Correction: Synergistic Killing Effect Between Vorinostat and Target of CD146 in Malignant Cells.,Xiaoli Ma; Jia Liu; Jiang Wu; Xiyun Yan; Peng Wu; Yong Liu; Shuang Li; Yuan Tian; Yang Cao; Gang Chen; Li Meng; Gang Xu; Shixuan Wang; Yunping Lu; Ding Ma; Jianfeng Zhou,"In the original version of this article (1), Fig. 5E Vorinstat+mIgG had a blank space caused by tissue removal that the authors covered using a portion of the same IHC for aesthetic purposes. The error has been corrected using the original unmodified image in the latest online HTML and PDF versions of the article. The authors regret the error."
075-335-127-813-021,Cancer control plans,Imogen Ramsey; Kate Kennedy; Deborah Forsythe; Micah Peters; Greg Sharplin; Nadia Corsini; Marion Eckert,"<jats:p>This review, commissioned by the NSW Cancer Institute, highlights key trends and common elements of cancer control plans from Australia and countries with health systems similar to NSW. It will be used as the basis for a discussion paper in the development of the next NSW Cancer Plan. A clear message from the review is the need for plans to be tailored to the local context, to consider the most prevalent cancers and at risk populations, to respond to the needs of stakeholders, to have detailed actionable outcomes, to be appropriately resourced and to have a clear plan for implementation and evaluation. Common elements of included plans were: prevention, screening and early detection, treatment, survivorship and palliative care, coordination between services, approaches to specific populations, research and training, workforce, implementation, evaluation and monitoring, and trends for cancer control</jats:p>"
075-745-480-172-730,Editor's Note: γ-Aminobutyric Acid Inhibits Cholangiocarcinoma Growth by Cyclic AMP-Dependent Regulation of the Protein Kinase A/Extracellular Signal-Regulated Kinase 1/2 Pathway.,Giammarco Fava; Luca Marucci; Shannon Glaser; Heather Francis; Sharon De Morrow; Antonio Benedetti; Domenico Alvaro; Julie Venter; Cynthia Meininger; Tushar Patel; Silvia Taffetani; Marco Marzioni; Ryun Summers; Ramona Reichenbach; Gianfranco Alpini,
076-307-801-389-639,A cluster randomized controlled trial to evaluate the efficacy of esophageal and gastric cancer screening in mortality reduction in a non-high-incidence area: methodology and initial results.,Xiao-Yang Wang; Shu-Zheng Liu; Hui-Fang Xu; Yin Liu; Hong Wang; Rui-Hua Kang; Qiong Chen; Lu-Yao Zhang; Lan-Wei Guo; Li-Yang Zheng; Chun-Ya Liu; Yi-Xian Wang; Yi-Ping Jing; You-Lin Qiao; Bin-Bin Han; Shao-Kai Zhang,"<AbstractText Label=""Background"" NlmCategory=""UNASSIGNED"">A cluster randomized controlled trial of endoscopy-based screening for esophageal cancer (EC) and gastric cancer (GC) was conducted to evaluate the efficacy and feasibility of this strategy in a non-high-incidence rural area of China. The trial design and baseline findings are presented here.</AbstractText>;           <AbstractText Label=""Methods"" NlmCategory=""UNASSIGNED"">A total of 33 eligible villages in Luoshan County in Henan Province were assigned randomly to the intervention or control group in a 1:1 ratio by a computer-generated randomization list. Local residents aged 40 to 69 years were enrolled from the villages. Participants in the intervention group were risk-stratified with a questionnaire, and high-risk individuals were subsequently screened by endoscopy. The primary outcomes were EC and GC mortality. The secondary outcomes comprised the detection rate, stage distribution, and the treatment rate. In this study, baseline characteristics were assessed by a questionnaire. Multivariate logistic regression analysis was performed to explore factors associated with endoscopy compliance.</AbstractText>;           <AbstractText Label=""Results"" NlmCategory=""UNASSIGNED"">Trial recruitment was completed in 2017, and ultimately, there were 12,475 and 11,442 participants allocated to the intervention (17 clusters) and the control group (16 clusters), respectively. We included 23,653 participants in the analysis, with 12,402 in the intervention group and 11,251 in the control group. A total of 6,286 (50.7%) participants in the intervention group were estimated as high-risk individuals, and 2,719 (43.3%) underwent endoscopy. Multivariate logistic regression analysis demonstrated that some factors including age, gender, education, personality and mental health, and upper gastrointestinal diseases or symptoms might affect endoscopy compliance. The detection rates for positive cases of EC and GC were 0.22% and 0.55%, respectively. The rates for esophageal and gastric precancerous lesions were 0.70% and 2.35%, respectively. The early detection rates for EC and GC were 50.0% and 33.3%, respectively. Additionally, the overall treatment rate for positive cases was 90.0%.</AbstractText>;           <AbstractText Label=""Conclusions"" NlmCategory=""UNASSIGNED"">The diagnostic yield of endoscopy-based screening for EC and GC was relatively low in a non-high-incidence rural area. The study may offer clues for the improvement of endoscopy compliance and the optimization of screening strategies for upper gastrointestinal cancer in non-high-incidence areas.</AbstractText>;           <AbstractText Label=""Trial Registration"" NlmCategory=""UNASSIGNED"">Chinese Clinical Trial Registry ChiCTR-EOR-16008577.</AbstractText>;           <CopyrightInformation>2022 Annals of Translational Medicine. All rights reserved.</CopyrightInformation>"
076-376-281-234-076,Safety and feasibility of pancreas resection after a-smart in pancreatic cancer:Multicenter analysis,N. Lluis; R. Herrera; F. Kunzler; C.L. Wolfgang; S. Aparo; F. de-Zarraga; S. Joseph; A. Ucar; A. Kaiser; R.E. Jimenez; H.J. Asbun; M. Chuong; D. Asbun,
076-862-281-623-85X,Brigatinib versus Crizotinib in ALK-Positive Non-Small-Cell Lung Cancer,D. Ross Camidge; Hye Ryun Kim; Myung-Ju Ahn; James Chih-Hsin Yang; Ji Youn Han; Jong Seok Lee; Maximilian Hochmair; Jacky Yu-Chung Li; Gee Chen Chang; Ki Hyeong Lee; Cesare Gridelli; Angelo Delmonte; Rosario Garcia Campelo; Dong Wan Kim; Alessandra Bearz; Frank Griesinger; Alessandro Morabito; Enriqueta Felip; Raffaele Califano; Sharmistha Ghosh; Alexander I. Spira; Scott N. Gettinger; M. Tiseo; Neeraj Gupta; Jeff Haney; David Kerstein; Sanjay Popat,"Abstract Background Brigatinib, a next-generation anaplastic lymphoma kinase (ALK) inhibitor, has robust efficacy in patients with ALK-positive non–small-cell lung cancer (NSCLC) that is refractory to crizotinib. The efficacy of brigatinib, as compared with crizotinib, in patients with advanced ALK-positive NSCLC who have not previously received an ALK inhibitor is unclear. Methods In an open-label, phase 3 trial, we randomly assigned, in a 1:1 ratio, patients with advanced ALK-positive NSCLC who had not previously received ALK inhibitors to receive brigatinib at a dose of 180 mg once daily (with a 7-day lead-in period at 90 mg) or crizotinib at a dose of 250 mg twice daily. The primary end point was progression-free survival as assessed by blinded independent central review. Secondary end points included the objective response rate and intracranial response. The first interim analysis was planned when approximately 50% of 198 expected events of disease progression or death had occurred. Results A total o..."
077-254-700-900-776,Correction: Intraperitoneal Monocytes plus IFNs as a Novel Cellular Immunotherapy for Ovarian Cancer: Mechanistic Characterization and Results from a Phase I Clinical Trial.,Daniel S Green; Franklin Ning; Anna Duemler; Timothy G Myers; Kathryn Trewhitt; Irene Ekwede; Ann McCoy; Nicole Houston; Jung-Min Lee; Stanley Lipkowitz; Alexandra Zimmer; Miroslava Pavelova; Erin N Villanueva; Leslie Smith; Andrew Blakely; Yovanni Casablanca; Steven L Highfill; David F Stroncek; Naoza Collins-Johnson; Sandhya Panch; JoLynn Procter; Chauha Pham; Soumya Korrapati; Steven M Holland; Lindsey B Rosen; Ana T Nunes; Kathryn C Zoon; Christopher B Cole; Christina M Annunziata,"In the original version of this article (1) as it was published online on September 28, 2022, author Soumya Korrapati is mistakenly omitted from the author list. The HTML and PDF versions of this article were corrected on December 23, 2022, ahead of print and the author contributions and disclosures were updated as necessary. The authors regret the error."
077-341-111-218-862,Expression of Concern: Durable Suppression of Acquired MEK Inhibitor Resistance in Cancer by Sequestering MEK from ERK and Promoting Antitumor T-cell Immunity.,Aayoung Hong; Marco Piva; Sixue Liu; Willy Hugo; Shirley H Lomeli; Vincent Zoete; Christopher E Randolph; Zhentao Yang; Yan Wang; Jordan J Lee; Skylar J Lo; Lu Sun; Agustin Vega-Crespo; Alejandro J Garcia; David B Shackelford; Steven M Dubinett; Philip O Scumpia; Stephanie D Byrum; Alan J Tackett; Timothy R Donahue; Olivier Michielin; Sheri L Holmen; Antoni Ribas; Gatien Moriceau; Roger S Lo,
077-428-731-577-753,Comparison of capecitabine and 5-fluorouracil in chemoradiotherapy for locally unresectable pancreatic carcinoma,Tae Hyeon Kim; Yeon Joo Kim; Woojin Lee; Sang Myung Woo; Sung Sik Han; Sung Ho Moon; Sang Soo Kim; Young Hwan Koh; Sang-Jae Park; Dae Young Kim; Joong-Won Park,
077-595-162-216-904,Cancer statistics for young adults aged 20 to 49 years in China from 2000 to 2017: a population-based registry study.,Yi Teng; Changfa Xia; He Li; Maomao Cao; Fan Yang; Xinxin Yan; Siyi He; Mengdi Cao; Shaoli Zhang; Qianru Li; Wanqing Chen,"An increasing cancer incidence among adults younger than 50 years has been reported for several types of cancer in multiple countries. We aimed to report cancer profiles and trends among young adults in China. Data from the China Cancer Registry Annual Report were used to estimate incidence and mortality among young adults (ages 20-49 years) in China in 2017, and an age-period-cohort model was employed to estimate the average annual percent change (AAPC) in incidence and mortality from 2000 to 2017. All 25 cancer types were grouped into obesity- or overweight-associated cancers (12 cancer types) and additional cancers (13 cancer types). In 2017, there were 681,178 new cases and 214,591 cancer deaths among young adults in China. Among young adults, the most common cancers were thyroid, breast, cervical, liver, lung, and colorectal cancer, and the leading causes of cancer deaths were liver, lung, cervical, stomach, breast, and colorectal cancer. From 2000 to 2017, the cancer incidence increased for all cancers combined among young adults, with the highest AAPC (1.46%) for adults aged 20-24 years, while cancer mortality decreased, with the highest AAPC (-1.63%) for those aged 35-39 years. In conclusion, the cancer incidence in China has increased among young adults, while cancer mortality has decreased for nearly all ages. Cancer control measures, such as obesity control and appropriate screening, may contribute to reducing the increasing cancer burden among young adults."
078-159-958-462-137,Optimal Fractionation and Timing of Weekly Cone-Beam CT in Daily Surface-Guided Radiotherapy for Breast Cancer,H. Peng; F. Jin; H. Yang; H. Luo; L. Tan,
078-250-349-726-51X,Lenvatinib plus sintilimab with or without transarterial chemoembolization for intermediate or advanced stage hepatocellular carcinoma: a propensity score-matching cohort study.,Mengran Lang; Leijuan Gan; Shaohua Ren; Ruyu Han; Xiaochen Ma; Guangtao Li; Huikai Li; Ti Zhang; Qiang Wu; Yunlong Cui; Wei Zhang; Feng Fang; Qiang Li; Wei Lu; Tianqiang Song,"In this retrospective study, we compared the efficacy and safety of lenvatinib plus sintilimab, with or without transarterial chemoembolization (TLS vs. LS), in patients with intermediate or advanced stage hepatocellular carcinoma (HCC). Eligible patients who received combination therapy with TLS or LS at Tianjin Medical University Cancer Institute & Hospital from December 2018 to October 2020 were propensity score matched (PSM) to correct for potential confounding biases between the two groups. The primary endpoint was progression-free survival (PFS) and secondary endpoints were overall survival (OS), overall response rate (ORR) and treatment-related adverse events (TRAEs). Cox proportional hazards models were used to identify prognostic factors. The study included 152 patients (LS group, n=54, TLS group, n=98). After PSM, patients in the TLS group had significantly longer PFS (11.1 versus 5.1 months, <i>P</i>=0.033), OS (not reached versus 14.0 months, <i>P</i>=0.0039) and ORR (modified Response Evaluation Criteria in Solid Tumors: 44.0% versus 23.1%; <i>P</i>=0.028) than those in the LS group. In the multivariate Cox regression analysis, the treatment regimen (TLS versus LS) was an independent predictor for both PFS (HR=0.551; 95% CI: 0.334-0.912; <i>P</i>=0.020) and OS (HR=0.349; 95% CI: 0.176-0.692; <i>P</i>=0.003) and CA19-9 level was an independent predictor for OS (HR=1.005; 95% CI: 1.002-1.008; <i>P</i>=0.000). No significant differences in the incidence of grade ≥3 TRAEs were reported between the two treatment groups. In conclusion, triple combination therapy with TLS improved survival with an acceptable safety profile compared with LS in patients with intermediate or advanced stage HCC."
078-375-285-251-883,"Lifetime risk of developing and dying from cancer in Henan Province, China: current status, temporal trends, and disparities.",Qiong Chen; Shuzheng Liu; Yin Liu; Hongwei Liu; Hong Wang; Lanwei Guo; Huifang Xu; Xiaoli Guo; Xiaoyang Wang; Ruihua Kang; Liyang Zheng; Shaokai Zhang,"<AbstractText Label=""Objective"" NlmCategory=""UNASSIGNED"">To understand the current status and changing trends in the lifetime risk of residents in Henan Province, China to develop and die from cancer.</AbstractText>;           <AbstractText Label=""Methods"" NlmCategory=""UNASSIGNED"">Lifetime risk was estimated using the Adjusted for Multiple Primaries (AMP) method, incorporating cancer incidence, mortality, and all-cause mortality data from 55 cancer registries in Henan Province, China. Estimates were calculated overall and stratified by gender and area. The annual percent change (APC) in lifetime risk from 2010 to 2020, stratified by gender and cancer site, was estimated using a log-linear model.</AbstractText>;           <AbstractText Label=""Results"" NlmCategory=""UNASSIGNED"">In 2020, the lifetime risk of developing and dying from cancer was 30.19 % (95 % CI: 29.63 %-30.76 %) and 23.62 % (95 % CI: 23.28 %-23.95 %), respectively. These estimates were higher in men, with values of 31.22 % (95 % CI: 30.59 %-31.85 %) for developing cancer and 26.73 % (95 % CI: 26.29 %-27.16 %) for dying from cancer, compared with women, who had values of 29.02 % (95 % CI: 28.12 %-29.91 %) and 20.08 % (95 % CI: 19.51 %-20.64 %), respectively. There were also geographical differences, with higher estimates in urban areas compared with rural areas. Residents had the highest lifetime risk of developing lung cancer, with a rate of 6.94 %, followed by breast cancer (4.14 %), stomach cancer (3.95 %), esophageal cancer (3.75 %), and liver cancer (2.86 %). Similarly, the highest lifetime risk of dying from cancer was observed for the following sites: lung (5.99 %), stomach (3.60 %), esophagus (3.39 %), liver (2.78 %), and colorectum (1.55 %). Overall, the lifetime risk of developing cancer increased, with an APC of 0.75 % (<i>P</i> &lt; 0.05). Varying trends were observed across different cancer sites. There were gradual decreases in nasopharynx, esophagus, stomach, and liver cancers. Conversely, increasing trends were noted for most other sites, with the highest APCs observed in thyroid, prostate, lymphoma, kidney, and gallbladder cancers.</AbstractText>;           <AbstractText Label=""Conclusion"" NlmCategory=""UNASSIGNED"">The lifetime risks of developing and dying from cancer were 30.19 % and 23.62 %, respectively. Variations in cancer risk across different regions, genders, specific cancer sites, and over calendar years provide important information for cancer prevention and policy making in the population.</AbstractText>;           <CopyrightInformation>© 2024 Chinese National Cancer Center. Published by Elsevier B.V.</CopyrightInformation>"
078-451-508-235-314,Barrier Function of the Extracellular Matrix in AAV Gene Therapy,Yahya Cheema; Devorah Cahn; Sahana Kumar; Matthew T. Wolf; Gregg A. Duncan,These results suggest binding of AAV to the ECM may decrease their therapeutic effect in target tissues throughout the body. The barrier function of the ECM should be considered in development of AAV for gene therapy applications.
078-477-153-594-881,"Correction: Phase I Dose-Escalation Trial of MIW815 (ADU-S100), an Intratumoral STING Agonist, in Patients with Advanced/Metastatic Solid Tumors or Lymphomas.",Funda Meric-Bernstam; Randy F Sweis; F Stephen Hodi; Wells A Messersmith; Robert H I Andtbacka; Matthew Ingham; Nancy Lewis; Xinhui Chen; Marc Pelletier; Xueying Chen; Jincheng Wu; Thomas W Dubensky; Sarah M McWhirter; Thomas Müller; Nitya Nair; Jason J Luke,"In the original version of this article (1), author Thomas W. Dubensky is mistakenly omitted from the author list. This error has been corrected in the latest online HTML and PDF versions of the article and the author contributions and disclosures have been updated as necessary. The authors regret this error."
078-636-470-678-750,"Novel Steroidal Inhibitors of Human Cytochrome P45017α (17α -Hydroxylase-C17,20-lyase): Potential Agents for the Treatment of Prostatic Cancer.",Gerard A. Potter; S. E. Barrie; Michael Jarman; Martin G. Rowlands,"<jats:title>Abstract</jats:title><jats:p>ChemInform is a weekly Abstracting Service, delivering concise information at a glance that was extracted from about 100 leading journals. To access a ChemInform Abstract of an article which was published elsewhere, please select a “Full Text” option. The original article is trackable via the “References” option.</jats:p>"
078-941-188-186-665,"A phase I study of the chimeric monoclonal anti-epidermal growth factor receptor (EGFR) antibody cetuximab as a single agent in subjects from Japan with advanced solid tumors: Safety, pharmacokinetics (PK)",Hisateru Yasui; Kuniaki Shirao; Noboru Yamamoto; Yoshihisa Shimada; Y. Yamada; Kei Muro; Tetsuya Hamaguchi; N. Boku; Takayuki Yoshino; Nagahiro Saijo,3209 Background: Cetuximab is a monoclonal antibody that selectively binds to the Epidermal Growth Factor Receptor (EGFR). Cetuximab as a single agent is effective in patients with colorectal cance...
078-945-234-031-161,Abstract P1-03-09: Not presented,Huizhen Sun; Yupei Zhao; Min Chen; Wei Jin,<jats:title>Abstract</jats:title>;                <jats:p>This abstract was not presented at the symposium.</jats:p>
079-012-756-192-941,Correction: The Retinoblastoma Tumor Suppressor Modulates DNA Repair and Radioresponsiveness.,Chellappagounder Thangavel; Ettickan Boopathi; Steve Ciment; Yi Liu; Raymond O'Neill; Ankur Sharma; Steve B McMahon; Hestia Mellert; Sankar Addya; Adam Ertel; Ruth Birbe; Paolo Fortina; Adam P Dicker; Karen E Knudsen; Robert B Den,
079-455-436-325-082,A Synergistic Two-Drug Therapy Specifically Targets a DNA Repair Dysregulation That Occurs in p53-Deficient Colorectal and Pancreatic Cancers,Mohammed Alruwaili; Justin Zonneville; Hannah Serio; Thomas Melendy; Robert Straubinger; Bryan Gillard; Barbara  A. Foster; Priyanka Rajan; Sarah Chatley; Renuka Iyer; Christos Fountzilas; Andrei  V. Bakin,
080-280-011-433-452,Exploration and validation of optimal cut-off values for tPSA and fPSA/tPSA screening of prostate cancer at different ages,X M Liu; H Y Duan; D Q Zhang; C Chen; Y T Ji; Y M Zhang; Z W Feng; Y Liu; J J Li; Y Zhang; C Y Li; Y C Zhang; L Yang; Z Y Lyu; F F Song; F J Song; Y B Huang,"<b>Objective:</b> To determine the total and age-specific cut-off values of total prostate specific antigen (tPSA) and the ratio of free PSA divided total PSA (fPSA/tPSA) for screening prostate cancer in China. <b>Methods:</b> Based on the Chinese Colorectal, Breast, Lung, Liver, and Stomach cancer Screening Trial (C-BLAST) and the Tianjin Common Cancer Case Cohort (TJ4C), males who were not diagnosed with any cancers at baseline since 2017 and received both tPSA and fPSA testes were selected. Based on Cox regression, the overall and age-specific (＜60, 60-＜70, and ≥70 years) accuracy and optimal cut-off values of tPSA and fPSA/tPSA ratio for screening prostate cancer were evaluated with time-dependent receiver operating characteristic curve (tdROC) and area under curve (AUC). Bootstrap resampling was used to internally validate the stability of the optimal cut-off value, and the PLCO study was used to externally validate the accuracy under different cut-off values. <b>Results:</b> A total of 5 180 participants were included in the study, and after a median follow-up of 1.48 years, a total of 332 prostate cancer patients were included. In the total population, the tdAUC of tPSA and fPSA/tPSA screening for prostate cancer were 0.852 and 0.748, respectively, with the optimal cut-off values of 5.08 ng/ml and 0.173, respectively. After age stratification, the age specific cut-off values of tPSA in the <60, 60-<70, and ≥70 age groups were 3.13, 4.82, and 11.54 ng/ml, respectively, while the age-specific cut-off values of fPSA/tPSA were 0.153, 0.135, and 0.130, respectively. Under the age-specific cut-off values, the sensitivities of tPSA screening for prostate cancer in males <60, 60-70, and ≥70 years old were 92.3%, 82.0%, and 77.6%, respectively, while the specificities were 84.7%, 81.3%, and 75.4%, respectively. The age-specific sensitivities of fPSA/tPSA for screening prostate cancer were 74.4%, 53.3%, and 55.9%, respectively, while the specificities were 83.8%, 83.7%, and 83.7%, respectively. Both bootstrap's internal validation and PLCO external validation provided similar results. The combination of tPSA and fPSA/tPSA could further improve the accuracy of screening. <b>Conclusion:</b> To improve the screening effects, it is recommended that age-specific cut-off values of tPSA and fPSA/tPSA should be used to screen for prostate cancer in the general risk population."
080-350-151-460-437,Circulating Tumor Cells Are Detectable and Independent of PSA and PSMA-PET Metrics in Localized High-Risk and Biochemically Recurrent Prostate Cancer,Shraddha Rastogi; Nahoko Sato; Sunmin Lee; Min-Jung Lee; Yolanda McKinney; Liza Lindenberg; Esther Mena; Anish Thomas; Roshan L. Shrestha; Peter L. Choyke,"CTCs were detectable in both HR and BCR patients using flow cytometry and ddPCR based methods even in localized disease, suggesting that CTCs can be used as a liquid biopsy that may reflect underlying disease activity. These findings support the potential role of CTCs as a minimally invasive biomarker independent of serum PSA levels and 18F-DCFPyL PET parameters."
080-741-100-083-377,Correction: Single-Cell Transcriptomic Heterogeneity in Invasive Ductal and Lobular Breast Cancer Cells.,Fangyuan Chen; Kai Ding; Nolan Priedigkeit; Ashuvinee Elangovan; Kevin M Levine; Neil Carleton; Laura Savariau; Jennifer M Atkinson; Steffi Oesterreich; Adrian V Lee,
080-881-416-877-784,Highlighted multi-modifications of enzymes: a novel succinylation mediated by histone acetyltransferase 1 in tumors.,Xiaodong Zhang; Chunyu Hou; Guang Yang,
081-020-922-486-307,Can SGRT be a Substitute for Plan Verification Procedure?,G. Xu; J. Zheng; L. Sun,
081-043-691-077-320,Correction: Chromatin Remodeling Factor LSH Drives Cancer Progression by Suppressing the Activity of Fumarate Hydratase.,Xiaozhen He; Bin Yan; Shuang Liu; Jiantao Jia; Weiwei Lai; Xing Xin; Can-E Tang; Dixian Luo; Tan Tan; Yiqun Jiang; Ying Shi; Yating Liu; Desheng Xiao; Ling Chen; Shao Liu; Chao Mao; Gang Yin; Yan Cheng; Jia Fan; Ya Cao; Kathrin Muegge; Yongguang Tao,"In the original version of this article (1), there was a duplication of the images used in migration assays for C666–1 cells treated with siLSH#1 and siLSH#2 in Fig. 3B. The error has been corrected in the latest online HTML and PDF versions of the article. The authors regret this error."
081-104-207-364-448,Electron Spin Resonance Study on the Photoinduced Radicals from Carcinogenic 4-Nitroquinoline 1-Oxide,Nobuko Kataoka; Akira Imamura; Yutaka Kawazoe; Goro Chihara; Chikayoshi Nagata,"UV-irradiation of 4-nitroquinoline 1-oxide in solutions, that is, in dioxane, in benzene, and in hexane, induced stable radicals which were investigated by ESR spectroscopy. Hyperfine structures of spectra thus obtained are different from each other depending on the sort of the solvents used. Determination of these radical structures were carried out by help of isotope-containing 4-nitroquinoline 1-oxides and, in particular, the structure of dioxane type radical was proposed, based on spectral changes by isotope replacement."
081-113-733-813-498,Correction: Proteogenomic Analysis of Salivary Adenoid Cystic Carcinomas Defines Molecular Subtypes and Identifies Therapeutic Targets.,Renata Ferrarotto; Yoshitsugu Mitani; Daniel J McGrail; Kaiyi Li; Tatiana V Karpinets; Diana Bell; Steven J Frank; Xingzhi Song; Michael E Kupferman; Bin Liu; J Jack Lee; Bonnie S Glisson; Jianhua Zhang; Jon C Aster; Shiaw-Yih Lin; P Andrew Futreal; John V Heymach; Adel K El-Naggar,"In the original version of this article (1), the Methods section contained two inaccuracies: MYC scoring was stated to be binary (positive, negative) when it was tertiary (high, low, negative), and the positive/negative benchmark for TP63 expression was stated to be at 70% of cells when it was at 10% of cells. The errors have been corrected in the latest online HTML and PDF versions of the article. The authors regret the errors."
081-257-339-624-974,Supplementary Figure from Treg-Dominant Tumor Microenvironment Is Responsible for Hyperprogressive Disease after PD-1 Blockade Therapy,Hiroaki Wakiyama; Takuya Kato; Aki Furusawa; Ryuhei Okada; Fuyuki Inagaki; Hideyuki Furumoto; Hiroshi Fukushima; Shuhei Okuyama; Peter L. Choyke; Hisataka Kobayashi,<jats:p>Supplementary Figure from Treg-Dominant Tumor Microenvironment Is Responsible for Hyperprogressive Disease after PD-1 Blockade Therapy</jats:p>
081-629-151-961-922,"Cancer beliefs in cancer survivors, cancer relatives and persons with no cancer experience.",Anette Fischer Pedersen; Peter Vedsted,"Aims: Negative cancer beliefs have been associated with late stage at cancer diagnosis. High levels of negative cancer beliefs have been found among individuals with low socioeconomic position and ethnic minority women, but the impact of cancer experience on cancer beliefs is unexamined. The aim of this study was to examine whether cancer beliefs are associated with cancer experience. Methods: This was a cross-sectional population-based study. Telephone interviews of 2992 Danish residents (30+) were carried out using the Awareness and Beliefs about Cancer Measure (ABC). Respondents reported whether they or someone close had been diagnosed with cancer and whether they agreed/disagreed with three positively and three negatively framed cancer beliefs. Results: Respondents with someone close diagnosed was reference group. Compared with these, respondents with no cancer experience (RRadj=0.91, 95% CI=0.84-0.98) or who had had cancer themselves (RRadj=0.87, 0.77-0.98) were less likely to believe that cancer treatment is worse than the cancer itself, and respondents with no cancer experience were less likely to believe that a diagnosis of cancer is a death sentence (RRadj=0.83, 0.70-0.98), but more likely to report that they did not want to know if they had cancer (RRadj=1.31, 1.01-1.71). Conclusions: The results suggest that cancer beliefs are sensitive to cancer experience. This is an important addition to previous results focusing on the association between cancer beliefs and static factors such as socioeconomic position and ethnicity. Since cancer beliefs may determine health-related behaviour, it is important that negative cancer beliefs are addressed and possibly reframed in population-based interventions."
081-678-245-966-274,P-252 Real-world data: Different administration strategies of fruquintinib for metastatic colorectal cancer,J. Wang; H. Lv; B. Chen; W. Xu; C. Nie; J. Zhao; Y. He; X. Chen,
081-693-255-212-420,Proteomics for Biological Discovery - Proteomic Analysis by Two‐Dimensional Polyacrylamide Gel Electrophoresis,Pavel Gromov; Irina Gromova; Julio E. Celis,
082-070-380-877-275,Caffeine Drinks and the Risk of Cancer: A Review,Jae Ho Kim; Kwang Sun Ryu; Sang Won Lee; Na Young You; Ha Ye Jin Kang; Yong Ha Hwang; Kui Son Choi; Hyo Soung,"Coffee and tea are among the most consumed beverages in the world. That is why the impact of coffee and tea consumption on health is very important. We reviewed papers that studied the link between coffee and tea and various cancers. We investigated the associations between various cancers and the consumption of coffee and tea. Coffee had the effect of reducing the risk of proximal tumor, liver cancer, oral and pharyngeal cancer, and prostate cancer. And herbal tea was effective in reducing the risk of distal colon cancer. However, ovarian cancer and colorectal cancer were not associated with caffeine beverage consumption."
082-149-816-293-88X,A case of gastric syphilis diagnosed with clinical features,Tadashi Fujisaki; Junko Fujisaki; Teruhito Kishihara; Kazuhito Yoshimoto; Akiyoshi Ishiyama; Nobue Ueki; Toshiaki Hirasawa; Taishi Ogawa; Kensuke Kuraoka; Makoto Tatewaki; Yorimasa Yamamoto; Tomohiro Tsuchida; Naoyuki Uragami; Etsuo Hoshino; Masahiro Igarashi; Hiroshi Takahashi,
082-235-736-081-263,Correction: YAP Suppresses Lung Squamous Cell Carcinoma Progression via Deregulation of the DNp63-GPX2 Axis and ROS Accumulation.,Hsinyi Huang; Wenjing Zhang; Yafang Pan; Yijun Gao; Lei Deng; Fuming Li; Fei Li; Xueyan Ma; Shenda Hou; Jing Xu; Peixue Li; Xiaoxun Li; Guohong Hu; Cheng Li; Haiquan Chen; Lei Zhang; Hongbin Ji,"In the original version of this article (1), there are errors in Figs. 4D and 5B. Specifically, in Fig. 4D, the CRL-5889 DCFH-DA staining image was mistakenly used with the L78 staining image. In addition, the L78 Western blot images of Fig. 5B were erroneously used with the HTB-182 Western blot images. The correct images have been provided, and the errors have been corrected in the latest online HTML and PDF versions of the article. The authors regret these errors."
082-773-803-841-970,Clinical profiles and health-related quality of life changes after treatment in advanced colorectal cancer patients: a nationwide study in China.,Hongwei Liu; Ziyao Jia; Huifang Xu; Xiaoyang Wang; Hong Wang; Ruihua Kang; Qiong Chen; Xiaoli Guo; Ranran Qie; Mengfei Zhao; Cheng Cheng; Liyang Zheng; Shuzheng Liu; Yin Liu; Shaokai Zhang; null null,"<AbstractText Label=""BACKGROUND"" NlmCategory=""BACKGROUND"">Colorectal cancer (CRC) is prevalent in China, but many features of CRC patients remain to be better characterized. We aimed to describe the characteristics of clinical epidemiology in CRC patients in China and to evaluate the changes in health-related quality of life (HRQOL) before and after treatment.</AbstractText>;           <AbstractText Label=""METHODS"" NlmCategory=""METHODS"">A hospital-based survey was conducted among CRC patients from 2020 to 2021, covering 14 cities in China. Data on demographic and clinical characteristics, disease knowledge, medical service utilization, medical expenditure, and HRQOL before and after treatment were surveyed. The multivariable regressions and structural equation model (SEM) were used to assess the association between characteristics and HRQOL.</AbstractText>;           <AbstractText Label=""RESULTS"" NlmCategory=""RESULTS"">In the survey of 4589 patients, nearly 80% were diagnosed at an age older than 50, with 59.5% being men and 54.5% having rectal cancer. Approximately 35.2% were diagnosed at stage IV and 37.5% had metastases. Prior to diagnosis, only 2.6% of patients had a colonoscopy screening, with the primary barrier being unawareness. After treatment, there was a significant decline in the overall HRQOL scores (66.98 vs. 65.39, P &lt; 0.001) and a significant association between patients' awareness of CRC treatment and higher HRQOL changes (beta: 0.98, 95% CI 0.39-1.57; P = 0.001). The SEM model showed good model fit, revealing that awareness of CRC treatment was significantly associated with changes in HRQOL (beta: 0.06, 95% CI 0.04-0.09; P = 0.009).</AbstractText>;           <AbstractText Label=""CONCLUSION"" NlmCategory=""CONCLUSIONS"">Our study highlighted a low CRC screening rate in China, largely due to limited public awareness. After treatment, HRQOL declined, and treatment awareness was significantly associated with this change.</AbstractText>;           <CopyrightInformation>© 2025. The Author(s).</CopyrightInformation>"
082-860-611-694-705,Metastasis of Cancer to Cancer,Andersen Hj; Hansen Lg; Paulsen Sm,"Metastasis of cancer to cancer is exceedingly rare, the most frequent being metastasis from bronchogenic carcinoma to renal carcinoma. A case of breast carcinoma metastasizing to a fibrosarcomatous malignant mesothelioma is presented. Breast carcinoma metastasizing to another carcinoma has been reported 4 times in the past. To our knowledge no case of breast carcinoma metastasizing to a malignant mesenchymal tumor has been published. It is unknown whether metastasis of cancer to cancer is a random occurrence or is due to selective lodging, survival and growth within another malignant neoplasm."
082-880-736-274-833,Author response: CXCL10/CXCR3 signaling contributes to an inflammatory microenvironment and its blockade enhances progression of murine pancreatic precancerous lesions,Veethika Pandey; Alicia Fleming-Martinez; Ligia Bastea; Heike R Doeppler; Jillian Eisenhauer; Tam Le; Brandy Edenfield; Peter Storz,
083-562-338-697-534,"Quick reference guide for clinicians management of cancer pain: Infants, children and adolescents",Ada Jacox; Richard Payne; Daniel B. Carr; C. Berde; W. Brietbart; J. M. Cain; C. R. Chapman; Charles S. Cleeland; Betty Ferrell; R. Finley; N. K. Hester; C. S. Hill; W. D. Leak; Arthur G. Lipman; C. L. Logan; C. L. McGarvey; Christine Miaskowski; D. Stevenson Mulder,
083-686-037-284-327,Abnormal Papanicolaou smear. A population-based study of risk factors in Greenlandic and Danish women.,Susanne K. Kjaer; Poll P; Henning Jensen; Gerda Engholm; Haugaard Bj; Chantal Teisen; Rene B. Christensen; Knud A. Møller; Bent Faber Vestergaard; Ethel‐Michele ‐M De Villiers; Elsebeth Lynge; Ole M. Jensen,"Possible risk factors for abnormal Papanicolaou smear were investigated in a population-based cross-sectional study. From Nuuk (Greenland) and Nykebing Falster (Denmark), random samples of 800 women aged 20–39 years were drawn. Totals of 586 and 661 women were included in Greenland and Denmark, respectively. All women went through a personal interview, and had a gynecologic examination including a PAP smear and cervical swab for HPV analysis. A blood sample was taken for analysis of HSV type specific antibodies. Multiple sexual partners was the most important risk factor for abnormal cervical cytology (OR = 4.2). An infectious etiology was also indirectly supported by a relatively protective effect of barrier contraceptive methods (OR = 0.6). The simultaneous finding of HPV 16/18 as a significant risk factor (OR = 2.4) cannot be taken uncritically as support for a causal effect of this HPV type, since such a relationship between cytological changes of the cervix and HPV infection could also emerge if the ..."
083-717-091-717-225,Demonstrating In-Cell Target Engagement Using a Pirin Protein Degradation Probe (CCT367766).,Nicola E. A. Chessum; Swee Y. Sharp; John J. Caldwell; A. Elisa Pasqua; Birgit Wilding; Giampiero Colombano; Ian Collins; Bugra Ozer; Meirion Richards; Martin G. Rowlands; Mark Stubbs; Rosemary Burke; P. Craig McAndrew; Paul A. Clarke; Paul Workman; Matthew D. Cheeseman; Keith Jones,"Demonstrating intracellular protein target engagement is an essential step in the development and progression of new chemical probes and potential small molecule therapeutics. However, this can be particularly challenging for poorly studied and noncatalytic proteins, as robust proximal biomarkers are rarely known. To confirm that our recently discovered chemical probe 1 (CCT251236) binds the putative transcription factor regulator pirin in living cells, we developed a heterobifunctional protein degradation probe. Focusing on linker design and physicochemical properties, we generated a highly active probe 16 (CCT367766) in only three iterations, validating our efficient strategy for degradation probe design against nonvalidated protein targets."
083-939-885-284-365,Editor's Note: A Novel L-Asparaginase with low L-Glutaminase Coactivity Is Highly Efficacious against Both T- and B-cell Acute Lymphoblastic Leukemias In Vivo.,Hien Anh Nguyen; Ying Su; Jenny Y Zhang; Aleksandar Antanasijevic; Michael Caffrey; Amanda M Schalk; Li Liu; Damiano Rondelli; Annie Oh; Dolores L Mahmud; Maarten C Bosland; Andre Kajdacsy-Balla; Sofie Peirs; Tim Lammens; Veerle Mondelaers; Barbara De Moerloose; Steven Goossens; Michael J Schlicht; Kasim K Kabirov; Alexander V Lyubimov; Bradley J Merrill; Yogen Sauntharajah; Pieter Van Vlierberghe; Arnon Lavie,
084-171-689-413-634,A Survey of Cancer Prevention and Control in Korea,Chen Yu-heng,"Since 1983,cancer has been the leading cause of death in Korea.In 2008,cancer has accounted for 28.0% of all death causes.According to the data from GLOBOCAN 2008,the order of top 5 common cancers in Korea was stomach cancer,breast cancer,thyroid cancer,colorectal cancer and lung cancer.The National Cancer Center(NCC) of Korea has been founded in 2000 and dedicated to lessen the burden of cancer through offering assistance to cancer research,diagnosis and treatment,promoting national cancer control measures,and training for cancer specialists.With the coordination of NCC,several National Cancer Control Programs are being performed in Korea,including National Research Development Program for Cancer Control,National Cancer Registration Program,National Cancer Screening Program,Cancer Patients Management Programs,Regional Cancer Center Support Program and Financial Aid Program for Cancer Patients."
084-304-151-794-97X,Are health care providers who work with cancer drugs at an increased risk for toxic events? A systematic review and meta analysis of the literature,G. Dranitsaris; Mary Johnston; Susan Poirier; T. Trudi Schueller; T. Savage; Debbie Milliken; Esther Green; William K. Evans; Brent W. Zanke,6082 Background: It has been well documented in the literature that cancer patients receiving certain chemotherapy drugs are at an increased risk for developing secondary malignancies. This concern...
084-469-566-652-426,Observation of mucinous cystic neoplasms (MCN):: A study of 46 patients with MCN and MCN-like lesions,Takanobu Taniguchi; Takashi Sasaki; Tsuyoshi Takeda; Takaaki Furukawa; Takafumi Mie; Masashi Sawada; Ryo Kanata; Akiyoshi Kasuga; Masato Matsuyama; Masato Ozaka; Yosuke Inoue; Yu Takahashi; Manabu Takamatsu; Yutaka Takazawa; Naoki Sasahira,
084-730-786-893-228,"Editor's Note: In Vivo Persistence, Tumor Localization, and Antitumor Activity of CAR-Engineered T Cells Is Enhanced by Costimulatory Signaling through CD137 (4-1BB).",De-Gang Song; Qunrui Ye; Carmine Carpenito; Mathilde Poussin; Li-Ping Wang; Chunyan Ji; Mariangela Figini; Carl H June; George Coukos; Daniel J Powell,
084-744-536-865-176,Correction: Update on Whole-Body MRI Surveillance for Pediatric Cancer Predisposition Syndromes.,Mary-Louise C Greer; Lisa J States; David Malkin; Stephan D Voss; Andrea S Doria,
084-803-430-523-538,Correction: N6-Methyladenosine Reader YTHDF1 Promotes Stemness and Therapeutic Resistance in Hepatocellular Carcinoma by Enhancing NOTCH1 Expression.,Xinyue Zhang; Tianhong Su; Yifan Wu; Yuhong Cai; Lina Wang; Cong Liang; Lei Zhou; Shiyan Wang; Xiao-Xing Li; Sui Peng; Ming Kuang; Jun Yu; Lixia Xu,
085-051-654-934-237,Homologues of Idoxifene (Ia): Variation of Estrogen Receptor Binding and Calmodulin Antagonism with Chain Length.,IR Hardcastle; Martin G. Rowlands; Rachel M. Grimshaw; John Houghton; Michael Jarman; A. Sharff; Stephen Neidle,"<jats:title>Abstract</jats:title><jats:p>ChemInform is a weekly Abstracting Service, delivering concise information at a glance that was extracted from about 100 leading journals. To access a ChemInform Abstract of an article which was published elsewhere, please select a “Full Text” option. The original article is trackable via the “References” option.</jats:p>"
085-116-013-076-783,Cancer (Skin Cancer),Charles Theisler,
085-395-361-072-791,Editor's Note: Oncogenic Ras Promotes Reovirus Spread by Suppressing IFNβ Production through Negative Regulation of RIG-I Signaling.,Maya Shmulevitz; Lu-Zhe Pan; Katy Garant; Da Pan; Patrick W K Lee,The editors are publishing this note to alert readers to a concern about this article (1). In Fig.
085-563-861-316-852,"Cancer Treatments: Past, Present, and Future",Dmitriy Sonkin; Anish Thomas; Beverly Teicher,"<jats:p>There is a rich history of cancer treatments which provides a number of important lessons for present and future cancer therapies. We outline this history by looking in the past, reviewing the current landscape of cancer treatments, and by glancing at the potential future cancer therapies.</jats:p>"
085-673-698-235-178,The 1000+ mouse project: large–scale spatiotemporal parametrization and modeling of preclinical cancer immunotherapies,Adam L Kenet; Sooraj Achar; Alka Dwivedi; Jonathan D. Buckley; Marie Pouzolles; Huasong Qin; Christopher D. Chien; Naomi Taylor; Grégoire Altan‐Bonnet,"Preclinical studies of chimeric antigen receptor (CAR)-T cell immunotherapies are often based on monitoring bioluminescent tumors implanted in mice to assess anti-tumor cytotoxicity. Here, we introduce maRQup (<b>m</b>urine <b>a</b>utomatic <b>R</b>adiance <b>Qu</b>antification and <b>p</b>arametrization), an easy-to-use method that automatically processes bioluminescent tumor images for quantitative analysis. We demonstrate the ability of maRQup to analyze CAR-T cell treatments over >1,000 tumor-bearing mice. We compare CD19-targeting CAR-T cells comprising either a CD28 or a 4-1BB costimulatory domain, and found the former controlled the tumor burden better initially, while the latter reduced the frequency of tumor relapse. We also applied maRQup to demonstrate faster tumor growth during the initial growth phase as compared to the relapse phase and to spatiotemporally analyze the high variability in immunotherapeutic control of tumors, based on their anatomical location. maRQup provides quantitative and statistically-robust insights on preclinical experiments that will contribute to the optimization of immunotherapies."
086-028-011-219-820,Cancer and the law : a medical negligence guide,Jonathan Waxman; Daniel Simons,The law of medical negligence The law of causation The cancer patient as a client Managing the investigation Instructing experts in oncology cases Damages Cases Cancer Breast cancer Ovarian cancer Cervical cancer Vulval cancer Cancer of the larynx Lung cancer Cancer of the oesophagus Gastric cancer Cancer of the pancreas Cancer of the colon Cancer of the rectum Renal cancer Bladder cancer Prostate cancer Testicular cancer Non-Hodgkin's lymphoma Hodgkin's Disease Melanoma Carcinoid tumours Mesothelioma Myeloma Soft tissue sarcoma Thyroid cancer
086-610-824-962-535,Abstract OT3-01-04: VADIS trial: Phase II trial of the nelipepimut-S peptide vaccine in women with DCIS of the breast,Elizabeth A. Mittendorf; G Plitas; Judy Garber; Katherine D. Crew; Brandy M. Heckman-Stoddard; M Wojtowicz; Lana Vornik; GE Peoples; PH Brown,"Background: Our group has been investigating vaccination strategies in breast cancer. Specifically, we have been evaluating HER2-derived peptide vaccines including nelipepimut-S+GM-CSF administered adjuvantly to breast cancer patients who have been rendered disease-free with standard of care therapy but are at high risk for recurrence. Early phase clinical trials showed an approximately 50% reduction in relative recurrence risk in vaccinated patients. Based on these data, nelipepimut-S+GM-CSF is being evaluated in a phase III registration trial. Having shown the vaccine to be safe, effective in stimulating an antigen-specific immune response and potentially having clinical efficacy in the setting of secondary prevention, the current study was initiated to evaluate vaccination in DCIS patients. This trial represents an initial step to move the vaccine into the primary prevention setting. Trial Design: Phase II, randomized, single-blind study. Patients will be randomized 2:1 to receive vaccine or GM-CSF alone. After enrollment, patients will receive 3 inoculations administered every other week preoperatively followed by surgery then completion of the vaccination series (3 additional inoculations) in the adjuvant setting. Eligibility: The trial will enroll pre- or post-menopausal women with a diagnosis of DCIS made by core biopsy. The area of radiographic abnormality must measure at least 1 cm. Because the vaccine is a MHC class I, CD8+ T cell-eliciting vaccine, it is HLA restricted, and patients must be HLA-A2+ to enroll. Participants must also have an ECOG performance status Specific Aims: The trial9s primary endpoint is to evaluate for nelipepimut-specific CD8+ T cells in the peripheral blood of vaccinated patients compared to patients receiving GM-CSF alone. Secondary endpoints include evaluating toxicity; determining the immune response in vivo by DTH, in vitro by evaluating for epitope spreading to other tumor antigens, and importantly in the tumor by assessing the degree of lymphocytic infiltration in surgically resected specimens. The extent of HER2 expression, Ki67 and cleaved caspase 3 in the resected specimen will also be assessed. Statistical Methods: A total of 108 DCIS patients will be consented and screened for eligibility. 48 (45%) are expected to be HLA-A2 positive. These 48 patienst will be randomized 2:1 to vaccine or GM-CSF alone groups. Accounting for 10% attrition rate and for an approximately 5% non-evaluable sample rate, we expect to have 40 evaluable patients, 27 in the vaccine group and 13 in the GM-CSF alone group, that have baseline, pre-surgery, and post-surgery measures of nelipepimut-S-specific CD8+ T cells. We will have 82% power to detect a significant increase in nelipepimut-S-specific CD8+ T cells in the vaccine group versus the GM-CSF alone group. Contact Info: The study is accruing at four sites to include Columbia University, Dana Farber Cancer Institute, MD Anderson Cancer Center and Memorial Sloan Kettering Cancer Center. Additional information can be obtained from the overall study PI, Dr. Elizabeth Mittendorf (eamitten@mdanderson.org). NCT0236582. Citation Format: Mittendorf EA, Plitas G, Garber J, Crew K, Heckman-Stoddard B, Wojtowicz M, Vornik L, Peoples GE, Brown PH. VADIS trial: Phase II trial of the nelipepimut-S peptide vaccine in women with DCIS of the breast [abstract]. In: Proceedings of the 2016 San Antonio Breast Cancer Symposium; 2016 Dec 6-10; San Antonio, TX. Philadelphia (PA): AACR; Cancer Res 2017;77(4 Suppl):Abstract nr OT3-01-04."
086-666-444-431-890,Correction: Chidamide combined with doxorubicin induced p53-driven cell cycle arrest and cell apoptosis reverse multidrug resistance of breast cancer.,Lixia Cao; Shaorong Zhao; Qianxi Yang; Zhendong Shi; Jingjing Liu; Teng Pan; Dongdong Zhou; Jin Zhang,[This corrects the article DOI: 10.3389/fonc.2021.614458.].
087-039-974-207-54X,CircRNA G6PC3 promotes lung adenocarcinoma progression through enhancing HMGB1/Beclin 1 complex to induce autophagy,Banzhou Pan; Jiayuan Huang; Bing Feng; Bo Shen; Jianwei Lu; Yuan Wu; Chenchen Li; Chen Chen; Jifeng Feng; Yong Xu; Xiaohua Wang,
087-111-865-490-263,Clinical and radiological features of advanced RET-rearranged lung cancer.,Masafumi Saiki; Fumiyoshi Ohyanagi; Ryo Ariyasu; Junji Koyama; Tomoaki Sonoda; Yosuke Kawashima; Natsuki Takano; Tomoyo Oguri; Shingo Nishikawa; Satoru Kitazono; Noriko Yanagitani; Atsushi Horiike; Hironori Ninomiya; Kengo Takeuchi; Yuichi Ishikawa; Katsunori Oikado; Makoto Nishio,"e23104Background: RET fusion gene was found in 1–2% of non-small cell lung cancer (NSCLC). Most of the reports published so far investigated only surgical specimens, and details of advanced tumors ..."
087-208-897-234-759,Textbook of Cancer Epidemiology - Textbook of cancer epidemiology,H. O. Adami; David J. Hunter; Dimitrios Trichopoulos,"PART I - BACKGROUND 1. Burden of Cancer 2. Origin of Cancer 3. Genetic Epidemiology of Cancer 4. Biomarkers in Cancer Epidemiology 5. Concepts in Cancer Epidemiology and Etiology PART II - CANCER EPIDEMIOLOGY BY SITE OR TYPE OF MALIGNANT TUMOR 6. Oral and Pharyngeal Cancer 7. Esophageal Cancer 8. Stomach Cancer 9. Colorectal Cancer 10. Cancer of the Liver and Biliary Tract 11. Pancreatic Cancer 12. Cancer of the Lung, Larynx, and Pluera 13. Skin Cancer 14. Breast Cancer 15. Cervical Cancer 16. Endometrial Cancer 17. Ovarian Cancer 18. Prostate Cancer 19. Testicular Cancer 20. Urinary Bladder Cancer 21. Thyroid Cancer 22. Hodgkin's Disease 23. Non-Hodgkins Lymphomas 24. Leukemias"
087-499-043-989-333,,Laura Nasseri; M Cassella; Kenneth I. Berns; J Zaghiyan; Wan C. Tan; Milton C. Chew; Ian Tan; J. Mac Law; Rui Zhao; Saugata Acharyya; Yan‐Ping Mao; L Fernandez; Camilla Loi; Chao‐Hsiun Tang; C. Demtröder; Wiebke Solaß; J. Zieren; Dirk Strumberg; U Giger-Pabst; Marc A. Reymond; N.P. McCormick; Liane Dixon; B. R. Dobbs; Frank Frizelle; Irshad Shaikh; William J. Holloway; Stephen Aston; D Littler; Ing Burl; A Antoniou; J Jenkins; Luca Stocchi; Emre Görgün; Feza H. Remzi; Giovanni Maria Santoro; S. Abbas Shobeiri; P Petros; Pedro Zapater; Andrzej Wieczorek; B Wakeman; Leland G. Dobbs; F Dixon; Jay R. Parikh; David H. Kerman; Mónica García-Buitrago; E De Groof; Vitor Vasconcelos Cabral; Christianne J. Buskens; D Mor- Ton; Dieter Hahnloser; Willem A. Bemelman; Seung­Ji Lim; Catherine Yu; C Kim; Yoo Sang Yoon; I Park; Jinu Kim; Y Yoon; I Park; J Kim; W Tan; M Chew; Ibh Tan; N Rahbari; F Lordick; C Fink; Martyn Evans;  Editor,External validation of models predicting
087-596-276-316-767,Correction: St. Jude Survivorship Portal: Sharing and Analyzing Large Clinical and Genomic Datasets from Pediatric Cancer Survivors.,Gavriel Y Matt; Edgar Sioson; Kyla Shelton; Jian Wang; Congyu Lu; Airen Zaldivar Peraza; Karishma Gangwani; Robin Paul; Colleen Reilly; Aleksandar Acić; Qi Liu; Stephanie R Sandor; Clay McLeod; Jaimin Patel; Fan Wang; Cindy Im; Zhaoming Wang; Yadav Sapkota; Carmen L Wilson; Nickhill Bhakta; Kirsten K Ness; Gregory T Armstrong; Melissa M Hudson; Leslie L Robison; Jinghui Zhang; Yutaka Yasui; Xin Zhou,
087-625-963-972-475,Characteristics of Synchronous Cancers in Gastric Cancer Patients,Ja Seong Bae; Jun Ho Lee; Keun Won Ryu; Young-Woo Kim; Jae Moon Bae,"Purpose: The primary objective of the current study was to investigate the characteristics of synchronous cancers in gastric cancer patients. Materials and Methods: We analyzed the 2,237 patients who were diagnosed between December 2000 and December 2003 with gastric cancer and synchronous cancers of organs other than the stomach. Results: 73 (3.3%) of a total of 2,237 gastric cancer patients had synchronous primary cancers. Among these 73 patients, 71 had one synchronous cancer, and two patients had double synchronous cancers. Colorectal cancer (26 patients, 34.7%) was the most frequently encountered synchronous cancer, followed by cancer of the lung (16 patients, 21.3%), esophagus (13 patients, 17.2%), and liver (8 patients, 10.7%). Synchronous can-cers were detected with increased frequency in the elderly, in the patients with multiple gastric cancers, in the patients with differentiated gastric cancer, and in the patients with early gastric cancer, as determined on univariate analysis, but the differentiation of gastric cancers was the only risk factor for synchronous cancers on the multivariate analysis. Conclusions: The differentiation of gastric cancer cells may be a risk factor for synchronous cancers in gastric cancer patients. Careful surveillance by the physician for synchronous cancer is warranted for the patients suffering from gastric cancer. (Cancer Res Treat. 2006;38:25-29)"
088-042-433-160-455,EP.13.23 Tislelizumab Plus Sitravatinib or Anlotinib as Maintenance Therapy in Extensive-Stage Small-Cell Lung Cancer (ES-SCLC),Y. Fan; K. Chen; S. Yu; H. Lu; H. Li; Y. Xu; L. Gong; F. Xie; J. Qin; X. Yu; J. Zhao; G. Lou; W. Wang; C. Gu; N. Han; X. Xu; L. Shao; Z. Huang,
088-091-073-347-769,Drug Transporters: Molecular Characterization and Role in Drug Disposition - Breast Cancer Resistance Protein,Robert W. Robey; Orsolya Polgar; John Deeken; Kenneth Kw To; Susan E. Bates,
088-183-922-413-950,Long-term toxicity monitoring via electronic patient reported outcomes in end-stage chemotherapy patients,E. M. Basch; Alexia Iasonos; Allison Barz; A. Culkin; Mark G. Kris; David Artz; Paul A. Fearn; John Speakman; Howard I. Scher; Deborah Schrag,"9025 Background: In cancer trials, clinicians are required to report patient toxicity symptoms using the NCI's Common Terminology Criteria for Adverse Events (CTCAE). Alternatively, patients could ..."
088-427-217-084-539,Editor's Note: mTOR as a Molecular Target in HPV-Associated Oral and Cervical Squamous Carcinomas.,Alfredo A Molinolo; Christina Marsh; Mohamed El Dinali; Nitin Gangane; Kaitlin Jennison; Stephen Hewitt; Vyomesh Patel; Tanguy Y Seiwert; J Silvio Gutkind,
088-560-738-756-014,"Cancer of the Breast, Cervical Cancers, Ovarian Cancers, and Other Cancers",Jacques Lorrain; Jean-Pierre Moquin,A high-dose chemoradiotherapy (HDC) combined with hemopoietic stem cell transplantation (HSCT) has become an increasingly used modality for the treatment of patients with breast carcinoma.1–3
088-674-150-465-422,Association of the imbalance between early and late differentiated intra-tumor CD4 T cells with mutational burden in non-small cell lung cancer.,Ehsan Ghorani; James L. Reading; Jake Y. Henry; Marc Robert de Massy; Rachel Rosenthal; Andrew Furness; Assma Ben Aissa; Mariam Jamal-Hanjani; Nicolai Juul Birkbak; Gareth A. Wilson; Roberto Salgado; Tom Lund; Crispin T. Hiley; Sherene Loi; Allan Hackshaw; Nicholas McGranahan; Benjamin M. Chain; Karl S. Peggs; Charles Swanton; Sergio A. Quezada,"2590Background: CD4 T helper cells are key orchestrators of immunity in states of persistent antigen exposure. In chronic viral infection, loss of immune control is associated with CD4 differentiat..."
088-707-828-883-408,"Cancer screening in the United States, 2014: A review of current American Cancer Society guidelines and current issues in cancer screening",Robert A. Smith; Deana Manassaram-Baptiste; Durado Brooks; Vilma Cokkinides; Mary Doroshenk; Debbie Saslow; Richard C. Wender; Otis W. Brawley,"Answer questions and earn CME/CNE Each year the American Cancer Society publishes a summary of its guidelines for early cancer detection, a report on data and trends in cancer screening rates, and select issues related to cancer screening. In this issue of the journal, we summarize current American Cancer Society cancer screening guidelines. In addition, the latest data on the use of cancer screening from the National Health Interview Survey is described, as are several issues related to screening coverage under the Patient Protection and Affordable Care Act, including the expansion of the Medicaid program."
089-549-492-925-285,Retraction Note: Exosome circRNA secreted from adipocytes promotes the growth of hepatocellular carcinoma by targeting deubiquitination-related USP7.,Haiyang Zhang; Ting Deng; Shaohua Ge; Ying Liu; Ming Bai; Kegan Zhu; Qian Fan; Jialu Li; Tao Ning; Fei Tian; Hongli Li; Wu Sun; Guoguang Ying; Yi Ba,
089-733-633-546-570,Editor's Note: RIP1-HAT1-SIRT Complex Identification and Targeting in Treatment and Prevention of Cancer.,Vincenzo Carafa; Angela Nebbioso; Francesca Cuomo; Dante Rotili; Gilda Cobellis; Paola Bontempo; Alfonso Baldi; Enrico P Spugnini; Gennaro Citro; Angela Chambery; Rosita Russo; Menotti Ruvo; Paolo Ciana; Luca Maravigna; Jani Shaik; Enrico Radaelli; Pasquale De Antonellis; Domenico Tarantino; Adele Pirolli; Rino Ragno; Massimo Zollo; Hendrik G Stunnenberg; Antonello Mai; Lucia Altucci,
090-150-614-272-675,Practical guideline for rhabdomyosarcoma in children and adolescents.,Guo Zhao; Peiwen Ma; Yuanting Cai; Aiwen Jian; Liangjie Sun; Shuhang Wang; Ning Li,
090-493-708-367-004,Origin of Cancers - Origin of cancers,Shi-Ming Tu,Introduction Cancer myths History of cancer Origin of cancer Stem cells Stem cells and cancer Cancer stem cells Cancer niche Ontogeny and oncology Diagnosis and prognosis Cancer targets Heterogeneity of cancer Metastasis Cancer immunity Drug resistance Paradigm shifts Experimental proof Clinical implications Curing cancer Epilogue
090-639-883-089-223,Impact of two‑field or three‑field lymphadenectomy on overall survival in middle and lower thoracic esophageal squamous cell carcinoma: A single‑center retrospective analysis.,Kexun Li; Kunyi Du; Kun Liu; Xin Nie; Changding Li; Wenwu He; Kunzhi Li; Chenghao Wang; Zhiyu Li; Kai Zheng; Tianqin Mao; Longlin Jiang; Haojun Li; Yan Miao; Qin Xie; Qiang Fang; Yongtao Han; Xuefeng Leng; Lin Peng,"Squamous cell carcinoma is the main subtype of esophageal cancer in East Asia. The effect of the number of lymph nodes (LNs) removed to treat middle and lower thoracic esophageal squamous cell carcinoma (ESCC) in China remains controversial. Therefore, the present study aimed to investigate the impact of the number of LNs removed during lymphadenectomy on the survival of patients with middle and lower thoracic ESCC. Data were obtained from the Sichuan Cancer Hospital and Institute Esophageal Cancer Case Management Database from January 2010 to April 2020. Either three-field systematic lymphadenectomy (3F group) or two-field systematic lymphadenectomy (2F group) was performed for ESCC cases with or without suspicious tumor-positive cervical LNs, respectively. Subgroups were designed for further analysis based on the quartile number of resected LNs. After 50.7 months of median follow-up, 1,659 patients who underwent esophagectomy were enrolled. The median overall survival (OS) of the 2F and 3F groups was 50.0 months and 58.5 months, respectively. The OS rates at 1, 3 and 5 years were 86, 57 and 47%, respectively, in the 2F group, and 83, 52 and 47%, respectively, in the 3F group (P=0.732). The average OS of the 3F B and D groups was 57.7 months and 30.2 months, respectively (P=0.006). In the 2F group, the OS between subgroups was not significantly different. In conclusion, resection of >15 LNs during two-field dissection in patients with ESCC undergoing esophagectomy did not affect their survival outcomes. In three-field lymphadenectomy, the extent of LNs removed could lead to different survival outcomes."
090-660-362-326-701,Understanding the development of enzalutamide resistance based on a functional single-cell approach,Changhui Xue; Hyun‐Kyung Ko; Kasen Shi; Janét Pittsenbarger; Lucien Vu Dao; Kaiyo Shi; Maximilian Libmann; Hao Geng; David Z. Qian,"Single-cell RNA-Sequencing reveals heterogeneities of tumor cell populations. In most cases, however, the functional significance of the observed heterogeneity is not tested. In this study, we first identified a possible therapy-resistant prostate cancer cell subpopulation with scRNA-Seq, then confirmed the resistant phenotype with single cell and colony - based cloning and functional testing. In addition, we also identified a therapeutic vulnerability of the resistant cells."
090-833-710-783-89X,Cultured Clostridium Scindens Microscopy Images,null Maysam; Sarwesh Rauniyar; Norma Morella; Daniel Lachance; Samuel S. Minot; Neelendu Dey,
091-073-485-374-578,"Structure-based discovery of sulfamoyl-ethyl-4-oxo-3,4-dihydro-7H-pyrrolo[2,3-d]pyrimidine amides and sulfonamides as potent B-Cell Lymphoma 6 (BCL6)-BTB inhibitors",Ahmed Mamai; Mohammed  M. Morshed; Michael Prakesch; Gennady Poda; Pandiaraju Subramanian; Anh Chau; Iain  D. G. Watson; Babu Joseph; Brian Wilson; Justin  A. Morin; Richard Marcellus; Brigitte Theriault; Mohammed Mohammed; Ayome Abibi; Manuel Chan; Taira Kiyota; Ahmed Aman; Ratheesh Subramaniam; Craig Strathdee; Jeffrey Winston; Jeff O'Meara; Doug Kuntz; Neil Pomroy; David Uehling; Methvin Isaac; Gilbert  G. Privé; Rima Al-awar,
091-082-307-604-910,Correction: GATA6 Expression Distinguishes Classical and Basal-like Subtypes in Advanced Pancreatic Cancer.,Grainne M O'Kane; Barbara T Grünwald; Gun-Ho Jang; Mehdi Masoomian; Sarah Picardo; Robert C Grant; Robert E Denroche; Amy Zhang; Yifan Wang; Jessica K Miller; Bernard Lam; Paul M Krzyzanowski; Ilinca M Lungu; John M S Bartlett; Melanie Peralta; Foram Vyas; Rama Khokha; James Biagi; Dianne Chadwick; Stephanie Ramotar; Shawn Hutchinson; Anna Dodd; Julie M Wilson; Faiyaz Notta; George Zogopoulos; Steven Gallinger; Jennifer J Knox; Sandra E Fischer,"In the original version of this article (1), author Jessica K. Miller is mistakenly omitted from the author list. In addition, the name of author Ilinca M. Lungu is incorrect. The errors have been corrected in the latest online HTML and PDF versions of the article and the author contributions and disclosures have been updated as necessary. The authors regret the errors."
091-437-047-343-987,Three cases of cancer in remnant stomach reconstructied by jejunal interposition that was removed by ESD,Yuko Hayashi; Yorimasa Yamamoto; Junko Fujisaki; Mizuka Imai; Kazuhito Yoshimoto; Satoru Fujisaki; Akiyoshi Ishiyama; Nobue Ueki; Toshiaki Hirasawa; Kensuke Kuraoka; Makoto Tatewaki; Naoyuki Uragami; Tomohiro Tsuchida; Etsuo Hoshino; Hiroshi Takahashi; Masahiro Igarashi,
091-659-017-475-309,Supplementary Tables S1-S11 and Figure S1 from Opportunities for Achieving the Cancer Moonshot Goal of a 50% Reduction in Cancer Mortality by 2047,Meredith S. Shiels; Stanley Lipkowitz; Nicole G. Campos; Mark Schiffman; John T. Schiller; Neal D. Freedman; Amy Berrington de González,"<jats:p>&lt;p&gt;Supplemental Table 1. 15 leading causes of cancer death in the U.S. in 2019.; Supplemental table 2. Trends in total cancer mortality rates, incidence rates and relative survival in the U.S.; Supplemental table 3. Trends in lung cancer mortality rates, incidence rates and relative survival in the U.S.; Supplemental table 4. Trends in colorectal cancer mortality rates, incidence rates and relative survival in the U.S.; Supplemental table 5. Trends in pancreatic cancer mortality rates, incidence rates and relative survival in the U.S.; Supplemental table 6. Trends in female breast cancer mortality rates, incidence rates and relative survival in the U.S.; Supplemental table 7. Trends in prostate cancer mortality rates, incidence rates and relative survival in the U.S.; Supplemental table 8. Trends in liver/IHBD cancer mortality rates, incidence rates and relative survival in the U.S.; Supplemental table 9. Trends in cancer mortality rates in the U.S., 2000-2019 for selected sites.; Supplemental Table 10. US breast cancer incidence-based mortality*.; Supplemental Table 11. U.S. breast cancer incidence-based mortality by age at death.; Supplemental Figure 1. Liver cancer incidence (1992-2019), survival (2000-2019) and mortality (2000-2019 projected through 2047). This figure excludes cases of intrahepatic bile duct cancer.&lt;/p&gt;</jats:p>"
091-707-973-598-492,Metabolic biomarkers in lung cancer screening and early diagnosis (Review).,Yongjie Xu; Xuesi Dong; Chao Qin; Fei Wang; Wei Cao; Jiang Li; Yiwen Yu; Liang Zhao; Fengwei Tan; Wanqing Chen; Ni Li; Jie He,"Late diagnosis is one of the major contributing factors to the high mortality rate of lung cancer, which is now the leading cause of cancer-associated mortality worldwide. At present, low-dose CT (LDCT) screening in the high-risk population, in which lung cancer incidence is higher than that of the low-risk population is the predominant diagnostic strategy. Although this has efficiently reduced lung cancer mortality in large randomized trials, LDCT screening has high false-positive rates, resulting in excessive subsequent follow-up procedures and radiation exposure. Complementation of LDCT examination with biofluid-based biomarkers has been documented to increase efficacy, and this type of preliminary screening can potentially reduce potential radioactive damage to low-risk populations and the burden of hospital resources. Several molecular signatures based on components of the biofluid metabolome that can possibly discriminate patients with lung cancer from healthy individuals have been proposed over the past two decades. In the present review, advancements in currently available technologies in metabolomics were reviewed, with particular focus on their possible application in lung cancer screening and early detection."
091-749-015-918-056,Driving health system change in childhood cancer service delivery through multi-stakeholder engagement at state level – The Odisha experience,Shivani Chauhan; Nitai Panigrahi; Saroj Panda; Rohini Pandey; Amarabati Mishra; Archisman Mohapatra; Ashwani Kumar Darjee; Haresh Gupta; Keshav Sharma; Madhulita Patnaik; Nabarun Panda; Nirmalya Deo Pradhan; Palash Das; Poonam Bagai; Prasanta Kumar Palatasingh; Sonali Mohapatra; Ramandeep Arora,
091-829-387-561-705,Introduction of Tochigi Cancer Biobank established with the aim of developing novel diagnostic and therapeutic methods for cancer,Kazutaka Kikuta; Tadashi Kondo; Yuki Yoshimatsu; Hiroyasu Nakatani; Rina Sasaki; Kimiko Nakano; Yusuke Yoshida; Iwao Ozawa,"Tochigi Cancer Center, which was established in 1986, has been providing medical care for many cancer patients as a prefectural cancer hospital. The importance of building biobanks and databases is increasing in order to respond to the rapid changes and development of cancer diagnosis and treatment accompanying recent scientific and technological innovations. By utilizing biobanks and databases, it is possible to select the optimal treatment for each individual case based on molecular information and to obtain universal information that cannot be obtained from a small number of cases such as rare cancers. It will also be possible to conduct research on refractory and rare cancers. Tochigi Cancer Center opened Tochigi Cancer Biobank in April 2021 to prepare for tests using patient tissues such as cancer genomic medicine, and to promote translational research to develop novel treatment strategy on refractory and rare cancers. We will introduce the purpose and features of Tochigi Cancer biobank."
091-853-256-665-037,Cost Utility Analysis of National Cancer Screening Program for Gastric Cancer in Korea: A Markov Model Analysis,Seowoo Bae; Hyewon Lee; Eun Young Her; Kyeongmin Lee; Joon Sung Kim; Jeonghoon Ahn; Il Ju Choi; Jae Kwan Jun; Mina Suh; Kui Son Choi,
092-434-363-477-496,Retraction: Insulin-like Growth Factor-1 Induces Adhesion and Migration in Human Multiple Myeloma Cells via Activation of β1-Integrin and Phosphatidylinositol 3'-Kinase/AKT Signaling.,Yu-Tzu Tai; Klaus Podar; Laurence Catley; Yu-Hua Tseng; Masaharu Akiyama; Reshma Shringarpure; Renate Burger; Teru Hideshima; Dharminder Chauhan; Nicholas Mitsiades; Paul Richardson; Nikhil C Munshi; C Ronald Kahn; Constantine Mitsiades; Kenneth C Anderson,There are concerns about the reliability of certain data arising from errors
093-879-678-220-044,ISS1-1-2The significance of EGFR pathway mutations for the efficacy of bevacizumab in metastatic colorectal cancer,Izuma Nakayama; Shinozaki Eiji; Wakatsuki Takeru; Ogura Mariko; Ichimura Takashi; Takahari Daisuke; Ozaka Masato; Suenaga Mitsukuni; Chin Keisho; Mizunuma Nobuyuki,"Background: After analysis of minor RAS mutations (KRAS exon 3, 4/NRAS) in FIRE-3 or PRIME study, so called all RAS mutation would be being regarded as a biomarker for anti-EGFR antibodies. BRAF and PIK3CA mutation would be a candidate of biomarkers for anti EGFR targeted therapies. However it remains unknown whether EGFR pathway mutations affect the efficacy of bevacizumab in Stage4 CRC."
094-275-230-888-539,Molecular Chaperones,Marissa V. Powers; Paul Workman,
094-430-909-047-813,The efficacy of oxaliplatin-based adjuvant chemotherapy for stage IV colorectal cancer after R0 resection.,Izuma Nakayama; Mitsukuni Suenaga; Takeru Wakatsuki; Mariko Ogura; Masato Ozaka; Eiji Shinozaki; Satoshi Matsusaka; Keisho Chin; Nobuyuki Mizunuma; Toshiharu Yamaguchi,"638 Background: In previous phase III studies (MOSAIC and XELOXA trial), oxaliplatin based chemotherapy was shown to be a standard adjuvant treatment for stage III colorectal cancer (CRC). However,..."
094-503-157-215-347,Correction: LncRNA-MM2P Identified as a Modulator of Macrophage M2 Polarization.,Ji Cao; Rong Dong; Li Jiang; Yanling Gong; Meng Yuan; Jieqiong You; Wen Meng; Zhanlei Chen; Ning Zhang; Qinjie Weng; Hong Zhu; Qiaojun He; Meidan Ying; Bo Yang,"In the original version of this article (1), the incorrect panel for Fig. 4A, “IL4-siCtrl” was included in the figure. The correct figure appears below. The authors note that the change showed no influence to the reported data. The authors apologize for any inconvenience caused."
094-548-568-166-470,Metastasis,Christine E. Horak; Julie L. Bronder; Amina Bouadis; Patricia S. Steeg,"Metastasis, the spread of tumor cells from the primary site of growth to a secondary site, is the leading cause of cancer related deaths. The process of metastasis can be conceptually broken down into a series of sequential steps: acquisition of an invasive phenotype, intravasation, travel through the circulatory system, arrest at a secondary site, and extravasation and colonization at that site. The metastatic cell must be able to escape cell death at several steps in this process. Thus, it is not surprising that metastatic cells can be molecularly characterized by altered expression of several apoptosis genes and altered signaling through cell survival and death pathways. In addition, this same acquired resistance to cell death that has allowed metastatic cells to survive and colonize in a secondary organ has also permitted resistance to courses of chemotherapy. Herein, we describe the aberrant apoptotic signaling that metastatic cells have evolved, how this aberrant signaling impedes traditional chemotherapeutic approaches that induce cell death, and potential therapeutic approaches to overcome apoptotic resistance of metastasis."
094-550-464-640-687,"Cancer Statistics in Korea: Incidence, Mortality, Survival, and Prevalence in 2013.",Chang-Mo Oh; Young-Joo Won; Kyu-Won Jung; Hyun Joo Kong; Hyunsoon Cho; Jong-Keun Lee; Duk Hyoung Lee; Kang Hyun Lee,"Purpose:; This study described the 2013 nationwide cancer statistics in Korea, including cancer incidence, survival, prevalence, and mortality."
094-902-483-308-926,AI-Driven Spatial Transcriptomics Unlocks Large-Scale Breast Cancer Biomarker Discovery from Histopathology,Eldad D. Shulman; Emma M. Campagnolo; Roshan Lodha; Amos Stemmer; Thomas Cantore; Beibei Ru; Tian-Gen Chang; Sumona Biswas; Saugato Rahman Dhruba; Andrew Wang; Rohit Paul; Sarath Kalisetty; Tom Hu; Maclean Nasrallah; Sheila Rajagopal; Stephen-John Sammut; Stanley Lipkowitz; Peng Jiang; Carlos Caldas; Simon Knott; Danh-Tai Hoang; Kenneth Aldape; Eytan Ruppin,"<jats:title>Abstract</jats:title>;                 <jats:p>;                   Spatial transcriptomics (ST) is transforming our understanding of tumor heterogeneity by enabling high-resolution, location-specific mapping of gene expression across tumors and their microenvironment. However, the associated high cost of the assay has limited cohort size and hence large-scale biomarker discovery. Here we present;                   <jats:italic>Path2Space</jats:italic>;                   , a deep learning approach that predicts spatial gene expression directly from histopathology slides. Trained on substantial breast cancer ST data, it robustly predicts the spatial expression of over 4,300 genes in independent validations, markedly outperforming existing ST predictors.;                   <jats:italic>Path2Space</jats:italic>;                   additionally accurately infers cell-type abundances in the tumor microenvironment (TME) based on the inferred ST data. Applied to more than a thousand breast tumor histopathology slides from the TCGA,;                   <jats:italic>Path2Space</jats:italic>;                   characterizes their TME on an unprecedented scale and identifies three new spatially-grounded breast cancer subgroups with distinct survival rates.;                   <jats:italic>Path2Space</jats:italic>;                   -inferred TME landscapes enable more accurate predictions of patients’ response to chemotherapy and trastuzumab directly from H&amp;E slides than those obtained by existing established sequencing-based biomarkers.;                   <jats:italic>Path2Space</jats:italic>;                   thus offers a transformative, fast and cost-effective approach to robustly delineate the TME directly from their histopathology slides, facilitating the development of spatially-grounded biomarkers to advance precision oncology.;                 </jats:p>"
095-245-827-405-375,"2823P Hetrombopag for cancer therapy-induced thrombocytopenia in patients with breast cancer: A multicenter, prospective exploratory trial",H.H. Sun; H. Lv; W. Chen; Y. Zhao; M. Zhang; L. Niu; Z. Liu; X. Guo; C.X. Chun; Y. Feng; L. Wang; H-A. Zeng; J. Wang; Y. Cui; M. Yan,
095-291-637-803-310,"Effect of logotherapy treatment alone or in combination with yoga on anxiety, depression, and happiness after breast cancer: A clinical Trial",Akram Sajadian; Akram Motaharinasab; leyla heydari; Donia Farokhi; Shahpar Haghighat; Elahe Hashemi,"Effect of logotherapy treatment alone or in combination with yoga on anxiety, depression, and happiness after breast cancer: A clinical Trial"
095-737-343-551-086,Correction: Translational and Therapeutic Evaluation of RAS-GTP Inhibition by RMC-6236 in RAS-Driven Cancers.,Jingjing Jiang; Lingyan Jiang; Benjamin J Maldonato; Yingyun Wang; Matthew Holderfield; Ida Aronchik; Ian P Winters; Zeena Salman; Cristina Blaj; Marie Menard; Jens Brodbeck; Zhe Chen; Xing Wei; Michael J Rosen; Yevgeniy Gindin; Bianca J Lee; James W Evans; Stephanie Chang; Zhican Wang; Kyle J Seamon; Dylan Parsons; James Cregg; Abby Marquez; Aidan C A Tomlinson; Jason K Yano; John E Knox; Elsa Quintana; Andrew J Aguirre; Kathryn C Arbour; Abby Reed; W Clay Gustafson; Adrian L Gill; Elena S Koltun; David Wildes; Jacqueline A M Smith; Zhengping Wang; Mallika Singh,
096-065-028-685-532,Venetoclax use in Patient with Ataxia Telangiectasia and Early-T-Cell Precursor Acute Lymphoblastic Leukemia,Shaikha Alqahtani; Ramya Ramakrishnan; Shuyu E; Sa Wang; Cesar Nunez; David McCall; Miriam B. Garcia; Michael Roth; Branko Cuglievan; Amber Gibson,"Venetoclax use in Patient with Ataxia Telangiectasia and Early-T-Cell Precursor Acute Lymphoblastic LeukemiaShaikha Alqahtani1, Ramya Ramakrishnan1, Shuyu E2 , Sa A. Wang2, Cesar Nunez1, David McCall1, Miriam B., Garcia1, Michael E. Roth1, Branko Cugl"
096-198-857-525-957,Correction: Clinical Efficacy of ONC201 in H3K27M-Mutant Diffuse Midline Gliomas Is Driven by Disruption of Integrated Metabolic and Epigenetic Pathways.,Sriram Venneti; Abed Rahman Kawakibi; Sunjong Ji; Sebastian M Waszak; Stefan R Sweha; Mateus Mota; Matthew Pun; Akash Deogharkar; Chan Chung; Rohinton S Tarapore; Samuel Ramage; Andrew Chi; Patrick Y Wen; Isabel Arrillaga-Romany; Tracy T Batchelor; Nicholas A Butowski; Ashley Sumrall; Nicole Shonka; Rebecca A Harrison; John de Groot; Minesh Mehta; Matthew D Hall; Doured Daghistani; Timothy F Cloughesy; Benjamin M Ellingson; Kevin Beccaria; Pascale Varlet; Michelle M Kim; Yoshie Umemura; Hugh Garton; Andrea Franson; Jonathan Schwartz; Rajan Jain; Maureen Kachman; Heidi Baum; Charles F Burant; Sophie L Mottl; Rodrigo T Cartaxo; Vishal John; Dana Messinger; Tingting Qin; Erik Peterson; Peter Sajjakulnukit; Karthik Ravi; Alyssa Waugh; Dustin Walling; Yujie Ding; Ziyun Xia; Anna Schwendeman; Debra Hawes; Fusheng Yang; Alexander R Judkins; Daniel Wahl; Costas A Lyssiotis; Daniel de la Nava; Marta M Alonso; Augustine Eze; Jasper Spitzer; Susanne V Schmidt; Ryan J Duchatel; Matthew D Dun; Jason E Cain; Li Jiang; Sylwia A Stopka; Gerard Baquer; Michael S Regan; Mariella G Filbin; Nathalie Y R Agar; Lili Zhao; Chandan Kumar-Sinha; Rajen Mody; Arul Chinnaiyan; Ryo Kurokawa; Drew Pratt; Viveka N Yadav; Jacques Grill; Cassie Kline; Sabine Mueller; Adam Resnick; Javad Nazarian; Joshua E Allen; Yazmin Odia; Sharon L Gardner; Carl Koschmann,"H3K27M-mutant diffuse midline glioma (DMG) patients have no proven effective therapies. ONC201 has recently demonstrated efficacy in these patients, but the mechanism behind this remains unknown. We assessed clinical outcomes, tumor sequencing, and tissue/CSF correlate samples from patients treated in two completed multi-site clinical studies. Patients treated with ONC201 following initial radiation but prior to recurrence demonstrated a median overall survival of 21.7 months, while those treated after recurrence had a median overall survival of 9.3 months. Radiographic response was associated with increased expression of key tricarboxylic acid cycle-related genes in baseline tumor sequencing. ONC201 treatment increased 2-hydroxyglutarate levels in cultured H3K27M-DMG cells and patient CSF samples. This corresponded with increases in repressive H3K27me3 in vitro and in human tumors accompanied by epigenetic downregulation of cell cycle regulation and neuro-glial differentiation genes. Overall, ONC201 demonstrates efficacy in H3K27M-DMG by disrupting integrated metabolic and epigenetic pathways and reversing pathognomonic H3K27me3 reduction."
096-854-341-890-438,Targeting PAK1 suppresses tumor progression by promoting mRNA decay of oncogenic factors and enhancing chemotherapeutic efficacy in colorectal cancer.,Rongtian Pan; Renrui Zou; Ying Sui; Fei Wu; Dongfeng Wang; Yuan Zhang; Shaorong Yu,"P21-activated kinase 1 (PAK1) plays an oncogenic role in colorectal cancer (CRC). However, the role of PAK1 in CRC progression remains incompletely understood. Here, we showed that PAK1 enhanced the mRNA stability of multiple oncogenic factors. We found that PAK1 promoted CRC initiation and progression as previously reported. Mechanistically, loss of PAK1 promoted mRNA decay and inhibited the expression of CD44, SAA1, MTOR, RPS6KB1, and EIF4G1, the factors involved in tumorigenesis in many cancers. Importantly, our results revealed that the PAK1 inhibitor, PF3758309, exhibited a profound synergistic effect with oxaliplatin in CRC. Collectively, our study unveils a novel function of PAK1 in CRC progression. Thus, these results highlight the potential of targeting PAK1 as a therapeutic strategy in CRC, particularly in combination with oxaliplatin."
096-946-803-488-311,"CEBPB, C19MC, and Defective Autophagy Drive Novel Podosomal Belt to Macropinocytosis Transition, Lipid Accumulation, and HBV A-to-I RNA-editing",Goodwin G. Jinesh; Nino Mtchedlidze; Varsha Devarapalli; Santanu Adhikary; John H. Lockhart; Marco Napoli; Isha Isha; Michelle Reiser; Ling Cen; Xiaoxian Liu; Sean J. Yoder; Tania Mesa; Elsa R. Flores; Andrew S. Brohl,
097-079-007-374-608,Cancer to cancer.,J Dobbing,
097-325-467-086-683,HGFK1 Enhances the Anti-Tumor Effects of Angiogenesis Inhibitors via Inhibition of CD90+ CSCs in Hepatocellular Carcinoma.,Tao Li; Ling Liu; Li Li; Xiaoxuan Yao; Xiaoyuan Hu; Jiaxing Cheng; Zhenpu Chen; Jiyin Guo; Ruilei Li; Chunlei Ge; Marie Chia-Mi Lin; Hong Yao,"The combination of anti-angiogenesis agents with immune-checkpoint inhibitors is a promising treatment for patients with advanced hepatocellular carcinoma (HCC); however, therapeutic resistance caused by cancer stem cells present in tumor microenvironments remains to be overcome. In this study, we report for the first time that the Kringle 1 domain of human hepatocyte growth-factor α chain (HGFK1), a previously described anti-angiogenesis peptide, repressed the sub-population of CD90+ cancer stem cells (CSCs) and promoted their differentiation and chemotherapy sensitivity mainly through downregulation of pre-Met protein expression and inhibition of Wnt/β-catenin and Notch pathways. Furthermore, we showed that the i.p. injection of PH1 (a tumor-targeted and biodegradable co-polymer), medicated plasmids encoding Endostatin (pEndo), HGFK1 genes (pEndo), and a combination of 50% pEndo + 50% pHGFK1 all significantly suppressed tumor growth and prolonged the survival of the HCC-bearing mice. Importantly, the combined treatment produced a potent synergistic effect, with 25% of the mice showing the complete clearance of the tumor via a reduction in the microvessel density (MVD) and the number of CD90+ CSCs in the tumor tissues. These results suggest for the first time that HGFK1 inhibits the CSCs of HCC. Furthermore, the combination of two broad-spectrum anti-angiogenic factors, Endo and HGFK1, is the optimal strategy for the development of effective anti-HCC drugs."
097-556-760-478-617,Editor's Note: Multiple Injections of Electroporated Autologous T Cells Expressing a Chimeric Antigen Receptor Mediate Regression of Human Disseminated Tumor.,Yangbing Zhao; Edmund Moon; Carmine Carpenito; Chrystal M Paulos; Xiaojun Liu; Andrea L Brennan; Anne Chew; Richard G Carroll; John Scholler; Bruce L Levine; Steven M Albelda; Carl H June,
098-223-727-735-600,ASO Visual Abstract: Recent Advances in Diagnosing and Treating Post-prostatectomy Urinary Incontinence,Yunlong Li; YingMing Xiao; Zhengang Shen; ShengKe Yang; Zeng Li; Hong Liao; Shukui Zhou,
098-560-733-281-438,Retraction: Differential Effects of VEGFR-1 and VEGFR-2 Inhibition on Tumor Metastases Based on Host Organ Environment.,Yoon-Jin Lee; Daniel L Karl; Ugwuji N Maduekwe; Courtney Rothrock; Sandra Ryeom; Patricia A D'Amore; Sam S Yoon,
098-781-489-158-25X,A Case of Pancreatic Cancer with Ascites -another diagnostic enigma-,Hideyuki Wakasugi; Hiroaki Ishikawa; Daisuke Yasuda; Jun Nagano; Seo Y; Akihiro Funakoshi; Yukio Yamada; Masaki Yokota; Takashi Baba; Tomoyuki Nobe; Haruo Iguchi; Itsurou Hayashi; Yasaburou Katsuda,
099-802-287-276-035,"Phase I trial of gefitinib (ZD1839) in combination with concurrent carboplatin, paclitaxel and radiation therapy in patients with stage III non-small cell lung cancer.",Danny Rischin; Bryan Burmeister; Paul Mitchell; Michael Boyer; Michael MacManus; Euan Walpole; M. Feigen; M. M. Tin; D. Ball,"7077 Background: Gefitinib (‘Iressa’, ZD1839) enhances tumor radioresponsiveness in preclinical studies, and is approved as monotherapy in non-small-cell lung cancer (NSCLC). The aim was to establi..."
099-848-388-802-317,ANALYSIS OF COMPLICATIONS OF UPPER GASTROINTESTINAL ENDOSCOPY AT AN INSTITUTION FOR CANCER DETECTION,Shigemitsu Aida; Yutaka Konno; Katsuaki Kato; Takenobu Shimada; Daisuke Shibuya,
099-874-890-894-56X,Journal of Integrative Oncology,,"Carcinogenesis,Tumor, Oncogenes, oncology, chemotherapy, integrative medicine, gynecology oncology open access, open access journals, Ca-A Cancer Journal for Clinicians, Nature Reviews Cancer, Cancer Cell, Lancet Oncology, The Journal of Clinical Oncology, Journal of the National Cancer Institute, Cancer Research, Nature Reviews Clinical Oncology, Clinical Cancer Research, Cancer Discovery, Annals of Oncology, Drug Resistance Updates, Cancer and Metastasis Reviews, Biochimica et Biophysica Acta - Reviews on Cancer, Breast Cancer Research, Neuro-Oncology, Molecular Cancer Therapeutics, Cancer, Journal of Thoracic Oncology, Cancer Treatment Reviews, Cancer Epidemiology Biomarkers and Prevention, Advances in Cancer Research, Oncologist, Molecular Cancer Research, Gastric Cancer, Blood Reviews, British Journal of Cancer, European Journal of Cancer, International Journal of Cancer, Radiotherapy and Oncology, International Journal of Radiation Oncology Biology Physics, Journal of Mammary Gland Biology and Neoplasia, Oncotarget, Molecular Cancer, Cancer Prevention Research, Journal of the National Comprehensive Cancer Network : JNCCN, Breast Cancer Research and Treatment, Current Opinion in HIV and AIDS, Endocrine-Related Cancer, Cancer Letters, Pigment Cell and Melanoma Research, Annals of Surgical Oncology, Journal of Cancer Survivorship, Cancer Microenvironment, Seminars in Radiation Oncology, Clinical and Experimental Metastasis, Gynecologic Oncology, Critical Reviews in Oncology/Hematology, Cancer Journal, Cancer Immunology and Immunotherapy."
100-159-601-912-049,1. Clinical validation of plasma whole genome sequencing for detection of minimal residual disease from solid tumours,Felix Beaudry; Lubaina Kothari; Savo Lazic; Kristie Ng; Sharanjit Singh; Theodore Chan; Faridah Mbabaali; Andrea Bevan; Samy Danial; Sarah Donald; Austin Devries; Alexander Fortuna; Iain Bancarz; Ilinca lungu; Madhuran Thiagarajah; Jessica Miller; Carolyn Ptak; Bernard Lam; Morgan Taschuk; Trevor Pugh,
100-234-202-015-794,Metabolomics Assisted by Transcriptomics Analysis to Reveal Metabolic Characteristics and Potential Biomarkers Associated with Treatment Response of Neoadjuvant Therapy with TCbHP Regime in HER2 Breast Cancer,Ningning Zhang; Yuxin Huang; Guanwen Wang; Zhouhong Jing; Junjie Zeng; Feng Yu; Xianjun Pan; Wenqi Zhou; Xiaohua Zeng,
100-338-221-791-277,外国文献,〇 Wehnera; 〇 Etal; Yuichi Sterling; B Iwaki; A Reitz; Bert Adenle; William Wong; Joseph Falor; R Paone; null Livingston,
100-583-511-895-882,Retraction: Methylation Mediated Silencing of MicroRNA-1 Gene and Its Role in Hepatocellular Carcinogenesis.,Jharna Datta; Huban Kutay; Mohd W Nasser; Gerard J Nuovo; Bo Wang; Sarmila Majumder; Chang-Gong Liu; Stefano Volinia; Carlo M Croce; Thomas D Schmittgen; Kalpana Ghoshal; Samson T Jacob,"In Fig. 5A, the Western blot bands showing FOXP1 and GAPDH expression in SK-Hep1 cells were also used to show FOXP1 and GAPDH expression in SNU-449 cells."
100-814-040-752-353,"NCCN Guidelines® Insights: Testicular Cancer, Version 2.2025.",Timothy Gilligan; Daniel W Lin; Nabil Adra; Aditya Bagrodia; Darren R Feldman; Kosj Yamoah; Rahul Aggarwal; Thenappan Chandrasekar; Daniel Costa; Alexandra Drakaki; Scott Eggener; Hamid Emamekhoo; Daniel M Geynisman; Laura Graham; Peter Humphrey; Harshraj Leuva; Ellis G Levine; Amy Luckenbaugh; Benjamin L Maughan; Bradley McGregor; Paul Monk; Joel Picus; Phillip Pierorazio; Soroush Rais-Bahrami; Zachery Reichert; Jean-Claude Rwigema; Philip Saylor; Ankeet Shah; Sumit Shah; Nirmish Singla; Kanishka Sircar; David VanderWeele; Ali Zhumkhawala; Sarah Montgomery; Bailee Sliker,"The NCCN Guidelines for Testicular Cancer provide recommendations for the multidisciplinary approach to the diagnostic workup, treatment, and follow-up for testicular germ cell tumors, including both seminoma and nonseminoma. These NCCN Guidelines Insights discuss the current treatment recommendations and supporting clinical data for seminomas as presented in Version 2.2025 of the NCCN Guidelines for Testicular Cancer."
100-961-436-767-615,IMMUNE AND MOLECULAR CORRELATES OF RESPONSE TO IMMUNOTHERAPY REVEALED BY BRAIN-METASTATIC MELANOMA MODELS.,Amélie Daugherty-Lopès; Eva Pérez-Guijarro; Vishaka Gopalan; Jessica Rappaport; Quanyi Chen; April Huang; Khiem C Lam; Sung Chin; Jessica Ebersole; Emily Wu; Gabriel A Needle; Isabella Church; George Kyriakopoulos; Shaojun Xie; Yongmei Zhao; Charli Gruen; Antonella Sassano; Romina E Araya; Andres Thorkelsson; Cari Smith; Maxwell P Lee; Sridhar Hannenhalli; Chi-Ping Day; Glenn Merlino; Romina S Goldszmid,"Despite the promising results of immune checkpoint blockade (ICB) therapy, outcomes for patients with brain metastasis (BrM) remain poor. Identifying resistance mechanisms has been hindered by limited access to patient samples and relevant preclinical models. Here, we developed two mouse melanoma BrM models that recapitulate the disparate responses to ICB seen in patients. We demonstrate that these models capture the cellular and molecular complexity of human disease and reveal key factors shaping the tumor microenvironment and influencing ICB response. BR1-responsive tumor cells express inflammatory programs that polarize microglia into reactive states, eliciting robust T cell recruitment. In contrast, BR3-resistant melanoma cells are enriched in neurological programs and exploit tolerance mechanisms to maintain microglia homeostasis and limit T cell infiltration. In humans, BR1 and BR3 expression signatures correlate positively or negatively with T cell infiltration and BrM patient outcomes, respectively. Our study provides clinically relevant models and uncovers mechanistic insights into BrM ICB responses, offering potential biomarkers and therapeutic targets to improve therapy efficacy."
101-003-819-303-591,Low Field Magnetic Resonance Imaging to Detect Acute Kidney Injury,Shun Kishimoto; Horie Kazumasa; Nallathamby Devasahayam; Kota Yamashita; Chandramouli Gadisetti; Kazutoshi Yamamoto; Jeffrey Brender; John C. Mitchell; Murali C. Krishna; W. Marston Linehan; Daniel R. Crooks,"Renal oxygenation is essential for maintaining kidney function. Disruptions in oxygen delivery can lead to renal hypoxia, which can exacerbate kidney injury through multiple pathways, including inflammation, oxidative stress, and ischemia-reperfusion injury. Despite the recognized importance of oxygenation in renal pathology, non-invasive and reliable methods for assessing kidney oxygen levels are limited. Current techniques either lack sensitivity or involve invasive procedures, restricting their use in routine monitoring. Therefore, there is a pressing need for innovative approaches to assess renal oxygenation, particularly in kidney injury. This study evaluated Electron Paramagnetic Resonance (EPR)-based oxygen imaging using the paramagnetic tracer Ox071 to assess kidney oxygen levels in mice with cyclophosphamide-induced kidney injury. Urine pO2 was also assessed as a potential surrogate marker. EPR oximetry accurately measured kidney oxygen distribution, revealing a temporary increase in pO2 post-injury. Urine oximetry, however, did not reliably reflect changes in kidney oxygenation. Furthermore, EPR oximetry provided high-resolution spatial mapping of oxygen levels within the kidney, allowing for a detailed understanding of the impact of hypoxia on renal tissue. EPR oximetry is a promising, non-invasive tool for monitoring renal oxygenation, offering high-resolution mapping and longitudinal assessment. Its ability to provide detailed information about oxygen distribution within the kidney makes it a valuable tool for studying the pathophysiology of renal diseases and for developing novel therapeutic strategies."
102-148-691-355-838,Correction: SCFFBXW7/GSK3β-Mediated GFI1 Degradation Suppresses Proliferation of Gastric Cancer Cells.,Xiaoling Kuai; Long Li; Ran Chen; Kangjunjie Wang; Min Chen; Binghau Cui; Yuxue Zhang; Junqiang Li; Hongwen Zhu; Hu Zhou; Jianfei Huang; Jun Qin; Zhiwei Wang; Wenyi Wei; Daming Gao,
102-166-582-722-888,"Retraction: Inflammatory Molecule, PSGL-1, Deficiency Activates Macrophages to Promote Colorectal Cancer Growth through NFκB Signaling.",Jiangchao Li; Zeqi Zhou; Xiaohan Zhang; Li Zheng; Dan He; Yuxiang Ye; Qian-Qian Zhang; Cui-Ling Qi; Xiao-Dong He; Chen Yu; Chun-Kui Shao; Liang Qiao; Lijing Wang,Internal review determined that the wound healing assay images in Fig.
102-321-922-800-625,"Cancer Mortality Report of 34 Cancer Registries in China, 2004",Kong Ling-zhi,"[Purpose] To investigate the characteristics of cancer death in China from cancer registration data, 2004. [Methods] The data of all cancer death cases were collected from population-based cancer regis-tration database in 34 local cancer registries in China. The data were sorted, checked and analyzed accord-ing to ""China Cancer Registration Guideline""and ""Cancer Registration: Principles and Methods, IARC"". [Result] The total death cases were 88334 with mortality of 166.22/105 in 2004. Cancer mortality in male was extremely higher than that in female (204.07/105 vs. 127.40/105). Mortality in rural areas was higher than that in urban areas (161.92/105 and 177.97/105 respectively).In urban area, lung cancer was the leading cause of cancer death, but upper gastrointestinal cancers including stomach cancer, liver cancer and esophageal cancer were the main causes of cancer death in rural areas. [Conclusion] Lung cancer, stomach cancer, esophageal cancer, liver cancer, colorectal cancer and breast cancer were the major causes of cancer death in cancer registration areas. Cancer mortality in rural areas was tiny higher. Cancer registration net-work should be emphasized in rural area and in the middle west area."
102-367-053-589-39X,JAMS - A framework for the taxonomic and functional exploration of microbiological genomic data,John A. McCulloch; Jonathan H. Badger; Nikki Cannon; Richard R. Rodrigues; Michael E. Valencia; Jennifer J. Barb; Miriam R. Fernandes; Ascharya K. Balaji; Lisa Crowson; Colm Ó’hUigín; Amiran Dzutsev; Giorgio Trinchieri,"Shotgun microbiome sequencing analysis presents several challenges to accurately and consistently depict sample composition and functional potential. Here we present a two-part framework - JAMS (Just a Microbiology System) - whereby with raw fastq files and metadata as input, meaningful analysis within a sample and between a sample can be performed with ease for either shotgun or 16S sequences. JAMS is the first package to provide seamless deconvolution of functions into their taxonomic contributors. We validated our JAMS framework on two human gut shotgun metagenome test datasets against the popular tool MetaPhlAn 4. We further demonstrate the application of the JAMS package, particularly the plotting functions, on a mouse shotgun dataset."
102-456-151-004-863,Drug safety alerts for childhood cancer medicines in India from CDSCO(2021-2025) and PvPI notifications (2016–2025),Rohini Pandey; Maharshi Trivedi; Haresh Gupta; Avinash Thumallapalli; Pooja Sharma; Ramandeep S. Arora,
102-484-001-524-28X,Lung cancer burden and trends from 2000 to 2018 in China: Comparison between China and the United States.,Yi Teng; Changfa Xia; Maomao Cao; Fan Yang; Xinxin Yan; Siyi He; Mengdi Cao; Shaoli Zhang; Qianru Li; Nuopei Tan; Jiachen Wang; Wanqing Chen,"<AbstractText Label=""Objective"" NlmCategory=""UNASSIGNED"">This study aims to provide an analysis of the current status and trends of lung cancer incidence and mortality rates in China, comparing trends with those in the United States (U.S.).</AbstractText>;           <AbstractText Label=""Methods"" NlmCategory=""UNASSIGNED"">Data on lung cancer incidence and mortality rates spanning 2000 to 2018 were extracted from the China Cancer Registry Annual Report and the Surveillance, Epidemiology, and End Results database for China and the U.S., respectively. Crude incidence and mortality rates were calculated by sex and age, with age-standardized incidence rates (ASIR) and mortality rates (ASMR) calculated using the Segi-Doll world standard population. Trend analyses employed Joinpoint regression models to determine average annual percentage change (AAPC). The study also assessed the proportion of new cases and deaths by sex and age.</AbstractText>;           <AbstractText Label=""Results"" NlmCategory=""UNASSIGNED"">In 2018, the ASIR of lung cancer for males in China was 50.72 per 100,000 and the ASMR was 39.69 per 100,000, the ASIR for females was 26.25 per 100,000 and the ASMR was 15.24 per 100,000. Both ASIR and ASMR were higher in males and the highest in the population aged 65 years and older, with the lowest among those aged 20-49 years. In China, female ASIR demonstrated an increasing trend (AAPC: 1.16%), while ASMR decreased in both sexes (AAPCs: -0.48% for males, -1.00% for females). The U.S. exhibited decreasing trends in both ASIR and ASMR across sexes and age groups.</AbstractText>;           <AbstractText Label=""Conclusions"" NlmCategory=""UNASSIGNED"">The study identified an increasing trend in lung cancer incidence among females and a decreasing mortality trend in both sexes in China. These trends are likely linked to factors such as smoking prevalence, advancements in cancer screening, and improved medical care. The findings underscore the need for tailored lung cancer prevention measures in China, particularly the reinforcement of anti-smoking policies.</AbstractText>;           <CopyrightInformation>Copyright ©2023 Chinese Journal of Cancer Research. All rights reserved.</CopyrightInformation>"
102-687-842-138-64X,Correction: Recent Advances in Diagnosing and Treating Post-Prostatectomy Urinary Incontinence.,Yunlong Li; YingMing Xiao; Zhengang Shen; ShengKe Yang; Zeng Li; Hong Liao; Shukui Zhou,
102-788-098-039-039,Molecular Chaperones,Marissa V. Powers; Paul Workman,
102-953-299-285-064,Oncology Nursing: Assessment and Clinical Care,Christine Miaskowski; Patricia Buchsel,PRINCIPLES OF CANCER AND CANCER TREATMENT * The Cancer Problem: An Epidemiological Perspective * Cancer Pathophysiology * Surgical Treatment * Radiation Therapy * Cancer Chemotherapy * Hormonal Therapy for Cancer * Biotherapy * Bone Marrow Transplantation * Peripheral Stem Cell Transplantation * Gene Therapy * Oncologic Emergencies * Genetic Counseling in Cancer Care * Symptom Management * Psychosocial Issues in Cancer Care * Family Issues in Cancer Care * The Cancer Patient and Psychoneuroimmunology * Nursing Management of the Patient Across the Continuum of Care * Care of the Terminal Patient's Physical and Psychosocial Needs * Cultural Issues in Cancer Care * PRACTICE OF ONCOLOGY NURSING * Breast Cancer-In Situ Disease * Infiltrating Breast Cancer * Metastatic Breast Cancer * Astrocytoma * Central Nervous System Lymphoma * Glioblastoma * Glioma * Medulloblastoma * Neuroblastoma * Cervical Cancer * Endometrial Cancer * Epithelial Cancer of the Ovary * Stromal and Germ-Cell Cancer of the Ovary * Uterine Cancer * Vaginal Cancer * Vulvar Cancer * Anal Cancer * Rectal Cancer * Colon Cancer * Esophageal Cancer * Cancer of the Gall Bladder * Hepatocellular Cancer * Pancreatic Cancer * Adenocarcinoma of the Small Intestine * Lymphoma of the Small Intestine * Sarcoma of the Small Intestine * Stomach Cancer * Superficial Bladder Cancer * Invasive Bladder Cancer * Renal Cell Cancer * Ureteral Cancer * Laryngeal Cancer * Nasopharyngeal Cancer * Ocular Cancers * Oral Cavity Cancer * Thyroid and Parathyroid Cancer * The Acute Leukemias * Chronic Myelogenous Leukemia * Chronic Lymphocytic Leukemia * Hairy Cell Leukemia * Myelodysplastic Disorders * Small Cell Lung Cancer * Large Cell Lung Cancer * Burkitt's Lymphoma * Cutaneous Lymphoma * Hodgkin's Disease * Multiple Myeloma * Non-Hodgkin's Lymphoma * Prostate Cancer * Testicular Cancer * Pediatric Cancers * Osteogenic Sarcoma * Soft Tissue Sarcomas * Malignant Melanoma * Nonmelanoma Skin Cancer * HIV Disease and Related Malignancies
103-026-841-296-222,Prognostic factors of locally advanced cervical cancer after concurrent chemoradiotherapy,Xiuying Li; Zejia Mao; Qiaoling Li; Misi He; Mingfang Guo; Hao He; Yue Huang; Qian Zheng; Ling Long; Jing Wang; Dongling Zou,"<title>Abstract</title>;         <p>Objective;  To investigate the prognostic value of magnetic resonance imaging (MRI) and clinical features in locally advanced cervical cancer (LACC) after concurrent chemoradiotherapy (CCRT).; Method;  This study recruited 189 patients with LACC who received definitive CCRT between May 2018 and December 2020 and underwent MRI, including diffusion-weighted imaging, before and 1 month after initial therapy. The tumor size and mean apparent diffusion coefficient (ADC<sub>mean</sub>) values were evaluated. A Cox proportional hazards model was used to determine the association of clinical characteristics and imaging factors with progression-free survival (PFS) and overall survival (OS) based on univariate and multivariate analysis.; Result;  The median follow-up time was 58 (range: 11–71) months. The 5-year PFS and OS rates were 73.8% and 85.5%, respectively. Univariate analysis revealed that serum squamous cell carcinoma (SCC) antigen level, stage, Pre-treatment tumor size, residual disease (RD) and post-treament ADC<sub>mean</sub> values were significant predictors of PFS and OS. Positive pelvic lymph node and adjuvant chemotherapy after CCRT were adverse predictors of PFS and OS, respectively. Multivariate analysis revealed that stage, SCC antigen level, and RD were independent predictors of PFS (hazard ratio [HR] = 3.282, <italic>P</italic> &lt; 0.001; HR = 2.567, <italic>P</italic> = 0.002; and HR = 1.621, <italic>P</italic> &lt; 0.001, respectively) and OS (HR = 2.517, <italic>P</italic> = 0.043; HR = 1.025, <italic>P</italic> = 0.015; and HR = 1.712, <italic>P</italic> = 0.008, respectively). Based on the threshold, RD size ≥ 1.1 cm resulted in a considerably worse PFS and OS.; Conclusion;  Elevated SCC antigen level, advanced stage, and RD size ≥ 1.1 cm were linked to worse PFS and OS. Furthermore, the ADC<sub>mean</sub> values was not a reliable predictor of survival outcomes.</p>"
103-163-904-884-63X,"Editor's Note: Tumor Escape from Endogenous, Extracellular Matrix-Associated Angiogenesis Inhibitors by Up-Regulation of Multiple Proangiogenic Factors.",Namali T Fernando; Moritz Koch; Courtney Rothrock; Lila K Gollogly; Patricia A D'Amore; Sandra Ryeom; Sam S Yoon,
103-406-572-495-77X,DNA Damage Response (DDR) Basket of Baskets (D-BOB) Trial: Phase 1/2 Study of the ATR inhibitor (ATRi) berzosertib and PD-L1 inhibitor avelumab in patients (pts) with advanced solid tumors with DDR molecular alterations,N. Ngoi; P.G. Pilie; S.A. Piha-Paul; E.E. Dumbrava; S. Fu; D.S. Hong; D.D. Karp; A. Naing; S. Pant; J. Rodon Ahnert; V. Subbiah; A.M. Tsimberidou; C. Salguero; C.V. Brown; W.E. Hoadley; A. Johnson; Y. Yuan; S.N. Westin; F. Meric-Bernstam; T.A. Yap,
103-561-775-286-628,Editor's Note: Androgen-Induced Differentiation and Tumorigenicity of Human Prostate Epithelial Cells.,Raanan Berger; Phillip G Febbo; Pradip K Majumder; Jean J Zhao; Shayan Mukherjee; Sabina Signoretti; K Thirza Campbell; William R Sellers; Thomas M Roberts; Massimo Loda; Todd R Golub; William C Hahn,The image depicting the LT bands in lanes 3 and 4 in Fig. 1A was incorrectly reused to
103-846-498-480-885,Port-only 4-Arms Robotic Segmentectomy Under Artificial Pneumothorax,Yulong Chen; Hui Chen; Feng Xu; Bingsheng Sun; Jian You,"<AbstractText Label=""BACKGROUND"" NlmCategory=""BACKGROUND"">At present, robotic surgery is widely used in thoracic surgery, which has higher maneuverability, precision, and stability, especially for small space complex operations and reconstructive surgery. The advantages of robotic lung segment resection under full orifice artificial pneumothorax are obvious.</AbstractText>;           <AbstractText Label=""METHODS"" NlmCategory=""METHODS"">Based on a large number of clinical practices, we established a set of surgical methods for 4-arm robotic lung segment resection under a port-only artificial pneumothorax. 98 cases of robotic lung segment resection were performed with this method from January 2019 to August 2022. The clinical experience was summarized.</AbstractText>;           <AbstractText Label=""RESULTS"" NlmCategory=""RESULTS"">Robotic lung segment resection under port-only artificial pneumothorax has obvious advantages in the anatomy of lung segment vessels and bronchi. It is characterized by less bleeding, shorter operation time, adequate exposure, and flexible operation.</AbstractText>;           <AbstractText Label=""CONCLUSIONS"" NlmCategory=""CONCLUSIONS"">This surgical model we propose optimizes the operation mode and technique of lung segment resection, makes each step procedural, reduces collateral damage, and is easy to learn and master, which is believed to cure more lung cancer patients with less trauma.</AbstractText>"
103-910-966-762-896,A multicenter phase II study of gemcitabine and S-1 combination therapy (GS therapy) in patients with metastatic pancreatic cancer,H. Ueno; Takuji Okusaka; Junji Furuse; Kenji Yamao; Akihiro Funakoshi; Narikazu Boku; S. Ohkawa; A. Makimoto; Toshihiko Sato,"4550 Background: As shown in our previous phase I study (Oncology 2005, 69:421–427), gemcitabine and S-1 combination therapy (GS therapy) appears to be feasible and effective against advanced pancr..."
104-130-265-621-352,Development and validation of nodal staging score in pN0 patients with esophageal squamous cell carcinoma: A population study from the SEER database and a single-institution cohort.,Haitong Wang; Yueyang Yang; Kai Zhu; Ningning Zhu; Lei Gong; Hongdian Zhang; Mingquan Ma; Peng Ren; Yufeng Qiao; Xiangming Liu; Peng Tang; Zhentao Yu,"<AbstractText Label=""BACKGROUND"">Patients with esophageal squamous cell carcinoma (ESCC) with lymph node metastasis may be misclassified as pN0 due to an insufficient number of lymph nodes examined (LNE). The purpose of this study was to confirm that patients with ESCC are indeed pN0 and to propose an adequate number for the correct nodal stage using the nodal staging score (NSS) developed by the beta-binomial model.</AbstractText>;           <AbstractText Label=""METHODS"">A total of 1249 patients from the Surveillance, Epidemiology, and End Results (SEER) database between 2000 and 2017, and 1404 patients diagnosed with ESCC in our database between 2005 and 2018 were included. The NSS was developed to assess the probability of pN0 status based on both databases. The effectiveness of NSS was verified using survival analysis, including Kaplan-Meier curves and Cox models.</AbstractText>;           <AbstractText Label=""RESULTS"">Many patients were misclassified as pN0 based on our algorithm due to insufficient LNE. As the number of LNE increased, false-negative findings dropped; accordingly, the NSS increased. In addition, NSS was an independent prognostic indicator for pN0 in patients with ESCC in the SEER database (hazard ratio [HR] 0.182, 95% confidence interval [CI] 0.046-0.730, p = 0.016) and our database (HR 0.215, 95% CI 0.055-0.842, p = 0.027). A certain number of nodes must be examined to achieve 90% of the NSS.</AbstractText>;           <AbstractText Label=""CONCLUSIONS"">NSS could determine the probability of true pN0 status for patients, and it was sufficient in predicting survival and obtaining adequate numbers for lymphadenectomy.</AbstractText>;           <CopyrightInformation>© 2022 The Authors. Thoracic Cancer published by China Lung Oncology Group and John Wiley &amp; Sons Australia, Ltd.</CopyrightInformation>"
104-365-931-620-711,Nationwide Questionnaire on the Actual Status of an Interpretation System for Lung Cancer Screening by Chest Radiography,Hideki Mitomo; Tomio Nakayama; Kazuto Ashizawa; Chiaki Endo; Takeshi Kobayashi; Masami Sato; Kiyoshi Shibuya; Tomotaka Sobue; Daisuke Takenaka; Kenji Nishii; Masao Harada; Sumiko Maeda; Yuichiro Maruyama; Hiroyuki Miura; Kiyoshi Murata; Motoyasu Sagawa,"━━ Objective. We conducted a nationwide questionnaire to investigate the actual status of an interpretation system for lung cancer screening by chest radiography. Methods. We sent a questionnaire (for facilities and doctors engaged in the interpretation of chest radiography) to 213 facilities affiliated with the Japan Anti-Tuberculosis Association, Japan Cancer Society, Japan Association of Health Service, and National Federation of Industrial Health Organization. Results. A total of 102 facilities and 239 doctors responded to the questionnaire. The results showed that more than 80% of the facilities had introduced the double interpretation system to all chest radiography sessions, and digital radiography was more popular than photofluorography. About 70% of the doctors were over 50 years of age. Lung cancer experts, such as pulmonologists, thoracic surgeons and radiologists, accounted for only 50% of all doctors. The doctors believed that the fee for interpreting digital radiography findings should be higher than that for interpreting photofluorography findings. Conclusion. Through this questionnaire, we identified several problems concerning the interpretation system for lung cancer screening, such as the aging of doctors, an insufficient number of lung cancer experts, and the increasing burden of such interpretation. Further investigations and actions are therefore required to resolve these issues, and our committee will make an effort to identify ways to improve the situation."
104-457-825-769-510,Retraction: Chemotherapy Resistance in Diffuse-Type Gastric Adenocarcinoma Is Mediated by RhoA Activation in Cancer Stem-Like Cells.,Changhwan Yoon; Soo-Jeong Cho; Bülent Arman Aksoy; Do Joong Park; Nikolaus Schultz; Sandra W Ryeom; Sam S Yoon,
105-249-129-563-228,Construction and Validation of a Lung Cancer Risk Prediction Model for Non-Smokers in China.,Lan-Wei Guo; Zhang-Yan Lyu; Qing-Cheng Meng; Li-Yang Zheng; Qiong Chen; Yin Liu; Hui-Fang Xu; Rui-Hua Kang; Lu-Yao Zhang; Xiao-Qin Cao; Shu-Zheng Liu; Xi-Bin Sun; Jian-Gong Zhang; Shao-Kai Zhang,"<AbstractText Label=""BACKGROUND"" NlmCategory=""BACKGROUND"">About 15% of lung cancers in men and 53% in women are not attributable to smoking worldwide. The aim was to develop and validate a simple and non-invasive model which could assess and stratify lung cancer risk in non-smokers in China.</AbstractText>;           <AbstractText Label=""METHODS"" NlmCategory=""METHODS"">A large-sample size, population-based study was conducted under the framework of the Cancer Screening Program in Urban China (CanSPUC). Data on the lung cancer screening in Henan province, China, from October 2013 to October 2019 were used and randomly divided into the training and validation sets. Related risk factors were identified through multivariable Cox regression analysis, followed by establishment of risk prediction nomogram. Discrimination [area under the curve (AUC)] and calibration were further performed to assess the validation of risk prediction nomogram in the training set, and then validated by the validation set.</AbstractText>;           <AbstractText Label=""RESULTS"" NlmCategory=""RESULTS"">A total of 214,764 eligible subjects were included, with a mean age of 55.19 years. Subjects were randomly divided into the training (107,382) and validation (107,382) sets. Elder age, being male, a low education level, family history of lung cancer, history of tuberculosis, and without a history of hyperlipidemia were the independent risk factors for lung cancer. Using these six variables, we plotted 1-year, 3-year, and 5-year lung cancer risk prediction nomogram. The AUC was 0.753, 0.752, and 0.755 for the 1-, 3- and 5-year lung cancer risk in the training set, respectively. In the validation set, the model showed a moderate predictive discrimination, with the AUC was 0.668, 0.678, and 0.685 for the 1-, 3- and 5-year lung cancer risk.</AbstractText>;           <AbstractText Label=""CONCLUSIONS"" NlmCategory=""CONCLUSIONS"">We developed and validated a simple and non-invasive lung cancer risk model in non-smokers. This model can be applied to identify and triage patients at high risk for developing lung cancers in non-smokers.</AbstractText>;           <CopyrightInformation>Copyright © 2022 Guo, Lyu, Meng, Zheng, Chen, Liu, Xu, Kang, Zhang, Cao, Liu, Sun, Zhang and Zhang.</CopyrightInformation>"
105-252-579-380-741,Increase Coverage Cancer Registry by Strengthening and Improving the Reporting of Breast Cancer Screening Program in Jakarta as One of Data Source,D.T. Sinulingga; A. Kadir; D. Purwanto; Kardinah Kardinah; Evlina Suzanna; D. Khairina; F. Ramadhania; P.S. Rahayu; S. Septiawati; J. Julyanti; R. Yulianita; A. Kartikawati; L. Gumelar; N. Anhar,Background and context: Breast cancer screening programs by mobile mammography have been done since 2005 for Jakarta and around by collaboration of Dharmais National Cancer Center with The Indonesi...
105-715-769-215-702,Neoantigen-based therapeutic cancer vaccine: Towards a bright future.,Yuning Wang; Guo Zhao; Peiwen Ma; Yale Jiang; Shujun Xing; Shuhang Wang; Ning Li,
106-568-738-989-114,TAp73 mediates anti-tumor immunity through regulation of lipid metabolism in the lung tumor microenvironment,Hayley D. Ackerman; Vanessa Rubio; Andrew John Davis; John H. Lockhart; Nicole R. Hackel; Rachel V. Jimenez; Rosa Sierra-Mondragon; Jaden R Baldwin; Caitlin Carr; Michelle Reiser; Marco Napoli; Xiaoqing Yu; Chia‐Ho Cheng; Paul A. Stewart; Suehelay Acevedo‐Acevedo; Rahul Checker; Ioannis Grammatikakis; Xiaohua Su; Yaning Wu; T. H. Gould; Alexis Bailey; Lary A. Robinson; Eric B. Haura; John M. Koomen; Paulo C. Rodrı́guez; Elsa R. Flores,There is a need to understand how the LUAD TME impacts patient response to immunotherapy. We identified a transcriptional program enacted by TAp73 in tumor alveolar macrophages that supports T-cell activation. Transcriptional and metabolomic data from LUAD patients supports the relevance of this program in response to immune checkpoint inhibition.
107-280-738-997-898,The Prognostic Correlation of Heart rate variability and body weight status in liver cancer patients,Qingqing Huang; Xiping Liang; Changyan Feng; Vishnu Prasad Adhikari; Xi Quan; Huiqing Yu,"<title>Abstract</title>;         <p>Background;  Weight status play an important role in the evolution and prognosis of cancer patients; however alterations of autonomic nervous system (ANS) caused by cancer may be the associated symptoms in cancer-related weight change.; Objective;  The aim of this study is to identify the influence of weight status on ANS and determine whether ANS can be used as an index for early detection and prediction of weight changes in liver cancer patients with HRV.; Methods;  We conducted a retrospective analysis of clinical data for newly diagnosed liver cancer from 2017 to 2022 in China. The authors conducted clinical and ECG data of liver cancer with special emphasis on advances ECG and the BMI aspect.; Results;  Both BMI and KPS were lower in the liver cancer group compared to benign tumor patients and healthy controls (p ≤ 0.001). Liver cancer patients were more likely to have a history of diabetes (p = 0.005) and hepatitis B virus infection (p ≤ 0.001) compared to non-liver cancer patients. Moreover, the HRV indices and variations remained low in liver cancer patients Additionally, the mean average levels of SDNN and VLF bands in liver cancer remained significantly low (p ≤ 0.005). The results reveal that a lower BMI, lower VLF index, together with history of HBV infection positively correlated in liver cancer patients. The study reveals that HRV indices is associated with BMI in liver cancer patients with lesser body weight. As predicted, the LF and LF/VLF scores had correlation with lower BMI in the liver cancer patients (p &lt; 0.05).; Conclusion;  In liver cancer patients, decreased HRV was associated with a lower BMI independent of other con-founders. The role of HRV as a potential index for predicting cancer-related weight loss and improving the survival time of liver cancer patients are promising but require further validation in future studies.</p>"
107-354-722-025-903,Editor's Note: Thioredoxin Is Downstream of Smad7 in a Pathway That Promotes Growth and Suppresses Cisplatin-Induced Apoptosis in Pancreatic Cancer.,Nicole Boyer Arnold; Knut Ketterer; Jörg Kleeff; Hellmut Friess; Markus W Büchler; Murray Korc,
107-716-943-941-054,Multidimensional characterization of cellular ecosystems in Hodgkin lymphoma,Tomohiro Aoki; Gerben Duns; Shinya Rai; Aixiang Jiang; Andrew Lytle; Yifan Yin; Makoto Kishida; Michael Li; Denise Smorra; Laura Hilton; Stefan K Alig; Mohammad Shahrokh Esfahani; Clementine Sarkozy; Stacy Hung; Katy Milne; Adele Telenius; Luke O'Brien; Celia Strong; Talia Goodyear; Chantal Di Vito; Cassandra Luksik; Glenn Edin; Laura Gonzalez; Juan Patino Rangel; Michael Hong; Shaocheng Wu; Eric Lee; Katsuyoshi Takata; Tomoko Miyata-Takata; Merrill Boyle; Susana Ben-Neriah; Andrew P. Weng; Alexander Xu; Akil Merchant; Andrew Roth; Michael Crump; John Kuruvilla; Anca Prica; Robert Kridel; David Huntsman; Brad H Nelson; Pedro Farinha; Ryan D. Morin; Ash Alizadeh; Kerry J. Savage; David W. Scott; Christian Steidl,"<jats:title>SUMMARY</jats:title>;                 <jats:p>;                   The tissue architecture of classic Hodgkin Lymphoma (CHL) is unique among cancers and characterized by rare malignant Hodgkin and Reed-Sternberg cells that co-evolve with a complex ecosystem of immune cells in the tumor microenvironment (TME). The lack of a comprehensive systems-level interrogation has hindered the description of disease heterogeneity and clinically relevant molecular subtypes. Here, we employed an integrative, multimodal approach to characterize CHL tumors using malignant cell sequencing, spatial transcriptomics and imaging mass cytometry. We identified four molecular subtypes (CST, CN913, STB, and CN2P), each characterized by distinct clinical features, mutational patterns, malignant cell gene expression profiles, and spatial architecture involving immune cell populations. Functional modeling of;                   <jats:italic>CSF2RB</jats:italic>;                   mutations, a characteristic feature of the CST subtype, revealed dysregulated oncogenic signaling and unique TME crosstalk. These findings highlight the significance of multi-dimensional profiling in elucidating patterns of molecular alterations that drive immune ecosystems and underlie therapeutically exploitable vulnerabilities.;                 </jats:p>"
108-003-672-396-360,Cancer and Cancer Care - The Biology of Cancer,Debbie Wyatt; Victoria Bates,
108-094-254-215-412,Elevated serum CA19-9 indicates severe liver inflammation and worse survival after curative resection in hepatitis B-related hepatocellular carcinoma.,Wei Zhang; Yingying Wang; Xiang Dong; Bo Yang; Hongyuan Zhou; Lu Chen; Zewu Zhang; Qin Zhang; Guangtai Cao; Zhiqiang Han; Huikai Li; Yunlong Cui; Qiang Wu; Ti Zhang; Tianqiang Song; Qiang Li,"We explored the prognostic value of preoperative CA19-9 in α-fetoprotein (AFP)-positive and -negative HCC with hepatitis B virus (HBV) background (HBV-HCC), and explored the underlying mechanism. Recurrence-free survival (RFS) and overall survival (OS) were assessed in HBV-HCC patients who underwent curative resection (Cohort 1). Immunohistochemical staining of CA19-9 in HCC and liver parenchyma were quantified in another cohort of 216 patients with resected HCC (Cohort 2). Immunohistochemical staining of CA19-9 and serum CA19-9 level was also compared between patients with HCC and intrahepatic cholangiocarcinoma (ICC) (Cohort 3). In Cohort 1, CA19-9 ≥ 39 U/mL was an independent risk factor for RFS (HR = 1.507, 95% CI = 1.087-2.091, p = 0.014) and OS (HR = 1.646, 95% CI = 1.146-2.366, p = 0.007). CA19-9 ≥ 39 U/mL was also associated with significantly higher incidence of macrovascular invasion (MaVI) compared with CA19-9 < 39 U/mL (23.0% vs. 7.2%, p = 0.002), and elevated aminotransferase and aspartate aminotransferase to platelet ratio index (APRI), and lower albumin. Immunohistochemical staining of CA19-9 revealed that CA19-9 expression was found exclusively in the background liver but not in HCC tumor cells. In contrast, tumor tissue was the main source of CA19-9 in ICC patients. CA19-9 ≥ 39 U/mL was associated with worse OS and RFS in both AFP-positive and negative HCC patients. CA19-9 indicated more severe inflammation and cirrhosis in the liver of HCC patients."
108-226-896-002-621,"Lenvatinib, sintilimab combined interventional treatment vs bevacizumab, sintilimab combined interventional treatment for intermediate-advanced unresectable hepatocellular carcinoma.",Ru-Yu Han; Lei-Juan Gan; Meng-Ran Lang; Shao-Hua Ren; Dong-Ming Liu; Guang-Tao Li; Ya-Yue Liu; Xin-Di Tian; Kang-Wei Zhu; Li-Yu Sun; Lu Chen; Tian-Qiang Song,"<AbstractText Label=""BACKGROUND"" NlmCategory=""BACKGROUND"">Bevacizumab and sintilimab combined interventional treatment (BeSiIT) and L envatinib and sintilimab combined interventional treatment (LeSiIT) are two commonly used therapeutic regimens for intermediate-advanced hepatocellular carcinoma (HCC) in clinical practice.</AbstractText>;           <AbstractText Label=""AIM"" NlmCategory=""OBJECTIVE"">To compare the clinical efficacy and safety of BeSiIT and LeSiIT for the treatment of intermediate and advanced HCC.</AbstractText>;           <AbstractText Label=""METHODS"" NlmCategory=""METHODS"">Patients diagnosed with intermediate-advanced HCC and initially treated with BeSiIT or LeSiIT in the Tianjin Medical University Cancer Institute and Hospital between February 2020 and July 2021 were included. The primary endpoint was progression-free survival (PFS), and the secondary endpoints were overall survival (OS), objective response rate (ORR), disease control rate (DCR), conversion rate, and treatment-related adverse events.</AbstractText>;           <AbstractText Label=""RESULTS"" NlmCategory=""RESULTS"">Total 127 patients met the inclusion criteria and were divided into BeSiIT and LeSiIT groups. Twenty-eight and fifty patients in the BeSiIT and LeSiIT groups, respectively, were assessed after 1:2 propensity score matching. PFS and OS rates were not significantly different between the two groups. No significant variations were noted in ORRs or DCRs according to the Response Evaluation Criteria in Solid Tumors (RECIST), and modified RECIST. BeSiIT group showed a better conversion rate than the LeSiIT group (<i>P</i> = 0.043). Both groups showed manageable toxicity profiles. Multivariate analysis showed that the independent factors associated with PFS were alpha-fetoprotein levels and carcinoembryonic antigen score.</AbstractText>;           <AbstractText Label=""CONCLUSION"" NlmCategory=""CONCLUSIONS"">In intermediate-to-advanced HCC, the BeSiIT and LeSiIT groups exhibited acceptable toxicities and comparable PFS, OS, and ORR.</AbstractText>;           <CopyrightInformation>©The Author(s) 2024. Published by Baishideng Publishing Group Inc. All rights reserved.</CopyrightInformation>"
108-292-135-652-238,Proliferative osteoid osteoma with COL1A1::USP6 gene fusion.,Masafumi Seki; Kyoko Yamashita; Akito Dobashi; Teruko Ueno; Reimi Asaka; Satoko Baba; Taisuke Tanizawa; Seiichi Matsumoto; Keisuke Ae; Kengo Takeuchi,"The data that support the findings of this study are available from the corresponding author, K.Y., upon reasonable request."
108-346-677-208-060,"Differences of TILs, hormone receptor, and HER2 status between primary and metastatic tumors.",Makiko Ono; Tomo Osako; Shinichiro Taira; Tomoko Shibayama; Kokoro Kobayashi; Takayuki Kobayashi; Naoya Gomi; Takuji Iwase; Takayuki Ueno; Yoshinori Ito; Shinji Ohno; Futoshi Akiyama; Shunji Takahashi,"1075Background: Tumor-infiltrating lymphocytes (TILs) are reported to be associated with response to chemotherapy in early breast cancer. However, it is uncertain whether immunological microenviron..."
108-376-081-974-896,"NCCN Guidelines® Insights: Ovarian Cancer/Fallopian Tube Cancer/Primary Peritoneal Cancer, Version 3.2024.",Joyce Liu; Andrew Berchuck; Floor J Backes; Joshua Cohen; Rachel Grisham; Charles A Leath; Lainie Martin; Daniela Matei; David S Miller; Sharon Robertson; Lisa Barroilhet; Shitanshu Uppal; Andrea Wahner Hendrickson; David M Gershenson; Heidi J Gray; Ardeshir Hakam; Angela Jain; Gottfried E Konecny; John Moroney; Elena Ratner; John Schorge; Premal H Thaker; Theresa L Werner; Emese Zsiros; Kian Behbakht; Lee-May Chen; Marie DeRosa; Eric L Eisenhauer; Gary Leiserowitz; Babak Litkouhi; Michael McHale; Sanja Percac-Lima; Kerry Rodabaugh; Roberto Vargas; Frankie Jones; Emily Kovach; Lisa Hang; Swathi Ramakrishnan; Ronald D Alvarez; Deborah K Armstrong,"The NCCN Guidelines for Ovarian Cancer/Fallopian Tube Cancer/Primary Peritoneal Cancer provide multidisciplinary diagnostic workup, staging, and treatment recommendations for this disease. These NCCN Guidelines Insights detail how the evolution of the use of PARP inhibitors as maintenance and single-agent regimens for the treatment of ovarian cancer informed panel recommendations in the guidelines."
108-384-380-500-316,"Gynaecological Cancers Risk: Breast Cancer, Ovarian Cancer and Endometrial Cancer",Ranjit Manchanda,"The International Agency for Research on Cancer suggests that the burden of women&rsquo;s cancers including breast, ovarian, and womb will rise by 50% over the next 20 years. It is essential for us to improve early diagnosis and prevention of these cancers in our health systems. The last decade has seen significant strides in our ability to understand and predict a woman&rsquo;s risk of these cancers and offer personalized medicine approaches for risk management. There have been improvements in identifying individuals at increased risk, as well as implementing and evaluating strategies for screening and prevention. In this special collection, we bring together 16 articles from leading scientists and researchers. These capture some of the important advances observed in estimating cancer risk, providing genetic testing, offering risk management to those at increased risk, as well as screening and prevention of breast, ovarian, and womb cancers in women. This makes an important contribution to the rapidly advancing knowledge base across the area of personalized medicine and precision prevention of ovarian, endometrial, and breast cancers."
108-420-503-946-170,Correction: Long Noncoding RNA MIR17HG Promotes Colorectal Cancer Progression via miR-17-5p.,Jie Xu; Qingtao Meng; Xiaobo Li; Hongbao Yang; Jin Xu; Na Gao; Hao Sun; Shenshen Wu; Giuseppe Familiari; Michela Relucenti; Haitao Zhu; Jiong Wu; Rui Chen,
108-745-039-037-47X,Editor's Note: Analysis of Immune Signatures in Longitudinal Tumor Samples Yields Insight into Biomarkers of Response and Mechanisms of Resistance to Immune Checkpoint Blockade.,Pei-Ling Chen; Whijae Roh; Alexandre Reuben; Zachary A Cooper; Christine N Spencer; Peter A Prieto; John P Miller; Roland L Bassett; Vancheswaran Gopalakrishnan; Khalida Wani; Mariana Petaccia De Macedo; Jacob L Austin-Breneman; Hong Jiang; Qing Chang; Sangeetha M Reddy; Wei-Shen Chen; Michael T Tetzlaff; Russell J Broaddus; Michael A Davies; Jeffrey E Gershenwald; Lauren Haydu; Alexander J Lazar; Sapna P Patel; Patrick Hwu; Wen-Jen Hwu; Adi Diab; Isabella C Glitza; Scott E Woodman; Luis M Vence; Ignacio I Wistuba; Rodabe N Amaria; Lawrence N Kwong; Victor Prieto; R Eric Davis; Wencai Ma; Willem W Overwijk; Arlene H Sharpe; Jianhua Hu; P Andrew Futreal; Jorge Blando; Padmanee Sharma; James P Allison; Lynda Chin; Jennifer A Wargo,
109-281-599-582-138,Resection of an abdominal wall rectal cancer recurrence with posterior component separation and transverse abdominis release following image-guided botulinum toxin A injection.,David Canny; José Tomás Larach; Helen Mohan; Satish K Warrier; Jacob J McCormick; Alexander G Heriot; Peadar S Waters,
109-328-913-109-53X,Cancer genetics : Cancer,Bruce A.J. Ponder,"Cancer genetics has for many years focused on mutational events that have their primary effect within the cancer cell. Recently that focus has widened, with evidence of the importance of epigenetic events and of cellular interactions in cancer development. The role of common genetic variation in determining the range of individual susceptibility within the population is increasingly recognized, and will be addressed using information from the Human Genome Project. These new research directions will highlight determinants of cancer that lie outside the cancer cell, suggest new targets for intervention, and inform the design of strategies for prevention in groups at increased risk."
109-499-110-633-991,Correction: Phage Display-Derived Peptide-Based Dual-Modality Imaging Probe for Bladder Cancer Diagnosis and Resection Postinstillation: A Preclinical Study.,Li Peng; Wenting Shang; Pengyu Guo; Kunshan He; Hongzhi Wang; Ziyu Han; Hongmei Jiang; Jie Tian; Kun Wang; Wanhai Xu,
109-806-039-882-334,"Abstract PD5-05: Neratinib forERBB2mutant, HER2 non-amplified, metastatic breast cancer: Preliminary analysis from a multicenter, open-label, multi-histology phase II basket trial",David M. Hyman; Sarina Anne Piha-Paul; Jordi Rodon; Cristina Saura; Igor Puzanov; Geoffrey I. Shapiro; Sherene Loi; H Joensuu; Aphrothiti J. Hanrahan; Shanu Modi; Alshad S. Lalani; Feng Xu; S.J. Garza; Richard E. Cutler; Richard A. Bryce; Funda Meric-Bernstam; J. Baselga; David B. Solit,"Background: Somatic ERBB2 (HER2) mutations occur in approximately 2% of patients with breast cancer and are found in a predominantly mutually exclusive manner with ERBB2 amplification. These mutations result in increased signaling and oncogenic transformation. Neratinib, a pan-ERBB irreversible tyrosine kinase inhibitor, potently inhibits growth of ERBB2 mutant tumor cell lines and xenografts. An ongoing signal-seeking phase II 9basket9 study is evaluating neratinib in patients with multiple histologies harboring ERBB2 mutations (NCT01953926). Novel mutations identified in enrolled patients were characterized for biologic activity in a variety of in vitro model systems. A preliminary analysis of the HER2 non-amplified metastatic breast cancer cohort is presented. Methods: Patients with ERBB2 mutant metastatic breast cancer documented by local testing methods received single-agent oral neratinib 240 mg once daily until progression or intolerable toxicity. High-dose loperamide prophylaxis was mandatory during cycle 1. The primary endpoint was the objective response rate at 8 weeks, defined using anatomic (RECIST 1.1) and/or metabolic (PET Response Criteria) assessments. Secondary endpoints were best overall response rate, clinical benefit rate, progression-free survival, duration of response, and safety. Results: 17 patients with metastatic breast cancer were enrolled and received neratinib (13 patients are evaluable for efficacy to date). Patients had a median of 3 prior anticancer regimens. Other baseline characteristics were: median age 59 years; bone involvement 71%; visceral disease 82%. Tumor characteristics were: ductal/lobular 76%/24%; ERBB2 mutation single nucleotide variants/indels 82%/18%; HER2 amplified/non-amplified 0%/100%; hormone receptor positive/negative 82%/18%. Five patients (39%) had an objective response at 8 weeks (95% CI 14–68%). In the patients who responded, ERBB2 mutations were: 1 complete response (L755S); 4 partial responses (L755S, V777L, V777L, and L869R). The most common all-grade adverse events (in ≥15% of patients) across all cohorts (n=93) were: diarrhea (62%), fatigue (28%), nausea (36%), vomiting (30%), anemia (15%), and constipation (29%). The most common grade 3/4 adverse event was diarrhea (14%, all grade 3). Updated efficacy results, centralized genomic analyses on archival tumor samples, and in vitro characterization of novel ERBB2 mutants will be presented. Conclusions: Single-agent neratinib shows encouraging signs of clinical activity in patients with heavily pretreated, ERBB2 mutant, HER2 non-amplified metastatic breast cancer. The breast cancer cohort demonstrated sufficient activity to meet the study9s pre-specified efficacy requirements according to a Simon9s two-stage design, and suggests that a confirmatory trial of neratinib for targeting ERBB2 driver mutations in metastatic breast cancer is warranted. Safety was acceptable and diarrhea was manageable with loperamide prophylaxis. Citation Format: Hyman DM, Piha-Paul SA, Rodon J, Saura C, Puzanov I, Shapiro GI, Loi S, Joensuu H, Hanrahan AJ, Modi S, Lalani AS, Xu F, Garza SJ, Cutler RE, Bryce R, Meric-Bernstam F, Baselga J, Solit DB. Neratinib for ERBB2 mutant, HER2 non-amplified, metastatic breast cancer: Preliminary analysis from a multicenter, open-label, multi-histology phase II basket trial. [abstract]. In: Proceedings of the Thirty-Eighth Annual CTRC-AACR San Antonio Breast Cancer Symposium: 2015 Dec 8-12; San Antonio, TX. Philadelphia (PA): AACR; Cancer Res 2016;76(4 Suppl):Abstract nr PD5-05."
110-000-911-836-000,Editor's Note: ITPR1 Protects Renal Cancer Cells against Natural Killer Cells by Inducing Autophagy.,Yosra Messai; Muhammad Zaeem Noman; Meriem Hasmim; Bassam Janji; Andrés Tittarelli; Marie Boutet; Véronique Baud; Elodie Viry; Katy Billot; Arash Nanbakhsh; Thouraya Ben Safta; Catherine Richon; Sophie Ferlicot; Emmanuel Donnadieu; Sophie Couve; Betty Gardie; Florence Orlanducci; Laurence Albiges; Jerome Thiery; Daniel Olive; Bernard Escudier; Salem Chouaib,
110-243-313-671-425,Metastasis of cancer to cancer,L. A. Schneider,
111-595-884-883-937,Application of health big data in hospital-based cancer screening study,C R Wang; Z M Guo; X Y Shi; Y D Zheng; Z L Luo; J X Xie; X L Chen; J B Li; Y J Xu; W Cao; F Wang; X S Dong; N Li; J He,"This paper focuses on the application of health big data in cancer screening. Firstly, the sources and characteristics of health big data are introduced, then the commonly used epidemiological designs and analytical techniques in hospital-based cancer screening studies are summarized and the application scenarios of such studies are described. Finally, the challenges and future development in the application of health big data are analyzed to provide reference for the future studies."
112-043-876-406-592,Cancer. Prostate cancer,Saira Chowdhury,
112-309-945-649-981,Revision of the Practical Guidelines for Lung Cancer Screening 2020: The Requirements for Doctors Engaging in the Interpretation of Chest Roentgenograms in Lung Cancer Screening and the Implementation of Case Review Meetings,Motoyasu Sagawa; Tomio Nakayama; Kazuto Ashizawa; Katsunori Oikado; Takeshi Kobayashi; Akira Sakurada; Masami Sato; Kiyoshi Shibuya; Tomotaka Sobue; Daisuke Takenaka; Kenji Nishii; Masao Harada; Sumiko Maeda; Yuichiro Maruyama; Hiroyuki Miura; Hideki Mitomo; Kiyoshi Murata; Makiko Murota,
112-351-684-333-258,"Revisiting the Calculation for a Novel Measure of Average Lifespan Shortened: Real-World Examples From Cervical and Ovarian Cancers in Alberta, Canada, 2000 - 2020.",Truong-Minh Pham; Xiaoming Lu; Jingyu Bu; Devan Tchir; Mohammadreza Pakseresht; Maeve Wickham; Allison Scott; Xiaoyi Tian; Anthony Paul Vytautas Karosas; Angela Eckstrand; Bethany Kaposhi; Emily Walker; Lorraine Shack,"In this technical note, we primarily demonstrate the computation of confidence limits for a novel measure of average lifespan shortened (ALSS). We identified women who had died from cervical and ovarian cancer between 2000 and 2020 from the Alberta cancer registry. Years of life lost (YLL) was calculated using the national life tables of Canada. We estimated the ALSS as a ratio of YLL in relation to the expected lifespan. We computed the confidence limits of the measure using various approaches, including the normal distribution, gamma distribution, and bootstrap method. The new ALSS measure shows a modest gain in lifespan of women, particularly women with ovarian cancer, over the study period."
112-353-802-941-182,The discovery of potent ribosomal S6 kinase inhibitors by high-throughput screening and structure-guided drug design,Sylvain Couty; Isaac M. Westwood; Andrew Kalusa; Celine Cano; J. Travers; Kathy Boxall; Chiau Ling Chow; Sam Burns; Jessica Schmitt; Lisa Pickard; Caterina Barillari; P. Craig McAndrew; Paul A. Clarke; Spiros Linardopoulos; Roger J. Griffin; G. Wynne Aherne; Florence I. Raynaud; Paul Workman; Keith Jones; Rob L. M. van Montfort,"The ribosomal P70 S6 kinases play a crucial role in PI3K/mTOR regulated signalling pathways and are therefore potential targets for the treatment of a variety of diseases including diabetes and cancer. In this study we describe the identification of three series of chemically distinct S6K1 inhibitors. In addition, we report a novel PKA-S6K1 chimeric protein with five mutations in or near its ATP-binding site, which was used to determine the binding mode of two of the three inhibitor series, and provided a robust system to aid the optimisation of the oxadiazole-substituted benzimidazole inhibitor series. We show that the resulting oxadiazole-substituted aza-benzimidazole is a potent and ligand efficient S6 kinase inhibitor, which blocks the phosphorylation of RPS6 at Ser235/236 in TSC negative HCV29 human bladder cancer cells by inhibiting S6 kinase activity and thus provides a useful tool compound to investigate the function of S6 kinases."
112-418-190-554-361,"Correction: AT13148 Is a Novel, Oral Multi-AGC Kinase Inhibitor with Potent Pharmacodynamic and Antitumor Activity.",Timothy A Yap; Mike I Walton; Kyla M Grimshaw; Robert H Te Poele; Paul D Eve; Melanie R Valenti; Alexis K de Haven Brandon; Vanessa Martins; Anna Zetterlund; Simon P Heaton; Kathrin Heinzmann; Paul S Jones; Ruth E Feltell; Matthias Reule; Steven J Woodhead; Thomas G Davies; John F Lyons; Florence I Raynaud; Suzanne A Eccles; Paul Workman; Neil T Thompson; Michelle D Garrett,
112-449-722-665-380,Correction: ARF Confers a Context-Dependent Response to Chemotherapy in Muscle-Invasive Bladder Cancer.,Tomasz B Owczarek; Takashi Kobayashi; Ricardo Ramirez; Lijie Rong; Anna M Puzio-Kuter; Gopa Iyer; Min Yuen Teo; Francisco Sánchez-Vega; Jingqiang Wang; Nikolaus Schultz; Tian Zheng; David B Solit; Hikmat A Al-Ahmadie; Cory Abate-Shen,"In the original version of this article (1), there was an error in Fig. 3C. Specifically, the same Ki67/DAPI immunofluorescence image was used for both UMUC3-Control cells treated with vehicle and UMUC3-shITGB3BP cells treated with cisplatin. The correct images have been provided and the error has been corrected in the latest online HTML and PDF versions of the article. The authors regret this error."
112-782-130-672-973,"Correction: Pilot Phase II Trial of Neoadjuvant Immunotherapy in Locoregionally Advanced, Resectable Cutaneous Squamous Cell Carcinoma of the Head and Neck.",Renata Ferrarotto; Moran Amit; Priyadharsini Nagarajan; M Laura Rubin; Ying Yuan; Diana Bell; Adel K El-Naggar; Jason M Johnson; William H Morrison; David I Rosenthal; Bonnie S Glisson; Faye M Johnson; Charles Lu; Frank E Mott; Bita Esmaeli; Eduardo M Diaz; Paul W Gidley; Ryan P Goepfert; Carol M Lewis; Randal S Weber; Jennifer A Wargo; Sreyashi Basu; Fei Duan; Shalini S Yadav; Padmanee Sharma; James P Allison; Jeffrey N Myers; Neil D Gross,"In the original version of this article (1), one patient's pathologic response was misclassified as partial instead of major. This error affects the data reported in Fig. 1A, in Supplementary Tables S3 and S4, and in the text of the Abstract, Results, and Discussion sections, but does not impact the primary endpoint. The error has been corrected in the latest online HTML and PDF versions of the article. The authors regret the error."
112-788-925-399-71X,Barriers in providing breast and colorectal cancer survivorship care: Perceptions of U.S. primary care physicians (PCPs) and medical oncologists (MOs).,K. S. Virgo; C. C. Lerro; C. N. Klabunde; C. Earle; P. A. Ganz,CRA9006
113-182-302-779-96X,Selective targeting the PIK3CA mutant sequence by Pyrrole Imidazole polyamide seco-CBI conjugates in cervical cancer,Sakthisri Krishnamurthy; Atsushi Takatori; Hiroyuki Yoda; Kiriko Hiraoka; Takahiro Inoue; Yoshinao Shinozaki; Takayoshi Watanabe; Nobuko Koshikawa; Hiroki Nagase,
113-198-326-111-311,1266P Genetic profiling of cell-free DNA from pleural effusion in advanced lung cancer as a surrogate for tumor tissue and revealed additional clinical actionable targets,H. Tu; Y-S. Li; X-Y. Bai; Y-L. Sun; M-Y. Zheng; R-Q. Liao; B-Y. Jiang; B-C. Wang; H D Chen; B-F. Xu; X. Tong; R. Yu; Xiao-Mei Wu; D. M. Zhu; J.-J. Yang; X. Zhang; Qin Zhou; Y-L. Wu,
113-323-582-582-358,ENDOSCOPIC DETERMINATION OF PROXIMAL MARGIN IN FLAT OR DEPRESSED TYPE GASTRIC CANCER,Akimichi Chonan; Fukuji Mochizuki; Takashi Ikeda; Naotaka Fujita; Shigeki Lee; Go Kobayashi; Katsumi Kimura; Atsuo Matsunaga; Masao Ando; Hiromitsu Watanabe; Yorinobu Sato;  Tominaga; Mikiko Nomura; Satoru Shibuki,
113-369-176-693-398,Clinical characteristics of malignant pericardial effusion associated with recurrence and survival.,Sung-Hwan Kim; Mi Hyang Kwak; Sohee Park; Hak Jin Kim; Hyun-Sung Lee; Moon Soo Kim; Jong Mog Lee; Jae Ill Zo; Jung Sil Ro; Jin Soo Lee,Purpose; We evaluated clinical outcomes after drainage for malignant pericardial effusion with imminent or overt tamponade.
113-399-134-083-660,A Phase IB Trial of Selinexor in Combination With Immune Checkpoint Blockade in Patients With Advanced Renal Cell Carcinoma.,Omar Alhalabi; Mohamed A Gouda; Denái R Milton; Hassan Ahmed Momin; Bulent Yilmaz; Bettzy Stephen; Chinenye Lynette Ejezie; Justin Tyler Moyers; Serdar A Gurses; Jeffrey How; Siqing Fu; Jordi Rodon; David S Hong; Sarina A Piha-Paul; Vivek Subbiah; Ecaterina Elena Dumbrava; Daniel D Karp; Filip Janku; Funda Meric-Bernstam; Nizar M Tannir; Aung Naing,"<AbstractText Label=""BACKGROUND"" NlmCategory=""BACKGROUND"">Selinexor (SEL) is a nuclear exportin 1 inhibitor that blocks the transport of nuclear proteins, including tumor suppressors, to the cytoplasm. Preclinical data suggest that the combination of SEL with checkpoint blockade may result in improved response to immunotherapy.</AbstractText>;           <AbstractText Label=""METHODS"" NlmCategory=""METHODS"">NCT02419495 was a multiarm phase IB study of SEL in combination with other standard regimens in patients with advanced malignancies. Arm M utilized twice weekly oral SEL and intravenous nivolumab (NIVO). Arm N utilized weekly oral SEL with NIVO plus ipilimumab (IPI). The primary objective of this study was to evaluate the safety of SEL + NIVO and SEL + NIVO+IPI. Secondary objectives included determining the objective response rate (ORR) and progression-free survival (PFS).</AbstractText>;           <AbstractText Label=""RESULTS"" NlmCategory=""RESULTS"">Twenty-nine patients were enrolled in the study, of which 26 (90%) had clear cell RCC (ccRCC). Most patients (72%, n = 21) had prior systemic therapies. All patients (100%) developed at least one treatment-emergent adverse event, and 93% had a treatment-related adverse event (TRAE). Grade ≥ 3 TRAE occurred in 31% of patients, including 10% with hyponatremia, 7% with neutropenia, and 7% with thromboembolic events. At a median follow-up of 12.4 months, the ORR in 27 patients evaluable for response was 19% (n = 5). An additional 17 patients (63%) had stable disease (SD) as the best response. The median PFS for the overall cohort was 14.5 months (95% CI 5.2-17.4 months; SEL + NIVO+IPI: 12.2 months, SEL + NIVO: 14.5 months). The median overall survival was 27.8 months (95% CI 15.3-32.5; SEL + NIVO+IPI: unreached, SEL + NIVO: 21.3 months).</AbstractText>;           <AbstractText Label=""CONCLUSIONS"" NlmCategory=""CONCLUSIONS"">SEL in combination with NIVO or NIVO+IPI had a potentially favorable safety profile and showed modest clinical activity in patients with advanced renal cell carcinoma.</AbstractText>;           <AbstractText Label=""TRIAL REGISTRATION"" NlmCategory=""BACKGROUND"">This clinical trial was registered on clinicaltrials.gov (NCT02419495).</AbstractText>;           <CopyrightInformation>© 2025 The Author(s). Cancer Medicine published by John Wiley &amp; Sons Ltd.</CopyrightInformation>"
113-705-299-602-521,Rare Cancer Center - All Activities for Rare Cancer Patients! -,Yoko Katoh; Akira Kawai; Taro Shibata; Yasushi Goto; Tatsuya Suzuki; Shintaro Iwata; Kan Yonemori; Wataru Munakata; Eriko Satomi; Akihiko Yoshida; Takuro Sakurai; Tomoko Takayama; Takahiro Higashi; Tosirou Nishida,"Abstract Rare cancer is defined as disease which affects less than 6 patients per 100,000 people. Up to 200 types of cancers are categorized as rare cancers. Because the total population is small, decision with diagnosis and treatment are more difficult than other typical cancers. Problems underlying rare cancer treatment include lack of experience, information, education & training, patient support, clinical research, basic research, etc. Therefore, patients with rare cancer are suffering in situations. National Cancer Center opened the Rare Cancer Center in June 2014 to reveal the circumstance of framework and improve the treatment of rare cancers. Even further, in April 2018, National Cancer Center was designated as the central cancer center for rare cancers which goal is to establish an environment where patients with rare cancer can receive appropriate treatment. Rare Cancer Center publishes the latest information of medical care and research with rare cancers on its website and social media and also regularly holds ""Rare Cancers-Meet the Experts"" seminars. Seminars are conducted by experts of rare cancer directed to patients and their family members. Furthermore, to improve individual treatment support, we established ""Rare Cancer Hotline"", which is managed by full-time staff and nurses who connect rare cancer patients to appropriate medical facilities and departments. Over 20,000 people have received consultations using ""Rare Cancer Hotline"" in 5 years since its establishment. We now can analyze the difficult circumstances of patient with rare cancers, such as where to receive appropriate treatment and insufficient information. In this presentation, I would like to introduce patient support initiatives at our Rare Cancer Center and make a proposal of the needs to provide better medical care for patients with rare cancer."
113-797-019-478-185,Hereditary breast cancer – a spectrum of pathogenic mutations and unknown variants of BRCA1 and BRCA2 genes in the Czech Republic: efficiency of testing and clinical follow-up.,Lenka Foretova; M Lukesova; Petra Vašíčková; Marie Navratilova; H Pavlu; J Kuklova; V Urbankova; D. Hanousková; B Dvorackova; Eva Machackova,
113-889-938-356-515,Additional file 3 of Fibrillarin-mediated ribosomal RNA maturation is a novel therapeutic vulnerability in triple-negative breast cancer,Camille Jouines; Piero Lo Monaco; Angéline Gaucherot; Julie Radermecker; Caroline Isaac; Fleur Bourdelais; Marie-Ambre Monet; Marion Meyer; Mounira Chalabi-Dchar; Flora Nguyen Van Long; Laury Baillon; Carine Froment; Julien Marcoux; Christophe Vanbelle; Tanguy Fenouil; Sébastien Durand; Stéphane Giraud; Jean-Jacques Diaz; Virginie Marcel; Frédéric Catez,Supplementary Material 3
114-153-121-241-881,The integrated landscape of eRNA in gastric cancer reveals distinct immune subtypes with prognostic and therapeutic relevance.,Xin Hu; Liuxing Wu; Yanxin Yao; Junfu Ma; Xiangchun Li; Hongru Shen; Luyang Liu; Hongji Dai; Wei Wang; Xinlei Chu; Chao Sheng; Meng Yang; Hong Zheng; Fengju Song; Kexin Chen; Ben Liu,"The comprehensive regulation effect of eRNA on tumor immune cell infiltration and the outcome remains obscure. We comprehensively identify the eRNA-mediated immune infiltration patterns of gastric cancer (GC) samples. We creatively proposed a random forest machine-learning (ML) algorithm to map eRNA to mRNA expression patterns. The eRNA score was constructed using principal component analysis algorithms and validated in an independent cohort. Three subtypes with distinct eRNA expression patterns were determined in GC. There were significant differences between the three subtypes in the overall survival rate, immune cell infiltration characteristics, and immunotherapy response indicators. The patients in the high eRNA score group have a higher overall survival rate and might benefit from immunotherapy. This work revealed that eRNA regulation might be a new prognostic index and might offer a potential biomarker in the response of immunotherapy. Evaluating the eRNA regulation manner of GC will contribute to guiding more effective immunotherapy strategies."
114-301-413-773-566,"Cancer Burden in Chinese Older Adults: Insights Into Incidence, Mortality, and Global Comparisons Using GLOBOCAN 2022.",Yuanjie Zheng; He Li; Qianru Li; Siyi He; Yi Teng; Mengdi Cao; Nuopei Tan; Jiachen Wang; Tingting Zuo; Tianyi Li; Wanqing Chen,"<AbstractText Label=""Objective"" NlmCategory=""UNASSIGNED"">To summarize the latest cancer burden among Chinese adults aged 60 years and older and compare it with the global average and four regions classified by Human Development Index (HDI).</AbstractText>;           <AbstractText Label=""Methods"" NlmCategory=""UNASSIGNED"">Cancer incidence and mortality data were extracted from the GLOBOCAN 2022 database. The estimated numbers of new cases and deaths, age-standardized incidence rates (ASIRs), and age-standardized mortality rates (ASMRs) were analyzed for the top ten cancer types in Chinese older adults, categorized by sex and age groups (60-69, 70-84, and 85+ years). Descriptive analyses were conducted to compare ASIRs and ASMRs for all cancer sites combined and major cancer types among adults aged 60 and older across China, the global average, and four HDI-classified regions.</AbstractText>;           <AbstractText Label=""Results"" NlmCategory=""UNASSIGNED"">In 2022, there were an estimated 2884.2 thousand new cancer cases and 1963.9 thousand cancer deaths among Chinese adults aged 60 and older. The ASIR (1211.8 per 100,000) and ASMR (857.2 per 100,000) for all cancers combined were 1.6 and 2.0 times higher in males than in females, respectively. Nearly half of new cancer cases and deaths occurred in the 70-84 age group, accounting for 48.4% of all cases (1395.9 thousand) and 53.3% of all deaths (1046.4 thousand). Lung, colorectal, stomach, liver, esophageal, prostate, and female breast cancers were the most prevalent cancer types. Compared with the global average and four HDI-classified regions, Chinese older adults had higher ASIRs and ASMRs for lung, stomach, liver, and esophageal cancers but lower rates for prostate and female breast cancers. The ASIR and ASMR for prostate cancer were comparable to those in countries with medium HDI. For female breast cancer, the ASIR was similar to that in countries with low and medium HDI, with a lower ASMR. For colorectal cancer, the ASIR and ASMR were close to the global average but lower than those in countries with very high HDI.</AbstractText>;           <AbstractText Label=""Conclusion"" NlmCategory=""UNASSIGNED"">Chinese adults aged 60 and older face a heavy burden of lung and digestive cancers, with incidence and mortality patterns reflecting characteristics of both developed and developing regions. Given the rapid population aging and limited healthcare resources, tailored, evidence-based strategies are urgently needed to improve cancer prevention and control in China.</AbstractText>;           <CopyrightInformation>© 2025 The Author(s). Aging Medicine published by Beijing Hospital and John Wiley &amp; Sons Australia, Ltd.</CopyrightInformation>"
114-476-313-727-815,,Paul Workman; Paul A. Clarke; Bissan Al‐Lazikani; M Greaves; C Maley; M Gerlinger; N Mcgranahan; S Dewhurst; R Burrell; I Tomlinson; C Swanton; B Al-Lazikani; U Banerji; P Workman; P Nowell; L Neckers; P Workman; L Whitesell; S Santagata; M Mendillo; N Lin; D Proia; S Lindquist; T Smyth; K Paraiso; K Hearn; A Rodriguez-Lopez; J Munck; H Haarberg; V Sondak; N Thompson; M Azab; J Lyons; K Smalley; N Wallis,"It is now recognised that genetic, epigenetic and phenotypic heterogeneity within individual human cancers is responsible for therapeutic resistance -knowledge that is having a profound impact on current thinking and experimentation. There has been concern that molecularly targeted therapy is doomed to failure, with resistant clones emerging in response to the Darwinian selective pressure of any drug treatment. However, two studies have shown that the evolution of drug resistance can be restrained by co-administration of a pharmacologic inhibitor of the HSP90 molecular chaperone."
114-617-041-897-728,Correction: Genetic Dissociation of Glycolysis and the TCA Cycle Affects Neither Normal nor Neoplastic Proliferation.,Laura E Jackson; Sucheta Kulkarni; Huabo Wang; Jie Lu; James M Dolezal; Sivakama S Bharathi; Sarangarajan Ranganathan; Mulchand S Patel; Rahul Deshpande; Frances Alencastro; Stacy G Wendell; Eric S Goetzman; Andrew W Duncan; Edward V Prochownik,
114-832-206-360-85X,Fundamentals of Cancer Prevention - Fundamentals of cancer prevention,David S. Alberts; Lisa M. Hess,"Introduction.- Assessing human and economic benefits of cancer prevention.- The role of diet, physical activity and body composition in cancer prevention.- Innate and adaptive immune responses to cancer.- Hereditary risk for cancer.- Human categories and health: the power of the concept of ethnicity.- Complementary and alternative approaches to cancer prevention.- Telemedicine in cancer prevention.- The drug development process.-Developing topical prodrugs for skin cancer prevention.- Skin cancer prevention.- Colorectal cancer prevention.- Lung cancer prevention.- Breast cancer prevention.- Prostate cancer chemoprevention.- Cervical cancer prevention.- Ovarian cancer prevention.- Endometrial Cancer Prevention.- Cancer survivorship."
115-141-466-015-474,Phase I Study of Vorinostat in Patients With Advanced Solid Tumors and Hepatic Dysfunction: A National Cancer Institute Organ Dysfunction Working Group Study,Suresh S. Ramalingam; Shivaani Kummar; John Sarantopoulos; Stephen Shibata; Patricia LoRusso; M. Yerk; Julianne L. Holleran; Yan Lin; Jan H. Beumer; R. Donald Harvey; S. Percy Ivy; Chandra P. Belani; Merrill J. Egorin,"Purpose Vorinostat is the first US Food and Drug Administration–approved histone deacetylase inhibitor and is indicated for the treatment of refractory cutaneous T-cell lymphoma. We conducted a phase I study to determine the maximum-tolerated dose and pharmacokinetics of vorinostat in patients with hepatic dysfunction. Patients and Methods Patients had solid malignancies and acceptable bone marrow and renal function. Hepatic dysfunction was categorized as mild, moderate, or severe by the National Cancer Institute Organ Dysfunction Working Group criteria. Fifteen patients with normal liver function were enrolled as controls. All patients received a single 400-mg dose of vorinostat for pharmacokinetic studies. One week later, daily vorinostat dosing was begun and continued until toxicity or disease progression occurred. The daily vorinostat dose was escalated within each hepatic dysfunction category. Vorinostat plasma concentrations were quantitated by a validated liquid chromatography–tandem mass spectrome..."
115-261-352-976-978,Effectiveness of panendoscopy for close examination in gastric mass survey,Shigeyuki Ikeda; Yumiko Yamaguti; Akio Tebayasi; Yuji Yosida; Taro Arisue; Koichi Tamura; Sinobu Otuka,
115-457-872-616-794,The integrated stress response regulates 18S nonfunctional rRNA decay in mammals,Aaztli Coria; Akruti Shah; Mohammad Shafieinouri; Sarah Taylor; Wilfried M. Guiblet; Jennifer T. Miller; Indra Mani Sharma; Colin Chih‐Chien Wu,"18S nonfunctional rRNA decay (NRD) detects and eliminates translationally nonfunctional 18S rRNA. While this process is critical for ribosome quality control, the mechanisms underlying nonfunctional 18S rRNA turnover remain elusive. NRD was originally identified and has exclusively been studied in <i>Saccharomyces cerevisiae.</i> Here, we show that 18S NRD is conserved in mammals. Using genome-wide CRISPR genetic interaction screens, we find that mammalian NRD acts through the integrated stress response (ISR) via GCN2 and ribosomal protein ubiquitination by RNF10. Selective ribosome profiling reveals nonfunctional 18S rRNA induces translational arrest at start sites. Indeed, biochemical analyses demonstrate that ISR activation limits translation initiation and attenuates collisions between scanning 43S preinitiation complexes and nonfunctional 80S ribosomes arrested at start sites. Overall, the ISR promotes nonfunctional 18S rRNA and 40S ribosomal protein turnover by RNF10-mediated ubiquitination. These findings establish a dynamic feedback mechanism by which the GCN2-RNF10 axis surveils ribosome functionality at translation initiation."
115-613-886-175-08X,Editor's Note: Characterization of a Novel Mechanism of Genomic Instability Involving the SEI1/SET/NM23H1 Pathway in Esophageal Cancers.,Yan Li; Chang-Jun Nie; Liang Hu; Yanru Qin; Hai-Bo Liu; Ting-Ting Zeng; Leilei Chen; Li Fu; Wen Deng; Shu-Peng Chen; Wei-Hua Jia; Chunyu Zhang; Dan Xie; Xin-Yuan Guan,The editors are publishing this note to alert readers to a concern about this article (1). We were informed by the authors that the GAPDH Western blot bands in Fig. 3C were mistakenly duplicated from the GAPDH Western blot bands in Fig. 1A.
116-382-619-585-325,Cancer and cancer disposition,null Rubsamen,
116-449-601-108-102,A phase II study of the c-Met RTK inhibitor XL880 in patients (pts) with papillary renal-cell carcinoma (PRC),Robert W. Ross; Mark N. Stein; John Sarantopoulos; Peter D. Eisenberg; Theodore F. Logan; S. Srinivas; Jonathan E. Rosenberg; Ulka N. Vaishampayan,15601 Background: XL880 is a novel inhibitor of receptor tyrosine kinases targeting MET and VEGFR2/KDR. (IC 50 for MET 0.4nM and KDR 0.8 nM). PRC is a rare (10–15%) subtype of kidney cancer which i...
116-983-123-938-979,Genomic-transcriptomic evolution in lung cancer and metastasis.,Carlos Martínez-Ruiz; James R M Black; Clare Puttick; Mark S Hill; Jonas Demeulemeester; Elizabeth Larose Cadieux; Kerstin Thol; Thomas P Jones; Selvaraju Veeriah; Cristina Naceur-Lombardelli; Antonia Toncheva; Paulina Prymas; Andrew Rowan; Sophia Ward; Laura Cubitt; Foteini Athanasopoulou; Oriol Pich; Takahiro Karasaki; David A Moore; Roberto Salgado; Emma Colliver; Carla Castignani; Michelle Dietzen; Ariana Huebner; Maise Al Bakir; Miljana Tanić; Thomas B K Watkins; Emilia L Lim; Ali M Al-Rashed; Danny Lang; James Clements; Daniel E Cook; Rachel Rosenthal; Gareth A Wilson; Alexander M Frankell; Sophie de Carné Trécesson; Philip East; Nnennaya Kanu; Kevin Litchfield; Nicolai J Birkbak; Allan Hackshaw; Stephan Beck; Peter Van Loo; Mariam Jamal-Hanjani; null null; Charles Swanton; Nicholas McGranahan,"Intratumour heterogeneity (ITH) fuels lung cancer evolution, which leads to immune evasion and resistance to therapy<sup>1</sup>. Here, using paired whole-exome and RNA sequencing data, we investigate intratumour transcriptomic diversity in 354 non-small cell lung cancer tumours from 347 out of the first 421 patients prospectively recruited into the TRACERx study<sup>2,3</sup>. Analyses of 947 tumour regions, representing both primary and metastatic disease, alongside 96 tumour-adjacent normal tissue samples implicate the transcriptome as a major source of phenotypic variation. Gene expression levels and ITH relate to patterns of positive and negative selection during tumour evolution. We observe frequent copy number-independent allele-specific expression that is linked to epigenomic dysfunction. Allele-specific expression can also result in genomic-transcriptomic parallel evolution, which converges on cancer gene disruption. We extract signatures of RNA single-base substitutions and link their aetiology to the activity of the RNA-editing enzymes ADAR and APOBEC3A, thereby revealing otherwise undetected ongoing APOBEC activity in tumours. Characterizing the transcriptomes of primary-metastatic tumour pairs, we combine multiple machine-learning approaches that leverage genomic and transcriptomic variables to link metastasis-seeding potential to the evolutionary context of mutations and increased proliferation within primary tumour regions. These results highlight the interplay between the genome and transcriptome in influencing ITH, lung cancer evolution and metastasis."
117-101-354-816-660,Correction: Hypoxia Drives Dihydropyrimidine Dehydrogenase Expression in Macrophages and Confers Chemoresistance in Colorectal Cancer.,Marie Malier; Khaldoun Gharzeddine; Marie-Hélène Laverriere; Sabrina Marsili; Fabienne Thomas; Magali Court; Thomas Decaens; Gael Roth; Arnaud Millet,International audience
117-204-426-226-435,Molecular Chaperones,Marissa V. Powers; Paul Workman,
118-024-871-890-05X,Correction: TNFRSF19 Inhibits TGFβ Signaling through Interaction with TGFβ Receptor Type 1 to Promote Tumorigenesis.,Chengcheng Deng; Yu-Xin Lin; Xue-Kang Qi; Gui-Ping He; Yuchen Zhang; Hao-Jiong Zhang; Miao Xu; Qi-Sheng Feng; Jin-Xin Bei; Yi-Xin Zeng; Lin Feng,"In the original version of this article (1), there was an error in Fig. 2E.Specifically, an image of primary tumor spheroid growth from WT HNE-1 cells was mistakenly used to represent secondary tumor growth in WT HNE-1 cells.The correct image has been provided, and the error has been corrected in the latest online HTML and PDF versions of this article.The authors regret this error."
118-331-622-703-831,Evolutionary characterization of lung adenocarcinoma morphology in TRACERx.,Takahiro Karasaki; David A Moore; Selvaraju Veeriah; Cristina Naceur-Lombardelli; Antonia Toncheva; Neil Magno; Sophia Ward; Maise Al Bakir; Thomas B K Watkins; Kristiana Grigoriadis; Ariana Huebner; Mark S Hill; Alexander M Frankell; Christopher Abbosh; Clare Puttick; Haoran Zhai; Francisco Gimeno-Valiente; Sadegh Saghafinia; Nnennaya Kanu; Michelle Dietzen; Oriol Pich; Emilia L Lim; Carlos Martínez-Ruiz; James R M Black; Dhruva Biswas; Brittany B Campbell; Claudia Lee; Emma Colliver; Katey S S Enfield; Sonya Hessey; Crispin T Hiley; Simone Zaccaria; Kevin Litchfield; Nicolai J Birkbak; Elizabeth Larose Cadieux; Jonas Demeulemeester; Peter Van Loo; Prasad S Adusumilli; Kay See Tan; Waseem Cheema; Francisco Sanchez-Vega; David R Jones; Natasha Rekhtman; William D Travis; Allan Hackshaw; Teresa Marafioti; Roberto Salgado; John Le Quesne; Andrew G Nicholson; null null; Nicholas McGranahan; Charles Swanton; Mariam Jamal-Hanjani,"Lung adenocarcinomas (LUADs) display a broad histological spectrum from low-grade lepidic tumors through to mid-grade acinar and papillary and high-grade solid, cribriform and micropapillary tumors. How morphology reflects tumor evolution and disease progression is poorly understood. Whole-exome sequencing data generated from 805 primary tumor regions and 121 paired metastatic samples across 248 LUADs from the TRACERx 421 cohort, together with RNA-sequencing data from 463 primary tumor regions, were integrated with detailed whole-tumor and regional histopathological analysis. Tumors with predominantly high-grade patterns showed increased chromosomal complexity, with higher burden of loss of heterozygosity and subclonal somatic copy number alterations. Individual regions in predominantly high-grade pattern tumors exhibited higher proliferation and lower clonal diversity, potentially reflecting large recent subclonal expansions. Co-occurrence of truncal loss of chromosomes 3p and 3q was enriched in predominantly low-/mid-grade tumors, while purely undifferentiated solid-pattern tumors had a higher frequency of truncal arm or focal 3q gains and SMARCA4 gene alterations compared with mixed-pattern tumors with a solid component, suggesting distinct evolutionary trajectories. Clonal evolution analysis revealed that tumors tend to evolve toward higher-grade patterns. The presence of micropapillary pattern and 'tumor spread through air spaces' were associated with intrathoracic recurrence, in contrast to the presence of solid/cribriform patterns, necrosis and preoperative circulating tumor DNA detection, which were associated with extra-thoracic recurrence. These data provide insights into the relationship between LUAD morphology, the underlying evolutionary genomic landscape, and clinical and anatomical relapse risk."
118-360-935-352-609,WITHDRAWN: 1968P MedSR (median short fragment ratio): A novel fragmentomics biomarker for predicting prognosis in advanced EGFR-mutant lung cancer,H. Li; Y. Fan; Z. Huang; L. Gong; Y. Xu; K. Chen; J. Qin; Y. Xu; J. Zhao; N. Han; W. Wang; F. Xie; B. Li; J. Qin,
118-402-950-362-197,Response,R. E. CURTIS; J. D. BOICE; null JR.; B. F. HANKEY; J. F. FRAUMENI; null JR.,
118-716-108-853-148,Correction: Surgical Stress Abrogates Pre-Existing Protective T Cell Mediated Anti-Tumor Immunity Leading to Postoperative Cancer Recurrence.,Abhirami A Ananth; Lee-Hwa Tai; Casey Lansdell; Almohanad A Alkayyal; Katherine E Baxter; Leonard Angka; Jiqing Zhang; Christiano Tanese de Souza; Kyle B Stephenson; Kelley Parato; Jonathan L Bramson; John C Bell; Brian D Lichty; Rebecca C Auer,[This corrects the article DOI: 10.1371/journal.pone.0155947.].
118-761-815-495-848,Reflections on Advances in Cancer Research in 2025.,Elsa Bernard; Isidro Cortés-Ciriano; Federico Gaiti; Siting Gan; Sizun Jiang; Marta Kovatcheva; Marlies Meisel; Nathan E Reticker-Flynn; Alison M Schram; Ofer Shoshani; Dana Silverbush; Varun Venkataramani; Clare E Weeden; Xin Zhou,
118-880-620-710-490,Editor's Note: Immortalization of Primary Human Prostate Epithelial Cells by c-Myc.,Jesús Gil; Preeti Kerai; Matilde Lleonart; David Bernard; Juan Cruz Cigudosa; Gordon Peters; Amancio Carnero; David Beach,We were informed by the authors that in Fig.
119-327-081-800-069,Characteristics of 1270 Chinese Sibling Pairs with Cancer,Ju Liu; Jian Yin; Yiwei Liu; Zhijian Xu; Kai Zhang,"<jats:title>Abstract</jats:title>;         <jats:p><jats:bold>Background</jats:bold>: Previous research found that the cancer history of an individual’s sibling may be a better indicator than that of the parents. We aim to provide recommendations for early screening for individuals whose sibling had been diagnosed with cancer. <jats:bold>Methods</jats:bold>: During the physical examination in Cancer Hospital, Chinese Academy of Medical Sciences, 43,300 people were asked if they have at least two siblings who developed cancer. Eligible participants were asked to fill out a survey and participate in interviews. <jats:bold>Results</jats:bold>: A total of 1270 sibling-pairs from 766 families developed cancer, including 367 pairs of brothers (Bro-pairs), 368 pairs of sisters (Sis-pairs), and 535 pairs of brother-and-sister (BroSis-pairs). The mean ages at diagnosis of cancer for the three groups were from 58 to 62 years. More than half of Bro-pairs (55.3%) or Sis-pairs (51.1%) had cancer from the same systemic origin, and more than a quarter of Bro-pairs (28.1%) and Sis-pairs (37.2%) developed the same type of cancer. However, only 36.0% of BroSis-pairs developed cancers from the same systemic origin, and 18.9% developed the same type of cancer. In Bro-pairs and BroSis-pairs, lung cancer and digestive system cancer were the most common cancers, while in Sis-pairs, breast cancer, lung cancer, cervical cancer, liver cancer and thyroid cancer the most common ones. <jats:bold>Conclusions</jats:bold>: If an individual’s sibling is diagnosed with cancer, the individual should be screened as soon as possible, especially for lung cancer and digestive system cancers for both sexes. For sisters, breast cancer, cervical cancer and thyroid cancer should be screened early. Additionally, genetic services are essential for individuals who have siblings with cancer.</jats:p>"
119-479-915-499-229,The impact of adjuvant therapy on contralateral breast cancer risk and the prognostic significance of contralateral breast cancer occurrence: A population-based study,Michael Schaapveld; Phb Willemse; Ege de Vries; Wta van der Graaf; Otto Visser; Marieke W. J. Louwman; Renée Otter; J.W.W. Coebergh; F.E. van Leeuwen,518 Purpose: To evaluate the impact of age and adjuvant therapy on contralateral invasive breast cancer (CBC) risk and the prognostic significance of CBC. Patients and Methods: The study included 3...
119-635-326-431-359,Correction: Nudix Hydrolase NUDT16 Regulates 53BP1 Protein by Reversing 53BP1 ADP-Ribosylation.,Fan Zhang; Lihong Lou; Bo Peng; Xiaotian Song; Ofer Reizes; Alexandru Almasan; Zihua Gong,"In the original version of this article (1), there was an error in Fig. 6D. Specifically, the image used to show the Coomassie blue staining was the same as the image used in Fig. 6E for the +IR condition. The correct figure has been provided, and the error has been corrected in the latest online HTML and PDF version of the article. The authors regret this error."
119-696-232-868-161,Re: Second Cancers After Adjuvant Tamoxifen Therapy for Breast Cancer,R. E. CURTIS; J. D. BOICE; D. A. SHRINER; B. F. HANKEY; J. F. FRAUMENI,"Notes Editor's note' SEER is a set of geographically defined, population-based central tumor registries in the United States, operated by local nonprofit organizations under contract to the National Cancer Institute (NCI). Each registry annually submits its cases to the NCI on a computer tape. These computer tapes are then edited by the NCI and made available for analysis."
119-724-015-574-365,Hepatic artery infusional chemotherapy for unresectable intrahepatic cholangiocarcinoma,R. Alessandris; M. Rousian; L. Schleimer; H. Kalvin; A. Cercek; L. Connell; J. Harding; E. O'Reilly; G. Abou-Alfa; B. Tan; A. Khan; N. Vachharajani; R. Fields; M. Doyle; K. Soares; T.P. Kingham; A. Wei; M. D'Angelica; M. Gönen; W. Chapman; N. Kemeny; W. Jarnagin; B. Groot Koerkamp,
119-899-743-817-681,Correction: Tumor Dynamic Model-Based Decision Support for Phase Ib/II Combination Studies: A Retrospective Assessment Based on Resampling of the Phase III Study IMpower150.,René Bruno; Mathilde Marchand; Kenta Yoshida; Phyllis Chan; Haocheng Li; Wei Zou; Francois Mercier; Pascal Chanu; Benjamin Wu; Anthony Lee; Chunze Li; Jin Y Jin; Michael L Maitland; Martin Reck; Mark A Socinski,"In the original version of this article (1), the authors stated that they calculated geometric mean ratios (GMR) in the text, tables, figures, and supplementary data; however, the published values were the ratios of medians (MedR). The labeling errors have been corrected in the latest online HTML and PDF versions of the article. The authors regret the errors."
120-157-325-775-880,Correction: Inhibition of NF-κB-Dependent Signaling Enhances Sensitivity and Overcomes Resistance to BET Inhibition in Uveal Melanoma.,Grazia Ambrosini; Catherine Do; Benjamin Tycko; Ronald B Realubit; Charles Karan; Elgilda Musi; Richard D Carvajal; Vivian Chua; Andrew E Aplin; Gary K Schwartz,
120-743-068-746-326,"NCCN Guidelines® Insights: Lung Cancer Screening, Version 1.2022.",Douglas E Wood; Ella A Kazerooni; Denise Aberle; Abigail Berman; Lisa M Brown; Georgie A Eapen; David S Ettinger; J Scott Ferguson; Lifang Hou; Dipen Kadaria; Donald Klippenstein; Rohit Kumar; Rudy P Lackner; Lorriana E Leard; Inga T Lennes; Ann N C Leung; Peter Mazzone; Robert E Merritt; David E Midthun; Mark Onaitis; Sudhakar Pipavath; Christie Pratt; Varun Puri; Dan Raz; Chakravarthy Reddy; Mary E Reid; Kim L Sandler; Jacob Sands; Matthew B Schabath; Jamie L Studts; Lynn Tanoue; Betty C Tong; William D Travis; Benjamin Wei; Kenneth Westover; Stephen C Yang; Beth McCullough; Miranda Hughes,The NCCN Guidelines for Lung Cancer Screening recommend criteria for selecting individuals for screening and provide recommendations for evaluation and follow-up of lung nodules found during initial and subsequent screening. These NCCN Guidelines Insights focus on recent updates to the NCCN Guidelines for Lung Cancer Screening.
120-746-915-769-291,Supplementary Figures 1-5 from The Origins of Breast Cancer Prognostic Gene Expression Profiles,Luanne Lukes; Nigel P.S. Crawford; Renard Walker; Kent W. Hunter,<jats:p>Supplementary Figures 1-5 from The Origins of Breast Cancer Prognostic Gene Expression Profiles</jats:p>
120-860-718-290-707,Editor's Note: Targeting Activating Transcription Factor 3 by Galectin-9 Induces Apoptosis and Overcomes Various Types of Treatment Resistance in Chronic Myelogenous Leukemia.,Junya Kuroda; Mio Yamamoto; Hisao Nagoshi; Tsutomu Kobayashi; Nana Sasaki; Yuji Shimura; Shigeo Horiike; Shinya Kimura; Akira Yamauchi; Mitsuomi Hirashima; Masafumi Taniwaki,
120-914-525-257-530,ASO Visual Abstract: Clinical Usefulness of Postoperative Serum Carcinoembryonic Antigen in Patients with Colorectal Cancer with Liver Metastases,Koichiro Yoshino; Hiroki Osumi; Hiromichi Ito; Daisaku Kamiimabeppu; Akira Ooki; Takeru Wakatsuki; Keitaro Shimozaki; Izuma Nakayama; Mariko Ogura; Daisuke Takahari; Keisho Chin; Atsushi Oba; Yoshihiro Ono; Takafumi Sato; Yosuke Inoue; Yu Takahashi; Kensei Yamaguchi; Eiji Shinozaki,
121-016-334-346-794,Mechanisms of topoisomerase I inhibition by anticancer drugs,Yves Pommier; Juana Barceló; Takahisa Furuta; Haruyuki Takemura; Olivier Sordet,
121-051-112-801-812,A phase II trial of BAY 43–9006 in metastatic melanoma with molecularly characterized B-Raf status,E. Hardin; Anna C. Pavlick; Leonard Liebes; Iman Osman; Anne Hamilton; J. Soon; David Polsky; Kent Friedman; John Wright; F. Muggia,8046 Background: BAY 43–9006 is a multikinase inhibitor. The RAS/BRAF/MEK/MAPK pathway (pw) is a major pw for transmitting extracellular growth factor signals to the nucleus. Activating mutations i...
121-513-631-318-586,Investigating the genomic landscape of mouse models of breast cancer metastasis,Christina Ross; Karol Szczepanek; Jack D. Sanford; Tinghu Qiu; Larry V. Pearce; Kent W. Hunter,"Metastasis remains a major cause of cancer mortality. AbstractThis study, expanding upon previous findings in the MMTV-PyMT model, investigated four independent mouse models, representing luminal (MMTV-PyMT, MMTV-Myc), HER2-amplified (MMTV-Her2) and triple negative (C3(1)TAg) breast cancer subtypes. Consistent with previous results, limited evidence for metastasis-associated somatic point mutations was found for all models. We also found that oncogenic drivers significantly influenced the number and size of metastasis-specific copy number variations (MSCNVs), but common driver-independent MSCNVs were rare. Furthermore, analyzing a cohort with varying genetic backgrounds while maintaining a constant oncogenic driver (PyMT) revealed that genetic background profoundly impacts MSCNVs. Transcriptome analysis demonstrated that oncogenic drivers strongly shaped metastasis-specific gene expression (MSGE), with each driver exhibiting distinct expression profiles. In contrast, MSGE in the PyMT-F1 cohort was more variable across strains. Despite the diversity of MSCNV and MSGE, functional analysis revealed that both mechanisms converge on the modulation of key cellular processes, including immune responses, metabolism, and extracellular matrix interactions. These findings emphasize the complex interplay between oncogenic drivers and genetic background in shaping the genomic and transcriptional landscapes of metastatic lesions."
121-532-089-226-801,Retraction: Collagen Prolyl Hydroxylases Are Essential for Breast Cancer Metastasis.,Daniele M Gilkes; Pallavi Chaturvedi; Saumendra Bajpai; Carmen C Wong; Hong Wei; Stephen Pitcairn; Maimon E Hubbi; Denis Wirtz; Gregg L Semenza,
121-938-594-721-627,RNA allelic frequencies of somatic mutations encode substantial functional information in cancers,James R.M. Black; Thomas P. Jones; Carlos Martínez-Ruiz; Maria Litovchenko; Clare Puttick; Nicholas McGranahan,"<jats:title>Abstract</jats:title>;                 <jats:p>;                   A central goal of cancer research is the identification of cancer genes that drive tumour growth and progression. Existing approaches to this problem typically leverage frequentist approaches based on patterns of somatic mutagenesis in DNA. Here, we interrogate RNA variant allele frequencies to identify putative cancer genes with a novel computational tool,;                   <jats:italic>RVdriver</jats:italic>;                   , from bulk genomic-transcriptomic data within 7,948 paired exomes and transcriptomes across 30 cancer types. An elevated RNA VAF reflects a signal from multiple biological features: clonal mutations; mutations retained or gained during somatic copy-number alterations; mutations favoured by allele-specific expression; and mutations in genes expressed preferentially by the tumour compartment of admixed bulk samples.;                   <jats:italic>RVdriver</jats:italic>;                   , a statistical approach that classifies RNA VAFs of nonsynonymous mutations relative to a synonymous mutation background, leverages this information to identify known, as well as putatively novel, cancer genes, with comparable performance to DNA-based approaches. Furthermore, we demonstrate RNA VAFs of individual mutations are able to distinguish ‘driver’ from ‘passenger’ mutations within established cancer genes. Low-RNA VAF;                   <jats:italic>EGFR</jats:italic>;                   mutations otherwise annotated as drivers of glioblastoma by DNA tools harbour a phenotype of reduced EGFR signalling, whilst high-RNA VAF;                   <jats:italic>KDM6A</jats:italic>;                   mutations otherwise annotated as passengers exhibit a driver-like H3K27me3 expression profile, demonstrating the value of our approach in phenotyping tumours. Overall, our study showcases a novel approach for cancer gene discovery, and highlights the potential value of multi-omic and systems-biology approaches in finding novel therapeutic vulnerabilities in cancer to bring about patient benefit.;                 </jats:p>"
122-573-695-228-222,Mapping of Lymph Node Metastasis and Efficacy Index in Thoracic Esophageal Squamous Cell Carcinoma: A Large-Scale Retrospective Analysis.,Kexun Li; Xin Nie; Changding Li; Wenwu He; Chenghao Wang; Kunyi Du; Kunzhi Li; Kun Liu; Zhiyu Li; Simiao Lu; Kunhan Ni; Yixuan Huang; Longlin Jiang; Kangning Wang; Haojun Li; Qiang Fang; Wenguang Xiao; Yongtao Han; Xuefeng Leng; Lin Peng,"<AbstractText Label=""BACKGROUND"" NlmCategory=""BACKGROUND"">Esophageal squamous cell carcinoma has a high mortality rate in China. The metastatic pattern in the lymph nodes and the value of their dissection on the overall survival of these patients remain controversial. The primary aim of this study was to provide a basis for accurate staging of esophageal cancer and to identify the relationship between esophageal cancer surgery, lymph node dissection, and overall survival rates.</AbstractText>;           <AbstractText Label=""METHODS"" NlmCategory=""METHODS"">We utilized our hospital database to retrospectively review the data of 1727 patients with esophageal cancer who underwent R0 esophagectomy from January 2010 to December 2017. The lymph nodes were defined according to Japanese Classification of Esophageal Cancer, 11th Edition. The Efficacy Index (EI) was calculated by multiplying the frequency (%) of metastases to a zone and the 5-year survival rate (%) of patients with metastases to that zone, and then dividing by 100.</AbstractText>;           <AbstractText Label=""RESULTS"" NlmCategory=""RESULTS"">The EI was high in the supraclavicular and mediastinal zones in patients with upper esophageal tumors, and the EI of 101R was 17.39, which was the highest among the lymph node stations. In patients with middle esophageal tumors, the EI was highest in the mediastinal zone, followed by the celiac and supraclavicular zones. Furthermore, the EI was highest in the celiac zone, followed by the mediastinal zones in patients with lower esophageal tumors.</AbstractText>;           <AbstractText Label=""CONCLUSIONS"" NlmCategory=""CONCLUSIONS"">The EI of resected lymph nodes was found to vary between stations and was related to the primary location of the tumor.</AbstractText>;           <CopyrightInformation>© 2023. Society of Surgical Oncology.</CopyrightInformation>"
122-718-766-828-060,NOS2 and COX2 Blockade Limits TNBC Disease Progression and Alters CD8 T Cell Spatial Orientation and Density,David  A. Wink; Veena Somasundaram; Lisa  A. Ridnour; Robert  YS Cheng; Abigail  J. Walke; Kedei Noemi; Dibyangana  D. Bhattacharyya; Adelaide  L. Wink; Elijah  F. Edmondson; Donna Butcher; Warner  C. Andrew; Tiffany Dorsey; David  A. Scheiblin; Heinz William; Richard  J. Bryant; Robert  J. Kinders; Stan Lipkowitz; Stephen  TC Wong; Milind Pore; Stephen  M. Hewitt; Daniel  w. McVicar; Stephen  K. Anderson; Jenny  C. Chang; Sharon  A. Glynn; Stefan Ambs; Stephen Lockett,
122-819-424-707-763,"MA08.09 SMARCA4 deficient Thoracic Tumors: Clinicopathological, Molecular Characteristics and Optimal Therapeutics Methods",L. Pang; M. Shi; H. Zhou; S. Mo; W. Zhuang; J. Liu; D. Sun; W. Fang; L. Zhang,
122-946-397-803-451,"Structure-Based Design of Orally Bioavailable 1H-Pyrrolo[3,2-c]pyridine Inhibitors of Mitotic Kinase Monopolar Spindle 1 (MPS1)",Sébastien Naud; Isaac M. Westwood; Amir Faisal; Peter Sheldrake; Vassilios Bavetsias; Butrus Atrash; Kwai-Ming J. Cheung; Manjuan Liu; Angela Hayes; Jessica Schmitt; Amy Wood; Vanessa Choi; Kathy Boxall; Grace Mak; Mark D. Gurden; Melanie Valenti; Alexis De Haven Brandon; Alan T. Henley; Ross Baker; Craig McAndrew; Berry Matijssen; Rosemary Burke; Swen Hoelder; Suzanne A. Eccles; Florence I. Raynaud; Spiros Linardopoulos; Rob L. M. van Montfort; Julian Blagg,"The protein kinase MPS1 is a crucial component of the spindle assembly checkpoint signal and is aberrantly overexpressed in many human cancers. MPS1 is one of the top 25 genes overexpressed in tumors with chromosomal instability and aneuploidy. PTEN-deficient breast tumor cells are particularly dependent upon MPS1 for their survival, making it a target of significant interest in oncology. We report the discovery and optimization of potent and selective MPS1 inhibitors based on the 1H-pyrrolo[3,2-c]pyridine scaffold, guided by structure-based design and cellular characterization of MPS1 inhibition, leading to 65 (CCT251455). This potent and selective chemical tool stabilizes an inactive conformation of MPS1 with the activation loop ordered in a manner incompatible with ATP and substrate-peptide binding; it displays a favorable oral pharmacokinetic profile, shows dose-dependent inhibition of MPS1 in an HCT116 human tumor xenograft model, and is an attractive tool compound to elucidate further the therapeuti..."
123-354-346-844-453,"997P RC48 combined with anlotinib for HER2-variated advanced non-small cell lung cancer: A prospective, single-arm study",B. Shen; B. Feng; Y. Wu; B. Pan; Y. Shi; Y. Chen,
123-458-896-286-157,Cancer incidence and incidence rates in Japan in 2006: based on data from 15 population-based cancer registries in the monitoring of cancer incidence in Japan (MCIJ) project.,Tomohiro Matsuda; Tomomi Marugame; Ken-Ichi Kamo; Kota Katanoda; Wakiko Ajiki; Tomotaka Sobue; null null,"The Japan Cancer Surveillance Research Group estimated the cancer incidence in 2006 as part of the Monitoring of Cancer Incidence in Japan (MCIJ) project, on the basis of data collected from 15 of 32 population-based cancer registries. The total number of incidences in Japan for 2006 was estimated as 664 398 (C00-C96). The leading cancer site was stomach for men and breast for women. Age-standardized incidence rates remained at almost the same level as for the previous 3 years."
123-722-404-319-777,Identification of immune reconstitution and hematopoiesis restoration by scRNA-seq in bone marrow of multiple myeloma patients treated with high-dose melphalan following auto-HSCT.,Qian Li; Yaling Wang; Hongfeng Yuan; Qiaomei Cai; Lina Zhao; Li Lin; Shuang Gao; Lin Chen; Zhiying Zhang; Jing Ma; Su Liu; Zeng Cao; Haifeng Zhao; Yufei Wang; Shihui Li; Pan Lv; Huihui Zhang; Guowen Wang; Guang Yang; Xiaodong Zhang; Yafei Wang,
123-787-919-810-626,"Data from Preclinical Pharmacology, Antitumor Activity, and Development of Pharmacodynamic Markers for the Novel, Potent AKT Inhibitor CCT128930",Timothy A. Yap; Mike I. Walton; Lisa-Jane K. Hunter; Melanie Valenti; Alexis de Haven Brandon; Paul D. Eve; Ruth Ruddle; Simon P. Heaton; Alan Henley; Lisa Pickard; Gowri Vijayaraghavan; John J. Caldwell; Neil T. Thompson; Wynne Aherne; Florence I. Raynaud; Suzanne A. Eccles; Paul Workman; Ian Collins; Michelle D. Garrett,"<jats:p>&lt;div&gt;Abstract&lt;p&gt;AKT is frequently deregulated in cancer, making it an attractive anticancer drug target. CCT128930 is a novel ATP-competitive AKT inhibitor discovered using fragment- and structure-based approaches. It is a potent, advanced lead pyrrolopyrimidine compound exhibiting selectivity for AKT over PKA, achieved by targeting a single amino acid difference. CCT128930 exhibited marked antiproliferative activity and inhibited the phosphorylation of a range of AKT substrates in multiple tumor cell lines &lt;i&gt;in vitro&lt;/i&gt;, consistent with AKT inhibition. CCT128930 caused a G&lt;sub&gt;1&lt;/sub&gt; arrest in &lt;i&gt;PTEN&lt;/i&gt;-null U87MG human glioblastoma cells, consistent with AKT pathway blockade. Pharmacokinetic studies established that potentially active concentrations of CCT128930 could be achieved in human tumor xenografts. Furthermore, CCT128930 also blocked the phosphorylation of several downstream AKT biomarkers in U87MG tumor xenografts, indicating AKT inhibition &lt;i&gt;in vivo&lt;/i&gt;. Antitumor activity was observed with CCT128930 in U87MG and HER2-positive, &lt;i&gt;PIK3CA&lt;/i&gt;-mutant BT474 human breast cancer xenografts, consistent with its pharmacokinetic and pharmacodynamic properties. A quantitative immunofluorescence assay to measure the phosphorylation and total protein expression of the AKT substrate PRAS40 in hair follicles is presented. Significant decreases in pThr246 PRAS40 occurred in CCT128930-treated mouse whisker follicles &lt;i&gt;in vivo&lt;/i&gt; and human hair follicles treated &lt;i&gt;ex vivo&lt;/i&gt;, with minimal changes in total PRAS40. In conclusion, CCT128930 is a novel, selective, and potent AKT inhibitor that blocks AKT activity &lt;i&gt;in vitro&lt;/i&gt; and &lt;i&gt;in vivo&lt;/i&gt; and induces marked antitumor responses. We have also developed a novel biomarker assay for the inhibition of AKT in human hair follicles, which is currently being used in clinical trials. &lt;i&gt;Mol Cancer Ther; 10(2); 360–71. ©2010 AACR&lt;/i&gt;.&lt;/p&gt;&lt;/div&gt;</jats:p>"
123-895-995-581-472,Risk factors for breast cancer subtypes by race and ethnicity: A scoping review of the literature,Amber N. Hurson; Thomas U. Ahearn; Hela Koka; Brittany D. Jenkins; Alexandra R. Harris; Sylvia Roberts; Sharon Fan; Jamirra Franklin; Gisela Butera; Renske Keeman; Audrey Jung; Pooja Middha; Gretchen L. Gierach; Xiaohong R. Yang; Jenny Chang‐Claude; Rulla M. Tamimi; Melissa A. Troester; Elisa V. Bandera; Mustapha Abubakar; Marjanka K. Schmidt; Montserrat García‐Closas,"The literature supports etiologic heterogeneity by ER for some established risk factors that are consistent across race and ethnicity groups. However, in non-White populations evidence is limited. Larger, more comparable data in diverse populations is needed to better characterize breast cancer etiologic heterogeneity."
124-486-655-628-894,Stomach cancer burden in China: Epidemiology and prevention.,Xinxin Yan; Lin Lei; He Li; Maomao Cao; Fan Yang; Siyi He; Shaoli Zhang; Yi Teng; Qianru Li; Changfa Xia; Wanqing Chen,"In 2020, stomach cancer was the fifth most commonly diagnosed cancer and the fourth leading cause of cancer-related death worldwide. Due to the relatively huge population base and the poor survival rate, stomach cancer is still a threat in China, and accounts for nearly half of the cases worldwide. Fortunately, in China, the incidence and mortality rates of stomach cancer presented a declining trend owing to the change of individual life styles and the persistent efforts to prevent stomach cancer from the governments at all levels. <i>Helicobacter pylori</i> (<i>H. pylori</i>) infection, poor eating habits, smoking, history of gastrointestinal disorders, and family history of stomach cancer are the main risk factors for stomach cancer in China. As a result, by taking risk factors for stomach cancer into account, specific preventive measures, such as eradicating <i>H. pylori</i> and implementing stomach cancer screening projects, should be taken to better prevent and decrease the burden of stomach cancer."
124-897-063-712-300,Cancer and Cancer Care - Cancer and IntellectualDisability,Irene Tuffrey-Wijne,
125-007-173-267-809,Contents,Michael J. Mack; David A. Fullerton; James I. Fann; Elizabeth H. Stephens; Joseph A. Dearani; Douglas J. Mathisen; Ashraf A. Sabe; Edward Percy; Tsuyoshi Kaneko; Ryan Plichta; G. Chad Hughes; Sergio Pirola; Giorgio Mastroiacovo; Gianluigi Bisleri; Gianluca Polvani; Michael E. Bowdish; Richard S. D’Agostino; Vinod H. Thourani; Thomas A. Schwann; Carole Krohn; Nimesh D. Desai; David M. Shahian; Félix G. Fernández; Vinay Badhwar; Rachel L. Medbery; Andrzej S. Kosinski; Betty C. Tong; Anthony P. Furnary; Liqi Feng; Mark W. Onaitis; Daniel J. Boffa; Cameron D. Wright; Patricia A. Cowper; Jeffrey P. Jacobs; Joe B. Putnam; Robert Habib; William Z. Chancellor; J. Hunter Mehaffey; Raj Desai; Jared P. Beller; Rajesh Balkrishnan; Dustin M. Walters; Linda W. Martin; Yogesh Patel; Chadrick E. Denlinger; Richard Freeman; Kody Wyant; Anthony J. Ascioti; Vijay Nuthakki; Megan Dake; Jessica A. Ash; Gail Darling; Martin Tammem€ Agi; Heidi Schmidt; Daniel Buchanan; Yvonne Leung; Caitlin McGarry; Linda Rabeneck; Kalvin Lung; Paul Carroll; Patrik Rogalla; Jonathan Yeung; Deven C. Patel; Mark Berry; Prasha Bhandari; Leah M. Backhus; Shehzaib Raees; Winston Trope; Abraham Nash; Natalie S. Lui; Douglas Z. Liou; Joseph B. Shrager; Anapa Nauta; Délphine Mitilian; Amir Hanna; Olaf Mercier; Adrian Crutu; Dominique Fabre; Élie Fadel; James M. Clark; Benjamin D. Kozower; Andrew C. Chang; Stephen Broderick; Elizabeth A. David; Mark I. Block; Paul H. Schipper; Robert C. Welsh; Christopher W. Seder; Farhood Farjah; Lisa Brown; Melanie P. Subramanian; John M. Sahrmann; Katelin B. Nickel; Margaret A. Olsen; Michael M. Bottros; Brendan T. Heiden; Tara R. Semenkovich; Bryan F. Meyers; G. Alexander Patterson; Ruben G. Nava; Daniel Kreisel; Varun Puri; Martin Eichhorn; Daniela Gompelmann; Hans Hoffmann; Sascha Dreher; Katrin Hornemann; Johannes C. Haag; Konstantina Kontogianni; Claus Peter Heußel; H. Winter; Felix Herth; Ralf Eberhardt; Stephen R. Hazelrigg; Anita Nguyen; Hartzell V. Schaff; Steve R. Ommen; Bernard J. Gersh; Joseph Dphil; J. A. Dearani; Brian Geske; Rick Lahr; Vincent Chauvette; Philippe Demers; Kevin Lachapelle; Michael Chu; Franc ̧ois Dagenais; Joshua C. Grimm; J. Mark Erfe; S. Chris Malaisrie; Adin‐Cristian Andrei; Duc Thinh Pham; Andrei Churyla; Jane Kruse; Cynthia Piotter; Yao Xu; Patrick M. McCarthy; Heidi Reich; Danny Ramzy; James Witten; Emily Durbak; Penny L. Houghtaling; Shinya Unai; Eric E. Roselli; Faisal G. Bakaeen; Douglas R. Johnston; Lars G. Svensson; Wael A. Jaber; Eugene H. Blackstone; G€ Osta; Billie Pettersson; Neil Venardos; T. Brett Reece; Joseph C. Cleveland; Muhammad Aftab; Jay D. Pal; Jessica Y. Rove; George L. Hicks; Aya Saito; Hiraku Kumamaru; Hiroaki Miyata; Noboru Motomura; Augusto D’Onofrio; Chiara Tessari; Giulia Lorenzoni; Giorgia Cibin; Gianluca Martinelli; Francesco Alamanni; Marco Solinas; Massimo Massetti; Maurizio Merlo; Igor Vendramin; Marco Di Eusanio; Carmelo Mignosa; Domenico Mangino; Claudio Russo; Mauro Rinaldi; Davide Pacini; Loris Salvador; Carlo Antona; Daniele Maselli; Ruggero De Paulis; Giampaolo Luzi; Ottavio Alfieri; Carlo De Filippo; Michele Portoghese; Francesco Musumeci; Andrea Colli; Darío Gregori; Gino Gerosa; Rony Atoui; Fady Ebrahim; Kevin S. Saroka; John Mireau; Janet E. McElhaney; Gregory M. T. Hare; Zachary Obinna Enumah; R. Morton Bolman; Peter Zilla; Percy Boateng; Barry Wilson; Amit Kumar; Taweesak Chotivatanapong; Friedhelm Beyersdorf; José L. Pomar; Karen Sliwa; Jean-Luc Eisel; Joseph A. Dearani; Robert Higgins; Francesco Arlati; Giulia Mostardini; Alice Bonomi; Eleonora Penza; Alistair Royse; Rinaldo Bellomo; Colin Royse; Sandy Clarke‐Errey; Stuart Boggett; Thomas A. Kelly; Hugh S. Paterson; Nicholas Curcio; Monica Bennett; Katherine R. Hebeler; Ann Marie Warren; James R. Edgerton; Andrew Rosenbaum; Bradley Ternus; Siddharth Pahwa; John Mch; Alfredo Stulak; Sarah Clavell; Atta Schettle; Jacob C. Jentzer; Andreas Habertheuer; Thomas G. Gleason; Arman Kilic; John Schindler; Dustin Kliner; Valentino Bianco; Edgar Aranda‐Michel; James Brown; Catalin Toma; Suresh Muluktula; Ibrahim Sultan; Guglielmo Stefanelli; Fabrizio Pirro; Massimo Longo; Alessandro Bellisario; Luca Weltert; Nicholas R. Hess; Laura Seese; Suresh Mulukutla; Oscar C. Marroquin; Michael Fallert; Yisi Wang; Floyd Thoma; Meena Nathan; Eleonora I. Andrianova; Phillip S. Naimo; Tyson A. Fricke; Terry Robertson; Andrew Bullock; Johann Brink; Yves d’Udekem; Christian P. Brizard; Igor E. Konstantinov; Ziyad M. Binsalamah; Christopher Ibarra; Evan E. Edmunds; Athar M. Qureshi; Iki Adachi; Christopher A. Caldarone; Michiaki Imamura; E. Dean McKenzie; Jeffrey S. Heinle; Zachary A. Spigel; Oliver Chow; Monisha Sudarshan; Mark W. Maxfield; Ammara A. Watkins; Aaron Fleishman; Sidhu P. Gangadharan; Jatin Anand; Julie Doberne; Charles M. Wojnarski; Peter K. Smith; Brittany A. Zwischenberger; Chad Vigil; András Lassó; Reena M. Ghosh; Csaba Pintér; Alana Cianciulli; Hannah H. Nam; Ashraful Abid; Christian Herz; Christopher E. Mascio; Jonathan H. Chen; Stephanie Fuller; Kevin K. Whitehead; Matthew A. Jolley; Gavin Kane; Donald P. Orr; Jane Pears; Jonathan McGuinness; Aur Elien Moret; Matthieu Glorion; Elisabeth Gonin; Charlotte Longchampt; Édouard Sage; Alain Chapelier; Robert Williams; Meredith Coyle; Alain Chapelier; Robert Williams; Meredith Coyle; Yujiro Yokoyama; Hisato Md; M Takagi; Toshiki Phd; null Kuno; M Peter; null Rodgers-Fischl; Victor Md; M Ferraris; George Phd; null Makdisi; M Mph E ; Daokun Sun; null Mph; V Hartzell; null Schaff; Bernard Md; null Gersh; null Mbchb; Barry Dphil; Lei Borlaug; M Liu; Jianzhou Liu; Qi Miao; N Garrett; null Coyan; M Md; Luciana Fonseca; Da Silva; Jose Md; M Silva; Melita Viegas; Victor Md; M Morell; Mario Castro-Medina;  Information; null Postmaster; Bob Heiman; null Media; null Llc,
125-324-674-664-633,Candidate HPV-Specific T-Cells Expand in the Tumor Microenvironment During Chemoradiotherapy,Lauren E. Colbert; Molly B. El Alam; Erica Lynn; Julianna Edwards; Tatiana Karpinets; Xiaogang Wu; Bhavana V. Chapman; Travis T. Sims; Daniel Lin; Ramez Kouzy; Greyson Biegert; Andrea Y. Delgado Medrano; Adilene Olvera; K.V.H. Sastry; Patricia J. Eifel; Anuja Jhingran; Lilie L. Lin; Lois M. Ramondetta; Andrew Futreal; Amir A. Jazaeri; Kathleen M. Schmeler; Jingyan Yue; Aparna Mitra; Kyoko Yoshida-Court; Jennifer A. Wargo; Travis Solley; Venkatesh Hegde; Sita Nookala; Ananta V. Yanamandra; Stephanie Dorta-Estremera; Geena Mathew; Rohit Kavukuntla; Cassidy Papso; Mustapha Ahmed-Kaddar; Minsoo Kim; Jianhua Zhang; Alexandre Reuben; Emma B. Holliday; Bruce D. Minsky; Albert C. Koong; Eugene J. Koay; Prajnan Das; Cullen M. Taniguchi; Ann H. Klopp,"<title>Abstract</title>;         <p>Human papillomavirus (HPV) infection causes 600,000 new cancers worldwide each year. HPV-related cancers express the oncogenic proteins E6 and E7, which could serve as tumor-specific antigens. It is not known whether immunity to E6 and E7 evolves during chemoradiotherapy (CRT) or affects survival. We used functional T-cell assays to identify candidate HPV-specific T-cells and T- cell motifs common across 86 patients with HPV-related cancers. These HPV-specific clones and E7-related motifs expanded over the course of treatment, whereas non-HPV-specific T-cells did not. In HPV16+ patients, improved recurrence-free survival was associated with this HPV-responsive T-cell expansion during CRT.</p>"
125-339-894-160-711,Issue Information – Table of Contents,Anchit Khanna; John E. Pimanda; Benjamin Yeung; Jihang Yu; Xiaolong Yang; Andreas Gäumann; Friedemann Kiefer; Joachim Alfer; Sven A. Lang; Edward K. Geissler; Georg Breier; Ran Zhang; Xuehong Zhang; Kana Wu; Hongyu Wu; Qi Sun; Frank B. Hu; Jiali Han; Walter C. Willett; Edward L. Giovannucci; Humberto Parada; Mary S. Wolff; Lawrence S. Engel; Alexandra J. White; Sybil M. Eng; Rebecca J. Cleveland; Nikhil K. Khankari; Susan L. Teitelbaum; Alfred I. Neugut; Marilie D. Gammon; Martin C. S. Wong; Jessica Ching; Victor Chan; Thomas Y. Lam; Arthur K.C. Luk; Sunny H. Wong; Siew C. Ng; Vincent Wong; Simon S.M. Ng; Justin C.Y. Wu; Francis K.L. Chan; Joseph J.�Y. Sung; Dai Shimizu; Tsutomu Fujii; Satoshi Sueoka; Yuri Tanaka; Kazuhiro Ezaka; Hideki Takami; Haruyoshi Tanaka; Ryoji Hashimoto; Naoki Iwata; Daisuke Kobayashi; Chie Tanaka; Suguru Yamada; Goro Nakayama; Hiroyuki Sugimoto; Masahiko Koike; Michitaka Fujiwara; Yasuhiro Kodera; ; Wang; Nai-Ming Cheng; Li-Yu Lee; Yu-Hua Dean Fang; Joseph Tung-Chieh Chang; Din-Li Tsan; Shu-Hang Ng; Chun-Ta Liao; Lan-Yan Yang; Tzu-Chen Yen; A Stahler; V Heinemann; C Giessen-Jung; A Crispin; A Schalhorn; S Stintzing; L Fischer Von Weikersthal; U Vehling-Kaiser; M Stauch; D Quietzsch; S Held; J Einem; J Holch; J Neumann; T Kirchner; A Jung; Vinay Varadan; Sitharthan Kamalakaran; Hannah Gilmore; Nilanjana Banerjee; Angel Janevski; L Kristy; Nicole Miskimen; Ajay Williams; Anant Basavanhalli; Kimberly Madabhushi; Veerle Lezon-Geyda; Donald Bossuyt; Maysa Lannin; William Abu-Khalaf; Nevenka Sikov; Lyndsay Dimitrova; null Harris,"Although rice consumption per capita in the United States is low compared to Asian countries, the various types of rice eaten in the United States may contain elevated levels of arsenic, raising health concerns.This report explores possible relationships between rice consumption and cancer development.Analyses of data from the Nurses' Health Study, Nurses' Health Study II, and Health Professionals Follow-Up Study show that among U.S. men and women, neither total rice consumption nor white rice or brown rice consumption are associated with cancer.Measures of arsenic should be assessed in the context of rice consumption in future research."
125-614-555-533-169,Supplementary Data from A Nonconserved Histidine Residue on KRAS Drives Paralog Selectivity of the KRAS<sup>G12D</sup> Inhibitor MRTX1133,Miles A. Keats; John J.W. Han; Yeon-Hwa Lee; Chih-Shia Lee; Ji Luo,"<jats:p>&lt;p&gt;Supplementary discussion, supplementary tables and figures.&lt;/p&gt;</jats:p>"
125-706-030-403-386,Editor's Note: Mitochondrially Targeted p53 Has Tumor Suppressor Activities In vivo.,Flaminia Talos; Oleksi Petrenko; Patricio Mena; Ute M Moll,
125-770-389-852-600,Single nucleotide polymorphisms of ABCB1 (rs1128503) and ABCC2 (rs145008610) genes and its clinical impact in ER & PR positive breast cancer patients in a tertiary care hospital of India,T. Mistry; S. Ghosh; P. Sahoo; S. Mahata; R. Pal; S. Sarkar; T. Choudhury; N. Alam; S. Mandal; V.D. Nasare,
126-088-610-687-283,Cancer. Gynaecological cancers,Mhairi Donald,
126-407-360-360-928,Rare DNA repair gene mutations predispose to young onset and lethal prostate cancer in the UK,Rosalind Eeles; Daniel Leongamornlert; Edward Saunders; Sarah Wakerell; Ian Whitmore; Tokhir Dadaev; Clara Cieza-Borrella; Koveela Govindasami; Mark Brook; David Conti; Zsofia Kote-Jarai,
126-472-223-329-108,OP40CONTROL OF MIGRATION IN NORMAL AND GLIOMA NEURAL STEM CELLS BY THE STEM CELL FACTOR PROMYELOCYTIC LEUKAEMIA PROTEIN (PML),D. A. V. Amodeo; J. Henderson; Stefano Bartesaghi; Mikaella Vouri; Rozita Roshani; Sarah Oberndorfer; M Shaked-Rabi; David Dinsdale; Pierluigi Nicotera; Chris Jones; David Michod; Sebastian Brandner; Paolo Salomoni,
126-601-160-695-298,Development and Validation of a Noninvasive Risk Score Model for Liver Cirrhosis in At-Risk Alcohol Drinkers Without HBV/HCV Infection.,Yin Liu; Lan-Wei Guo; Hui-Fang Xu; Rui-Hua Kang; Li-Yang Zheng; Lu-Yao Zhang; Qiong Chen; Xi-Bin Sun; You-Lin Qiao; Shao-Kai Zhang,"<AbstractText>At-risk alcohol consumption is the established most important risk factor for cirrhosis in people without HBV/HCV infection. We aimed to develop and validate a simple and non-invasive tool for triaging cirrhosis risk in at-risk alcohol drinkers without HBV/HCV infection. A large-sample size, cross-sectional study within the framework of a population-based Cancer Screening Program in Urban China (CanSPUC) was conducted. Data on the liver cancer screening in Henan province, China were used. At-risk alcohol drinkers were those who currently drink one or more alcohol units per week for at least six months. A total of 6,581 eligible participants enrolled from October 1, 2013 to December 31, 2016 were included into the derivation dataset, and 2,096 eligible participants enrolled from January 1, 2017 to October 31, 2018 were included into the external validation dataset, respectively. Using the derivation dataset, a 20-point scale risk score model was developed, based on sex, education background, dietary intake of vegetables, dietary intake of roughage, smoking index, length of secondhand smoke exposure, history of fatty liver, history of diabetes, and first-degree family history of liver cancer. The model showed excellent discrimination (AUC  =  0.787; 95% CI, 0.7603-0.812) and calibration (Hosmer-Lemeshow test: P = 0.123) in the derivation dataset and an optimal cut-off value of 12 yield sensitivity of 61.3%, specificity of 82.7%. The model also had achieved similar performance in the external validation dataset. In conclusion, this model can be a practical tool to identify and triage population at high risk of cirrhosis in at-risk alcohol drinkers without HBV/HCV infection.</AbstractText>;           <AbstractText Label=""PREVENTION RELEVANCE"">The risk model we developed will not only be used as a practical tool to triage high risk groups for liver cirrhosis, but also have implications for public health measures, such as guidelines for the prevention of liver cancer, in at-risk alcohol drinkers without HBV/HCV infection.</AbstractText>;           <CopyrightInformation>©2022 American Association for Cancer Research.</CopyrightInformation>"
126-940-127-869-416,MO69-3 Pathological predictors of the response to platinum-based chemotherapy in pancreatobiliary neuroendocrine carcinoma,Takaaki Furukawa; Masato Ozaka; Manabu Takamatsu; Takeshi Okamoto; Takahiro Ishitsuka; Manabu Yamada; Hiroki Nakagawa; Takafumi Mie; Tsuyoshi Takeda; Akiyoshi Kasuga; Masato Matsuyama; Takashi Sasaki; Naoki Sasahira,
127-240-922-339-747,819 Towards Identifying Genetic Determinants of Radioresistant Prostate Cancer,Sumeyra Kartal; Shana Trostel; Anson Ku; Rosina Lis; Adam Sowalsky; Deborah Citrin,
127-389-778-682-780,Editor's Note: TRIM59 Promotes Gliomagenesis by Inhibiting TC45 Dephosphorylation of STAT3.,Youzhou Sang; Yanxin Li; Lina Song; Angel A Alvarez; Weiwei Zhang; Deguan Lv; Jianming Tang; Feng Liu; Zhijie Chang; Shigetsugu Hatakeyama; Bo Hu; Shi-Yuan Cheng; Haizhong Feng,
127-463-326-481-964,"Bladder cancer : biology, diagnosis, and management",Konstantinos N. Syrigos; Donald G. Skinner,Introduction Surgical anatomy of the bladder Epidemiology of bladder cancer Screening for bladder cancer Animal models for the study of bladder cancer Pathology of bladder cancer Biology of bladder cancer The role of adhesion molecules in bladder cancer pathology Clinical presentation and investigation of bladder cancer Prognostic factors in the management of invasive bladder cancer The management of superficial bladder cancer Surgical treatment of muscle-invasive bladder cancer Radiotherapy in the management of muscle-invasive bladder cancer Systemic chemotherapy of muscle-invasive bladder cancer Integration of cytotoxic chemotherapy into management of muscle-invasive bladder cancer Intravesical chemotherapy of bladder cancer Immunotherapy of bladder cancer Novel therapeutic strategies for bladder cancer Gene therapy of bladder cancer Locally induced hyperthermia in bladder cancer Alternative urinary resevoirs and conduits: state of the science Palliative care for patients with bladder cancer The role of the research nurse in the management of bladder cancer patients
127-476-185-194-285,T3 PARTIAL NEPHRECTOMIES VERSUS RADICAL NEPHRECTOMIES: ONCOLOGICAL OUTCOMES,Daniel Boaretto; Raghuram Reddy; Dianelis Gonzalez Pupo; Ronscardy Mondesir; Pushan Prabhakar; Arjun Pon Avudaiappan; Ahmed Eldefrawy; Murugesan Manoharan; Jorge Caso,
127-710-204-255-606,A phase II study of S-1 in patients with metastatic pancreatic cancer,Junji Furuse; Takuji Okusaka; Akihiro Funakoshi; Narikazu Boku; Kenji Yamao; S. Ohkawa; Hiroshi Saito,"4104 Background: The purpose of this study was to determine the efficacy and toxicity of S-1 in patients with metastatic pancreatic cancer. S-1, an oral anticancer agent, contains tegafur (FT: a pr..."
127-731-273-652-384,P20-2 Comparison of triweekly cisplatin regimens in adjuvant chemoradiotherapy for locally advanced head and neck cancer,Yu Fujiwara; Yasuyoshi Sato; Naoki Fukuda; Naomi Hayashi; Xiaofei Wang; Kenji Nakano; Akihiro Ohmoto; Tetsuya Urasaki; Mayu Yunokawa; Makiko Ono; Junichi Tomomatsu; Takashi Toshiyasu; Hiroki Mitani; Shunji Takahashi,
128-042-217-438-597,Fundamental inorganic chemistry and cancer and inflammatory mechanism of NO. kinetic approach to revealing insights into Cancer and other diseases,David A. Wink; Leandro L. Coutinho; Robert Y.S. Cheng; Lisa A. Ridnour; Jon Fukuto,
128-313-898-203-41X,"NON-EXPOSURE SIMPLE SUTURING ENDOSCOPIC FULL-THICKNESS RESECTION (NESS-EFTR) WITH SENTINEL BASIN DISSECTION IN PATIENTS WITH EARLY GASTRIC CANCER, SENORITA 3 PILOT STUDY",CG Kim; BW Eom; MC Kook; HM Yoon; KW Ryu; YW Kim; JY Rho; Yi Kim; Jy Lee; IJ Choi,
128-318-025-395-54X,Global epidemiology of liver cancer 2022: An emphasis on geographic disparities.,Qianru Li; Chao Ding; Maomao Cao; Fan Yang; Xinxin Yan; Siyi He; Mengdi Cao; Shaoli Zhang; Yi Teng; Nuopei Tan; Jiachen Wang; Changfa Xia; Wanqing Chen,"<AbstractText Label=""BACKGROUND"" NlmCategory=""BACKGROUND"">Liver cancer remains the sixth most commonly diagnosed cancer and the third leading cause of cancer-related deaths worldwide, causing a heavy burden globally. An updated assessment of the global epidemiology of the liver cancer burden that addresses geographical disparities is necessary to better understand and promote healthcare delivery.</AbstractText>;           <AbstractText Label=""METHODS"" NlmCategory=""METHODS"">Data were extracted from the GLOBOCAN 2022 database, including the number, crude, and age-standardized rates of incidence and mortality at the global, country, continent, and human development index (HDI) regional levels. Age-standardized rates (incidence and mortality) per 100,000 person-years were adjusted based on the Segi-Doll World standard population. The mortality-to-incidence ratios (MIR) for each region and country were calculated. The HDI and gross national income (GNI) for 2022 were obtained, and a Pearson correlation analysis was conducted with the incidence, mortality, and MIR.</AbstractText>;           <AbstractText Label=""RESULTS"" NlmCategory=""RESULTS"">In 2022, approximately 866,136 new liver cancer cases and 758,725 related deaths were recorded worldwide, with a global MIR of 0.86. Males had a disproportionately higher burden than females across all levels, and the highest burden was observed in the elderly population. Geographically, the regions with the highest incidence rates included Micronesia, Eastern Asia, and Northern Africa, and the regions with the highest mortality rates included Northern Africa, Southeastern Asia, Eastern Asia, and Micronesia. Notably, Mongolia had a strikingly high burden compared to other countries. The highest MIR was observed in North America and the lowest in Africa. Negative associations of HDI and GNI with liver cancer mortality and MIR were identified, irrespective of sex.</AbstractText>;           <AbstractText Label=""CONCLUSIONS"" NlmCategory=""CONCLUSIONS"">The current liver cancer burden underscores the presence of remarkable geographic heterogeneity, which is particularly evident across countries with varying HDI levels, highlighting the urgent need to prioritize health accessibility and availability to achieve health inequities.</AbstractText>;           <CopyrightInformation>Copyright © 2024 The Chinese Medical Association, produced by Wolters Kluwer, Inc. under the CC-BY-NC-ND license.</CopyrightInformation>"
128-496-563-662-213,Issue Information – Table of Contents,Elisa V. Bandera; Stephanie H. Fay; Edward L. Giovannucci; Michael F. Leitzmann; Rachel Marklew; Anne McTiernan; Amy Mullee; Isabelle Romieu; Inger Thune; Ricardo Uauy; Martin Wiseman; Antonella Zucchetto; Andrea Gini; Nitin Shivappa; James W. Ebert; Carmen Stocco; Dal Luigino; Silvia Maso; Diego Birri; Jerry Serraino; Mary L. Biggs; David R. Doody; Britton Trabert; Jacqueline R. Starr; Chu Chen; Stephen M. Schwartz; Stephen Schwartz,"Systemic inflammatory status has been reported to impact survival of prostate cancer (PCa) patients; however, evidence is lacking on whether the inflammatory potential of diet can influence prognosis. Here the authors used, for the first time, a novel, validated dietary indicator of the inflammatory potential of diet to investigate the prognosis of PCa patients. Among those with more aggressive disease, dietary inflammatory index (DII) scores were strongly associated with both all-cause and PCa-specific mortality in a retrospective cohort study. A diet modification to diminish the consumption of pro-inflammatory foods may represent an effective intervention to reduce mortality among PCa patients."
128-562-974-450-058,A novel anti-cancer DNA-alkylating Pyrrole-Imidazole polyamide by suppressing PD-L1 gene expression,Asuka Hattori; Kiriko Hiraoka; Jason Lin; Yoshinao Shinozaki; Hiroyuki Yoda; Takahiro Inoue; Takayoshi Watanabe; Atsushi Takatori; Nobuko Koshikawa; Hiroki Nagase,
128-734-592-744-622,Targeting Metabolic Programming in the Tumor Microenvironment,Jonathan M. Weiss; Erika M. Palmieri; Marieli Gonzalez-Cotto; Ian A. Bettencourt; Shilpa Kurian; Barry R. O’Keefe; Daniel W. McVicar,"In cancer, metabolic adaptations such as fatty acid oxidation are frequently associated with immune suppression, oxidative stress and tumor promotion. Using unbiased metabolomics and quantitative PCR, we found that itaconate, the product of the decarboxylation of cis-aconitate, was among the most highly upregulated metabolites in tumor-associated macrophages of the peritoneal space. We show that itaconate is important for fatty acid beta-oxidation promotion of oxidative phosphorylation and generation of mitochondrial reactive oxygen species in macrophages that facilitate tumor growth. Genetic interference with itaconate production confirms a pro-tumoral role for itaconate and highlight itaconate as a therapeutic target for oncology. To evaluate this, we screened a library of over 21,000 compounds using a high throughput primary screen to identify compounds capable of interacting with Irg1, the protein which catalyzes itaconate production. Inhibitory or activating activity was next confirmed by mass spectrometry using both in vitro reactions and cell-based assays. Finally, tumor-bearing mice were treated with the most promising candidate compounds. Using this approach, we identified multiple compounds capable of significantly reducing peritoneal tumor burden and are evaluating them for dependency on itaconate inhibition. Our findings reveal metabolic-based pathways which highlight the feasibility of using newly identified compounds for the treatment of peritoneal cancers."
129-011-713-947-213,"NCCN Guidelines® Insights: Lung Cancer Screening, Version 1.2025.",Douglas E Wood; Ella A Kazerooni; Denise R Aberle; Christine Argento; Jonathan Baines; Brian Boer; Lisa M Brown; Jessica Donington; Georgie A Eapen; J Scott Ferguson; Lifang Hou; Donald Klippenstein; Ana S Kolansky; Rohit Kumar; Lorriana E Leard; Ann N C Leung; Peter Mazzone; Robert E Merritt; Kim Norris; Mark Onaitis; Sudhakar Pipavath; Varun Puri; Dan Raz; Chakravarthy Reddy; Mary E Reid; Kim L Sandler; Jacob Sands; Matthew B Schabath; Catherine R Sears; Jamie L Studts; Lynn Tanoue; Amber L Thacker; Betty C Tong; William D Travis; Benjamin Wei; Kenneth Westover; Beth McCullough; Swathi Ramakrishnan,The NCCN Clinical Practice Guidelines in Oncology (NCCN Guidelines) for Lung Cancer Screening provide criteria for selecting individuals for screening and offer recommendations for evaluating and managing lung nodules detected during initial and subsequent annual screening. These NCCN Guidelines Insights focus on recent updates to the NCCN Guidelines for Lung Cancer Screening.
129-048-443-729-863,G1/S control and its deregulation in cancer,Jiri Bartek; Claudia Lukas; Claus Storgaard Sørensen; Eric Santoni-Rugiu; Jirina Bartkova; J Lukas,
129-078-177-183-905,cloneMap: a R package to visualise clonal heterogeneity,Alexander M Frankell; Emma Colliver; Nicholas Mcgranahan; Charles Swanton,"<jats:title>Abstract</jats:title>;                 <jats:p>;                   Genomic evolution and clonal heterogeneity in the soma are widespread and are involved in various pathologies with devastating consequences to human health, most prominently in neoplasia. Tools to interrogate and visualise the diversity of clonal populations in malignant or non-malignant tissues are currently lacking. cloneMap is a tool to represent clonal heterogeneity in a sample or set of samples, accounting for the clone size and phylogenetic relationships between clones. We apply cloneMap to several publicly available cancer sequencing datasets to demonstrate its ability to provide biological inferences of clonal heterogeneity. cloneMap is an R package available on github (;                   <jats:ext-link xmlns:xlink=""http://www.w3.org/1999/xlink"" ext-link-type=""uri"" xlink:href=""https://github.com/amf71/cloneMap"">https://github.com/amf71/cloneMap</jats:ext-link>;                   ).;                 </jats:p>"
129-161-362-479-625,EP.01.08 Lung Cancer in Elderly Patients: Insights From a Community Oncology Setting in Western India,K. Chaudhari; D. Pal; M. Randive; K. Jobanputra; A. Joshi; V. Maniar; P. Kalaskar; K. Joshi; U. Maheshwari; D. Morzaria; P. Kendre; A. Pathan; R. Dave; M. Mekha; N. Bayas; S. Bhosale; K. Tamkhane; N. Shirsi; R. Puranik; T. Patil,
129-513-304-735-041,Oncology Research Program,Ajay K. Gopal; Victor A. Chow,"The goal of the Highlights of the NCCN Oncology Research Program (ORP) is to provide readers with more information on the ORP, including studies currently accruing patients."
129-607-281-232-202,"Encyclopedic Tumor Analysis for Treatment of Advanced, Broadly Refractory Cancers: Interim Results from the RESILIENT Trial",Darshana Patil; Raj Nagarkar; Tim Crook; Vineet Datta; Anantbhushan Ranade; Amit Bhatt; Sagar Bhalerao; Sonal Dhande; Vijay Palwe; Shirsendu Roy; Prakash Pandit; Raymond Page; Ajay Srinivasan; Pradip Devhare; Pradip Fulmali; Sachin Apurwa; Sanket Patil; Sushant Pawar; Dadasaheb Akolkar,
129-900-265-761-609,Epidemiologic Studies in Cancer Prevention and Screening - Epidemiologic studies in cancer prevention and screening,Anthony B. Miller,Health promotion in cancer prevention.- Preventing cancer by ending tobacco use.- Prevention of occupationally-induced cancer.- The prospects for successful HPV vaccination for cervix and other cancers.- Prevention of cancers due to infection.- Applying physical activity in cancer prevention.- Cancer prevention in the United States.- The role of nutrition in cancer prevention.- Chemoprevention of cancer: from nutritional epidemiology to clinical trials.- The role of hormonal factors in cancer prevention.- Controlling environmental causes of cancer.- A historical moment: cancer prevention on the global health agenda.- Evidence-based cancer screening.- Comprehensive Cervical Cancer Control: Strategies and Guidelines.- Screening for cervical cancer.- Screening for colon polyps and cancer.- Screening for breast cancer.- Screening for prostate cancer.- Applying Cancer Screening in the context of a National Health Service.- Do international trends in cancer incidence and mortality reflect expectations from cancer prevention and screening?.- Using mathematical models to inform public policy for cancer prevention and screening.- Role of the oncologist in cancer prevention.- Integrating prevention and screening for lung cancer into clinical practice.- Early Detection of cancer in Asia (including Australasia).- Prevention and screening for cancer in primary health care.- What can we expect from cancer prevention and screening?.
130-092-862-660-876,Development of a Deep Learning Model for T1N0 Gastric Cancer Diagnosis Using 2.5D Radiomic Data in Preoperative CT Images,Jingli Xu; Jingyang He; Wujie Chen; Mengxuan Cao; Jiaqing Zhang; Qing Yang; Enze Li; Ruolan Zhang; Yahan Tong; Yanqiang Zhang; Chen Gao; Qianyu Zhao; Zhi-Yuan Xu; Lijing Wang; Xiangdong Cheng; GuoLiang Zheng; Siwei Pan; Can Hu,
130-385-764-029-174,P670: A collaborative model integrating clinical genetics and molecular pathology for tumor/normal paired whole exome sequencing testing,Yi Liu; Chimene Kesserwan; Mark Raffeld; Ina Lee; Antonios Papanicolau-Sengos; Frederic Barr; Stephen Hewitt; Liqiang Xi; Christina Ferrone; Svetlana Pack; Jung Kim; Manoj Tyagi; Hermi Mesfin; Grace-Ann Fasaye; Alexandra Lebensohn; Margarita Raygada; Kathleen Calzone; Kenneth Aldape,"Tumor/Normal paired whole exome sequencing (T/N-WES) testing permits the identification of actionable somatic variants for therapeutic decision-making, in addition to clinically significant germline variants. The identification of germline pathogenic/likely pathogenic (P/LP) variants associated with heritable conditions enables the development of a systematic management plan for the patient as well as cascade testing of at-risk relatives. However, limited resources in molecular labs specialized in the detection of somatic variants, including clinical data and personnel trained in clinical genetics, can impede germline variant curation and implementation of a comprehensive care plan."
130-499-095-909-128,POS-03.109: Simple and easy technique to prevent post-radical retropubic ptostatectomy inguinal hernia,Yasuhisa Fujii; Shinya Yamamoto; Junji Yonese; Satoru Kawakami; Yuhei Okubo; D. Suyama; Yoshinobu Komai; T. Kijima; Iwao Fukui,
130-559-753-309-32X,12PBET inhibitors induce apoptosis through ATAD2 suppression in AR positive triple negative breast cancer cells,Han-Kwang Yang; S.H. Shim; Keun Seok Lee; I.H. Park,
130-679-762-970-087,Correction: BICC1 drives pancreatic cancer progression by inducing VEGF-independent angiogenesis.,Chongbiao Huang; Hui Li; Yang Xu; Chao Xu; Huizhi Sun; Zengxun Li; Yi Ge; Hongwei Wang; Tiansuo Zhao; Song Gao; Xiuchao Wang; Shengyu Yang; Peiqing Sun; Zhe Liu; Jing Liu; Antao Chang; Jihui Hao,
130-689-626-830-513,Correction: Pharmacologic Activation of STING in the Bladder Induces Potent Antitumor Immunity in Non-Muscle Invasive Murine Bladder Cancer.,Kuan-Chun Huang; Dinesh Chandra; Shannon McGrath; Vaishali Dixit; Chi Zhang; Jiayi Wu; Karen Tendyke; Huilan Yao; Renee Hukkanen; Noel Taylor; David Verbel; Dae-Shik Kim; Atsushi Endo; Thomas A Noland; Yu Chen; Mark Matijevic; John Wang; Janna Hutz; Nadeem Sarwar; Francis G Fang; Xingfeng Bao,"In the original version of this article (1), the surname of the second author, Chandra, is incorrect. The name has been corrected in the latest online HTML and PDF versions of the article. The authors regret this error.No disclosures were reported."
130-797-834-756-416,Reinvigoration of translational activity in dysfunctional T cells initiates the early intratumoral response to PD-1 blockade,Paulien Kaptein; Nadine Slingerland; Anne M. van der Leun; Eline Runderkamp; Roos A. Wagensveld; S. Michael Chin; Janniek R. Mors; Mercedes Machuca-Ostos; Timm M. Reissig; Kelly D. Moynihan; Ivana M. Djuretic; Yik A. Yeung; Ton N. M. Schumacher; Daniela S. Thommen,"<jats:title>Abstract</jats:title>;                 <jats:p>;                   T cells are key effectors of antitumor responses elicited by PD-1 blockade. However, it remains elusive by which mechanism(s) PD-1 blockade initiates T cell-driven antitumor immunity in cancer tissues. Here, we dissect early T cell reactivation upon anti-PD-1 in patient-derived tumor fragments. Using bispecific antibodies to target anti-PD-1 to individual T cell subsets, we demonstrate that intratumoral CD8;                   <jats:sup>+</jats:sup>;                   and CD4;                   <jats:sup>+</jats:sup>;                   T cells can independently drive immune remodeling of the tumor microenvironment. The CD8;                   <jats:sup>+</jats:sup>;                   and CD4;                   <jats:sup>+</jats:sup>;                   T cells that respond to anti- PD-1 exhibit a shared dysfunctional gene program, characterized by tumor-reactivity, terminal exhaustion, effector capacity, and reduced translational activity. Notably, rather than acting through transcriptional rewiring, anti-PD-1 reinvigorates dysfunctional T cells by overcoming this translational barrier, resulting in restored effector function. Altogether, these results reveal dysfunctional T cells as initiators of early tissue responses to PD-1 blockade and identify a novel mode of their therapeutic reinvigoration through restoration of translational control.;                 </jats:p>;                 <jats:sec>;                   <jats:title>One Sentence Summary</jats:title>;                   <jats:p>Translational reactivation of tumor-residing dysfunctional T cells drives early intratumoral immune activity upon PD-1 blockade.</jats:p>;                 </jats:sec>"
130-909-419-864-448,Additional file 1 of Biliary obstruction and pancreatitis after duodenal stent placement in the descending duodenum: a retrospective study,Junichi Kaneko; Hirotoshi Ishiwatari; Koiku Asakura; Tatsunori Satoh; Junya Sato; Kazuma Ishikawa; Hiroyuki Matsubayashi; Yohei Yabuuchi; Yoshihiro Kishida; Masao Yoshida; Sayo Ito; Noboru Kawata; Kenichiro Imai; Kohei Takizawa; Kinichi Hotta; Hiroyuki Ono,Additional file 1. Database of this study.
130-987-906-092-725,Genome-Wide Association Studies of Cancer,Zsofia K. Stadler; Peter Thom; Mark E. Robson; Jeffrey N. Weitzel; Noah D. Kauff; Karen Hurley; Vincent Devlin; Bert Gold; Robert J. Klein; Kenneth Offit,"Knowledge of the inherited risk for cancer is an important component of preventive oncology. In addition to well-established syndromes of cancer predisposition, much remains to be discovered about the genetic variation underlying susceptibility to common malignancies. Increased knowledge about the human genome and advances in genotyping technology have made possible genome-wide association studies (GWAS) of human diseases. These studies have identified many important regions of genetic variation associated with an increased risk for human traits and diseases including cancer. Understanding the principles, major findings, and limitations of GWAS is becoming increasingly important for oncologists as dissemination of genomic risk tests directly to consumers is already occurring through commercial companies. GWAS have contributed to our understanding of the genetic basis of cancer and will shed light on biologic pathways and possible new strategies for targeted prevention. To date, however, the clinical utility of GWAS-derived risk markers remains limited."
131-584-777-217-420,Editor's Note: Identification of Src-Specific Phosphorylation Site on Focal Adhesion Kinase: Dissection of the Role of Src SH2 and Catalytic Functions and Their Consequences for Tumor Cell Behavior.,Valerie G Brunton; Egle Avizienyte; Valerie J Fincham; Bryan Serrels; Chester A Metcalf; Tomi K Sawyer; Margaret C Frame,"The editors are publishing this note to alert readers to concerns about this article (1). We were informed by the authors that in Fig. 6A, the same image showing phospho-FAK tyr-925 staining was used in error in both Fig. 6M (Vector) and Fig. 6P (SrcMF)."
131-705-333-016-482,MO45-3 The efficacy of osimertinib in patients with EGFR-positive non-small cell lung cancer with malignant pleural effusion,Ayu Kiritani; Yoshiaki Amino; Ken Uchibori; Takahiro Akita; Yuhei Harutani; Shinsuke Ogusu; Ryosuke Tsugitomi; Ryo Manabe; Ryo Ariyasu; Satoru Kitazono; Noriko Yanagitani; Makoto Nishio,
131-724-472-776-717,GRANULIAR CELL TUMORS OF THE ESOPHAGUS: AN ENDOSCOPIC STUDY,Yorinobu Satou; Fukuji Mochizuki; Akimichi Chonan; Toyohiko Yuki; Naotaka Fujita; Yutaka Noda; Atsuo Matsunaga; Masao Ando;  Tominaga; Mikiko Nomura; Takashi Ikeda,
131-973-422-143-732,Identification of critical factors of the replication stress response in human cells,Louise M.E. Janssen; Empar Baltasar Perez; Chantal Vaarting; Abdelghani Mazouzi; Matthijs Raaben; Thijn R. Brummelkamp; René H. Medema; Jonne A. Raaijmakers,"<jats:title>Abstract</jats:title>;                 <jats:p>High fidelity of replication is important to preserve genomic integrity and ensure healthy progeny. Perturbations of replication, also known as replication stress, is frequently observed in cancer cells and is considered a cancer cell-specific trait. Although replication stress drives genomic instability and tumor progression, it also generates a targetable cancer-specific vulnerability. In order to identify potential therapeutic targets in cancer cells that experience replication stress, we performed a genome wide genetic screen in human HAP1 cells challenged with low doses of replication stress-inducing drugs. We identified a large set of genes that specifically hamper cell survival in the context of replication stress. In addition to well-known players in the replication stress response and DNA repair, such as RNASEH1, BRIP1, and MDC1, we identified several genes with no prior described role in DNA replication, damage tolerance or repair. We validated that the loss of GIGYF2, HNRNPA2B1, and SUMO2 renders cells more vulnerable to replication stress. For GIGYF2 and SUMO2, we could implicate a role in homologous recombination. Taken together, our replication stress screen identified several known as well as some novel factors that protect against the toxic implications of replication stress. These factors could entail potential therapeutic targets for cancer cells experiencing replication stress.</jats:p>"
132-210-934-257-515,The prognosis of HER2/neu expression in axillary lymph node-negative breast cancer patients,G. Di; H.-C. Li; Yingyong Hou; J. Lu; Junlong Wu; G. Liu; Z. Shen; Z-M Shao,9653 Background:To evaluate the prognostic value of HER2/neu over-expression in node-negative patients. Methods:Specimens from the primary tumors of 137 axillary lymph node negative patients who un...
132-232-617-783-48X,ASO Visual Abstract: Conditional Relative Survival of Exocrine Pancreatic Cancer—A Population-Based Study,Mee Joo Kang; Johyun Ha; Hyeong Min Park; Sang-Jae Park; Kyu-Won Jung; Sung-Sik Han,
132-241-857-221-122,RETRACTED: Circulating tumor DNA status to direct adjuvant immunotherapy for mismatch repair deficient tumors,Yelena Janjigian; Melissa Lumish; Michael Foote; Fiona Socolow; Maggie Fox; Michal Segal; Amin Yaqubie; Marinela Capanu; Joanne Chou; Madison Darmofal; Steven Maron; Julio Garcia-Aguilar; Martin Weiser; Jason Konner; Vivian Strong; Elizabeth Jewell; Jennifer Mueller; Ping Gu; Rona Yaeger; Sree Chalasani; Andrea Cercek; Jia Li; Maliha Nusrat; Ryan Sugarman; David Jones; Daniela Molena; Avi Desai; David Ilson; Diane Reidy; Geoffrey Ku; Leonard Saltz; Neil Segal; Robin Guo; Angela Rose Brannon; Brian Loomis; Marc Ladanyi; Michael Berger; David Solit; Luis Diaz,"<title>Abstract</title>;         <p>21 March, 2025. This preprint was retracted at the authors' request due to a conflict with a conference embargo policy. Authors should verify embargo policies before posting to avoid post-publication removal.</p>"
132-374-851-152-938,Molecular Chaperones,Marissa V. Powers; Paul Workman,
132-431-544-184-911,"A Report of Cancer Incidence from 37 Cancer Registries in China, 2004",Lei Zheng-long,"[Purpose] To investigate the characteristics of cancer incidence in China from cancer registration data, 2004. [Methods] The data of all cancer new cases were collected from population-based cancer regis-tration database in 37 local cancer registries in China. The data were sorted, checked and analyzed accord-ing to ""China Cancer Registration Guideline""and ""Cancer Registration: Principles and Methods, IARC"". [Result] The total new cancer cases were 144262 with incidence of 250.03/105 in 2004. Cancer incidence in male was higher than that in female (278.93/105 and 220.39/105, respectively). Lung cancer was the most common cancer in cancer registration areas, followed by stomach cancer, liver cancer, esophageal cancer and breast cancer. In urban areas, the top 5 cancer sites were lung, stomach, breast, liver and colorectal, with overall incidence of 255.48/105(male 274.74/105, female 235.65/105). In rural areas, the top 5 cancer sites were stomach, esophagus, liver, lung and breast with overall incidence of 233.96/105(male 291.37/105, fe-male 175.79/105). [Conclusion] Lung cancer, stomach cancer, esophageal cancer, liver cancer, and breast cancer were the major cancers in cancer registration areas."
132-618-897-966-687,Deep Muscularis Propria Tumor Invasion Without Lymph Node Metastasis as a Unique Subclassification of Stage IB Gastric Cancer: A Retrospective Study,Kang He; Cheng Chen; Lei Xia; Lixiang Si; Xiaohua Pan; Zijian Sun; Yajing Wang; Yingying Jiang; Yue Shi; Bin Zhou; Shuaiyu Wang; Jing Han; Bo Shen; Guoren Zhou; Xiaohua Wang; Lu Jianwei,"<jats:title>Abstract</jats:title>;         <jats:p>Background; ; The prognosis difference based on the depth of tumor muscularis propria invasion in gastric cancer (GC) was still debated.; Methods; ; A total of 380 patients with pT2 GC after radical surgery were retrospectively analyzed, including 185 in superficial muscularis propria (sMP) group and 195 in deep muscularis propria (dMP) group.; Results; ; The overall survival (OS) was significantly better for patients in sMP group than for patients in dMP group (P=0.007). In multivariate analysis, depth of tumor invasion, pN stage, age, primary location, positive expression of p53, elevated maximal LDH, elevated initial CA19-9 and AFP level were independent prognostic factors for OS. The sMP group had a significantly better OS than dMP group (P=0.014) in pN0 stage. After further stratification, the survival outcomes were not significantly different between deep muscularis propria tumor invasion without lymph node metastasis (dMPN0) group (stage IB) and superficial muscularis propria tumor invasion with stage 1-2 lymph node metastasis (sMPN1-2) group (stage II) (P=0.100). Patients with adjuvant chemotherapy had a statistically better survival than those without in dMPN0 group (P=0.045) and dMPN0 patients with adjuvant chemotherapy had better OS than sMPN1-2 patients (P=0.015). In addition, greater postoperative survival could be observed in sMPN0 patients than dMPN0 patients in p53-positive group (P=0.002), and similar OS could be seen between dMPN0 patients with p53-positive and T2N1-2 patients (P=0.872).; Conclusion; ; As a unique subclassification of stage IB GC, appropriate adjuvant chemotherapy should be considered for patients with dMPN0 stage. In addition, positive expression of p53, elevated LDH could be potential factors in identifying the different prognoses for stage IB GC patients.</jats:p>"
132-864-223-628-167,"Cancer Statistics in Korea: Incidence, Mortality, Survival, and Prevalence in 2020.",Mee Joo Kang; Kyu-Won Jung; So Hyun Bang; Seo Hyun Choi; Eun Hye Park; E Hwa Yun; Hye-Jin Kim; Hyun-Joo Kong; Jeong-Soo Im; Hong Gwan Seo; null null,"<AbstractText Label=""PURPOSE"" NlmCategory=""OBJECTIVE"">The current study provides national cancer statistics and their secular trends in Korea, including incidence, mortality, survival, and prevalence in 2020.</AbstractText>;           <AbstractText Label=""Materials and Methods"" NlmCategory=""UNASSIGNED"">Incidence, survival, and prevalence rates of cancer were calculated using the Korea National Cancer Incidence Database, from 1999 to 2020, with survival follow-up until December 31, 2021. Deaths from cancer were assessed using causes-of-death data obtained from Statistics Korea.</AbstractText>;           <AbstractText Label=""RESULTS"" NlmCategory=""RESULTS"">The number of new cancer diagnoses in 2020 decreased by 9,218 cases (3.6%) compared to 2019. In 2020, newly diagnosed cancer cases and deaths from cancer were reported as 247,952 (age-standardized rate [ASR], 262.2 per 100,000) and 82,204 (ASR, 69.9 per 100,000), respectively. The overall cancer incidence rates increased by 3.3% annually from 1999 to 2012, and decreased by 5.0% annually from 2012 to 2015, thereafter, followed by nonsignificant changes. Cancer mortality rates have been decreasing since 2002, with more rapid decline in recent years. The 5-year relative survival between 2016 and 2020 was 71.5%, which contributed to prevalent cases reaching over 2.2 million in 2020.</AbstractText>;           <AbstractText Label=""CONCLUSION"" NlmCategory=""CONCLUSIONS"">In 2020, the number of newly diagnosed cancer patients decreased due to the coronavirus disease 2019 pandemic, but the overall trend is on the rise. Cancer survival rates have improved over the past decades. As the number of cancer survivors increases, a comprehensive cancer control strategy should be implemented in line with the changing aspects of cancer statistics. The long-term impact of the coronavirus disease 2019 pandemic on cancer statistics needs to be investigated in the future.</AbstractText>"
133-152-248-591-015,"Data used in the study ""mRNA vaccination boosts spike-specific T cell memory and promotes expansion of CD45RAint TEMRA-like CD8+ T cells in COVID-19 recovered individuals""",Koshlan Mayer-Blackwell; Amy Codd; Hugh MacMillan; Kristen W. Cohen; Terri Stewart; Aaron Seese; Maria Lemos; Stephen C. De Rosa; Julie Czartoski; Zoe Moodie; Long T. Nguyen; Donald J. McGuire; Rafi Ahmed; Andrew Fiore-Gartland; M. Juliana McElrath; Evan W. Newell,"Data associated with an original research study examining T cell responses to mRNA vaccination in COVID-19 recovered individuals. 10X Cell Ranger outputs, bulk TCR sequencing data, and T cell functional (ICS) data in this study have been deposited. Authors KMB and HR contributed equally to this effort. Address correspondence to EWN."
133-937-523-091-374,825P Successful steroid-sparing management of G-CSF-associated large-vessel vasculitis,Y. Morita; K. Takeda; H. Osumi; Y. Aoyama; N. Fukuda; K. Shimozaki; S. Udagawa; S. Fukuoka; M. Ogura; T. Wakatsuki; A. Ooki; K. Chin; E. Shinozaki; T. Shiga; K. Yamaguchi,
134-199-183-211-249,Effect of Mononuclear Cell Separation Using Blood Component Separators of Allogeneic Bone Marrow Transplantation from an Unrelated Donor,Minoru Kojima; Saori Nakabayashi; Noriko Takahashi; Hiromichi Matsushita; Kenjiro Saito; Satoshi Hatakeyama; Tetsuro Isobe; Shinpei Hiramatsu; Terumichi Akiike; Ryuichi Narita; Hidetomo Fukumoto; Keiko Irie; Nao Nishimura; Wataru Takeda; Tsuneaki Hirakawa; Jun Aoki; Ayumu Ito; Takashi Tanaka; Yoshihiro Inamoto; Saiko Kurosawa; Sung-Won Kim; Takahiro Fukuda,
134-458-230-799-967,Phase I study combining an IGFR inhibitor (IMC-A12) and an mTOR inhibitor (temsirolimus) in patients with solid tumors or lymphoma,Aung Naing; Patricia LoRusso; Gordon B. Mills; Donald A. Berry; Laurence A. Doyle; Eric M. Rohren; Angelika M. Burger; Huiqin Chen; Naifa L. Busaidy; R. Kurzrock,"e14535 Background: IMC-A12 is a fully humanized IgG1/ lambda monoclonal antibody directed at the type I Insulin-Like Growth Factor Receptor (IGF-IR). Temsirolimus, an ester of the macrocyclic immun..."
134-817-143-438-84X,Supplementary Figures from Combined CD44- and CD25-Targeted Near-Infrared Photoimmunotherapy Selectively Kills Cancer and Regulatory T Cells in Syngeneic Mouse Cancer Models,Yasuhiro Maruoka; Aki Furusawa; Ryuhei Okada; Fuyuki Inagaki; Daiki Fujimura; Hiroaki Wakiyama; Takuya Kato; Tadanobu Nagaya; Peter L. Choyke; Hisataka Kobayashi,<jats:p>&lt;p&gt;Supplementary figures 1 and 2&lt;/p&gt;</jats:p>
134-883-718-456-199,Insights into the Mechanisms and Structure of Breakage-Fusion-Bridge Cycles in Cervical Cancer using Long-Read Sequencing,Isabel Rodriguez; Nicole M. Rossi; Ayse Keskus; Yi Xie; Tanveer Ahmad; Asher Bryant; Hong Lou; Jesica Godinez Paredes; Rose Milano; Nina Rao; Sonam Tulsyan; Joseph F. Boland; Wen Luo; Jia Liu; Tim O’Hanlon; Jazmyn Bess; Vera Mukhina; Daria A. Gaykalova; Yuko Yuki; Laksh Malik; Kimberley J. Billingsley; Cornelis Blauwendraat; Mary Carrington; Meredith Yeager; Lisa Mirabello; Mikhail Kolmogorov; Michael Dean,"Cervical cancer is caused by human papillomavirus (HPV) infection, has few approved targeted therapeutics, and is the most common cause of cancer death in low-resource countries. We characterized 19 cervical and four head and neck cell lines using long-read DNA and RNA sequencing and identified the HPV types, HPV integration sites, chromosomal alterations, and cancer driver mutations. Structural variation analysis revealed telomeric deletions associated with DNA inversions resulting from breakage-fusion-bridge (BFB) cycles. BFB is a common mechanism of chromosomal alterations in cancer, and this is one of the first analyses of these events using long-read sequencing. Analysis of the inversion sites revealed staggered ends consistent with exonuclease digestion of the DNA after breakage. Some BFB events are complex, involving inter- or intra-chromosomal insertions or rearrangements. None of the BFB breakpoints had telomere sequences added to resolve the dicentric chromosomes and only one BFB breakpoint showed chromothripsis. Five cell lines have a Chr11q BFB event, with <i>YAP1/BIRC2/BIRC3</i> gene amplification. Indeed, <i>YAP1</i> amplification is associated with a 10-year earlier age of diagnosis of cervical cancer and is three times more common in African American women. This suggests that cervical cancer patients with <i>YAP1</i>/<i>BIRC2</i>/<i>BIRC3</i>-amplification, especially those of African American ancestry, might benefit from targeted therapy. In summary, we uncovered new insights into the mechanisms and consequences of BFB cycles in cervical cancer using long-read sequencing."
135-050-445-202-846,Primary extraskeletal myxoid chondrosarcoma of ovary with novel KIT mutation: A case report and literature review,Fang Liu; Jianbo Xiong; Yi Peng; Wen Li; Enle Zhou; Shanshan Zhong; Mingyang Li; Weiyang Jiang; Qingming Jiang,"<jats:title>Abstract</jats:title>;         <jats:p>Background;  Extraskeletal myxoid chondrosarcoma (EMC) is a rare malignant mesenchymal neoplasm of uncertain differentiation. Despite its name, this tumor type has no relationship to cartilage. Most tumors arise in deep soft tissue of the proximal extremities and limb girdles. The <jats:italic>KIT</jats:italic> mutation of this tumor is extremely rare and the ovary location as primary location has not been reported yet before.; Case presentation:;  We present a case of primary EMC of ovary with novel <jats:italic>KIT</jats:italic> mutation of a 54-year-old female. To the best of our knowledge, we report the first primary EMC of ovary and the fourth case with <jats:italic>KIT</jats:italic> mutation.; Conclusions;  With this case study we try to make a better understanding of tumor, lessen the diagnostic confusion by highlighting its rare location, and more importantly present substantial molecular data, which might help in providing more therapeutic opportunities in the future.</jats:p>"
135-464-897-680-312,Survival benefit and spatial properties of tertiary lymphoid structures in esophageal squamous cell carcinoma with neoadjuvant therapies.,Hui Huang; Gang Zhao; Tierun Wang; Yi You; Tian Zhang; Xi Chen; Jie Dong; Lei Gong; Xiaobin Shang; Fuliang Cao; Peng Tang; Hongjing Jiang; Ping Wang; Qingsong Pang; Cihui Yan; Wencheng Zhang,
135-534-337-758-303,Longitudinal Patient-Reported Outcomes after Minimally Invasive McKeown Esophagectomy for Patients with Esophageal Squamous Cell Carcinoma,Yan Miao; Xin Nie; Wen-Wu He; Chun-Yan Luo; Yan Xia; Ao-Ru Zhou; Si-Rui Wei; Cheng-Hao Wang; Qiang Fang; Lin Peng; Xue-Feng Leng; Yong-Tao Han; Lei Luo; Qin Xie,"<title>Abstract</title>;         <p>Purpose;  Surgery for esophageal squamous cell carcinoma (ESCC) is characterized by a poor prognosis and high complication rate, resulting in a heavy symptom burden and poor health-related quality of life (QOL). We evaluated longitudinal patient-reported outcomes (PROs) to analyze the correlations between symptoms and QOL and their changing characteristics during postoperative rehabilitation.; Methods;  We investigated patients with ESCC who underwent minimally invasive McKeown esophagectomy at the XXX between April 2019 and December 2019. Longitudinal data of the clinical characteristics and PROs were collected. The MD Anderson Symptom Inventory and European Organization for Research and Treatment of Cancer (EORTC) QOL questionnaires were used to assess symptoms and QOL and compare the trajectories of PROs during the investigation.; Results;  A total of 244 patients with ESCC were enrolled in this study. Regarding QOL, role and emotional functions returned to baseline at 1 month after surgery, and cognitive and social functions returned to baseline at 3 months after surgery. However, physical function and global QOL did not return to baseline at 1 year after surgery. At 7 days and 1, 3, 6, and 12 months after surgery, the main symptoms of the patients were negatively correlated with physical, role, emotional, cognitive, and social functions and the overall health status (P &lt; 0.05).; Conclusion;  Patients with ESCC experience reduced health-related QOL and persisting symptoms after minimally invasive McKeown esophagectomy, but a recovery trend was observed within 1 month. The long-term QOL after esophagectomy is acceptable.</p>"
136-169-430-057-45X,Elevating breast cancer care in India: A focus on quality of life,L. Busheri; D. Muknak; N. Athavale; S. Nare; G. Thomas; R. Alhat; R. Navgire; B. Varghese; M. Pai; C. Deshmukh; M. Munshi; U. Dhar; R. Mishra; D. Kelkar; S. Joshi; C. Koppiker,
136-439-577-089-891,"Fusion-negative rhabdomyosarcoma orthotopic tongue xenografts for study of invasion, intravasation and metastasis in live animals",Sarah Hammoudeh; Yeap Ng; Bih‐Rong Wei; Thomas D. Madsen; Richard J. Simpson; Roberto Weigert; Paul A. Randazzo; Paul A. Randazzo,"PAX3/7 Fusion-negative rhabdomyosarcoma (FN-RMS) is a childhood mesodermal lineage malignancy with a poor prognosis for metastatic or relapsed cases. Towards achieving a more complete understanding of advanced FN-RMS, we developed an orthotopic tongue xenograft model for studies of molecular basis of FN-RMS invasion and metastasis. The behavior of FN-RMS cells injected into murine tongue was examined using in vivo bioluminescence imaging, non-invasive intravital microscopy (IVM), and histopathology and compared to the prevailing hindlimb intramuscular and subcutaneous xenografts. FN-RMS cells were retained in the tongue and invaded locally into muscle mysial spaces and vascular lumen. While evidence of hematogenous dissemination to the lungs occurred in tongue and intramuscular xenografts, evidence of local invasion and lymphatic dissemination to lymph nodes only occurred in tongue xenografts. IVM and RNA-seq of tongue xenografts reveal shifts in cellular phenotype and differentiation state in tongue xenografts. IVM also shows homing to blood and lymphatic vessels, lymphatic intravasation, and dynamic membrane protrusions. Based on these findings, the tongue orthotopic xenograft of FN-RMS is a valuable model for tumor progression studies at the tissue, cellular and subcellular levels providing insight into kinetics and molecular bases of tumor invasion and metastasis and, hence, new therapeutic avenues for advanced FN-RMS."
136-550-575-875-552,"Knowledge, Awareness, and Attitudes Relating to the COVID-19 Pandemic Among Different Populations in Central China: Cross-Sectional Survey (Preprint)",Huifang Xu; Maria Jose Gonzalez Mendez; Lanwei Guo; Qiong Chen; Liyang Zheng; Peipei Chen; Xiaoqin Cao; Shuzheng Liu; Xibin Sun; Shaokai Zhang; Youlin Qiao,"<sec>;                     <title>BACKGROUND</title>;                         <p>The COVID-19 pandemic has threatened the health systems of many countries worldwide. Several studies have suggested that the pandemic affects not only physical health but also all aspects of society. A lot of information has been reported about the disease since the beginning of the outbreak. For that reason, it is essential to investigate the attitudes and level of knowledge and awareness that different populations had regarding COVID-19 during the critical period of the outbreak.</p>;                 </sec>;                                 <sec>;                     <title>OBJECTIVE</title>;                         <p>This study aimed to assess the knowledge and awareness of and attitudes toward the COVID-19 pandemic among different populations in Central China during the critical period of the outbreak.</p>;                 </sec>;                                 <sec>;                     <title>METHODS</title>;                         <p>A cross-sectional web-based survey was conducted in Central China from February to March 2020. The study participants included three different populations: medical workers, students, and those with other occupations. In this study, a questionnaire was designed to collect information on the following four aspects: sociodemographic information, knowledge related to COVID-19, awareness of COVID-19, and attitude toward COVID-19. The chi-square test and Fisher test were used for comparison among groups. The level of significance was set at &lt;i&gt;P&lt;/i&gt;&amp;lt;.05.</p>;                 </sec>;                                 <sec>;                     <title>RESULTS</title>;                         <p>This study enrolled a total of 508 participants. Among them, there were 380 students (74.8%), 39 medical workers (7.7%), and 89 people with other occupations (17.5%). Most of the participants were female (n=272, 53.5%), lived in rural areas (n=258, 50.8%), and were single (n=423, 86.9%). The majority of the respondents had attended college (n=454, 89.4%). Most of the participants said they had heard about COVID-19 by January, and most of them looked for information on social media (Sina Weibo, 84.7%), and WeChat and QQ groups (74.2%). The participants showed an adequate level of knowledge about COVID-19 with no significant differences among the groups. However, medical workers demonstrated a slightly advanced knowledge in their responses to professional questions such as the potential susceptible population, possible host, treatment of COVID-19, and disease category. A higher proportion of medical workers (71.8%) and those in the other occupations group (52.8%) were highly concerned about the COVID-19 pandemic. More than 43% of the participants stated that the lockdown of their village/city had a significant impact on their lives. Nevertheless, the majority of respondents had an overall optimistic attitude toward the control of the disease (92.1% of students [n=350], 94.9% of medical workers [n=37], and 92.3% of those in other occupations [n=83]).</p>;                 </sec>;                                 <sec>;                     <title>CONCLUSIONS</title>;                         <p>All three groups reported an adequate background knowledge about COVID-19 but medical workers showed a slightly advanced knowledge in their responses to professional questions. Most of the participants were highly concerned about COVID-19 during the critical period of the outbreak. The majority of respondents declared that the village/city lockdown policy had a significant impact on their daily life but most of them held an optimistic attitude toward the control of COVID-19.</p>;                 </sec>"
136-611-025-770-998,Plasma CXCL14 as a Candidate Biomarker for the Diagnosis of Lung Cancer.,Peng-Fei Tian; Yu-Chen Ma; Dong-Sheng Yue; Fan Liang; Chen-Guang Li; Chen Chen; Hua Zhang; Xiao-Yan Sun; Wu-Hao Huang; Zhen-Fa Zhang; Guang-Biao Zhou; Gui-Zhen Wang; Bin Zhang; Chang-Li Wang,"<AbstractText Label=""Background"" NlmCategory=""UNASSIGNED"">Effective biomarkers for early diagnosis of lung cancer are needed. Previous studies have indicated positive associations between abnormal circulating cytokines and the etiology of lung cancer.</AbstractText>;           <AbstractText Label=""Methods"" NlmCategory=""UNASSIGNED"">Blood samples were obtained from 286 patients with pretreatment lung cancer and 80 healthy volunteers. Circulating cytokine levels were detected with a Luminex assay and enzyme-linked immunosorbent assay (ELISA). Urine samples were obtained from 284 patients and 122 healthy volunteers. CXC chemokine ligand 14 (CXCL14) expression in tumors and nontumor regions of lung tissues from 133 lung cancer cases was detected by immunohistochemical (IHC) staining and immunofluorescence (IF) staining of formalin fixed paraffin-embedded (FFPE) tissues.</AbstractText>;           <AbstractText Label=""Results"" NlmCategory=""UNASSIGNED"">Compared with healthy volunteers, a 65.7-fold increase was observed in the level of CXCL14 in the plasma of lung cancer patients, and a 1.7-fold increase was observed in the level of CXCL14 in the urine of lung cancer patients, achieving a 0.9464 AUC (area under the curve) value and a 0.6476 AUC value for differentiating between lung cancer patients and healthy volunteers, respectively. Stromal CXCL14 expression was significantly associated with advanced pathologic stage (<i>P</i>&lt;0.001), pathologic N stage (<i>P</i>&lt;0.001), and recurrence and metastasis (<i>P</i>=0.014). Moreover, multivariate analysis suggested stromal CXCL14 expression as an independent predictor of DFS and OS.</AbstractText>;           <AbstractText Label=""Conclusions"" NlmCategory=""UNASSIGNED"">Our study demonstrates that CXCL14 might serve as a potential diagnostic and prognostic biomarker in patients with lung cancer.</AbstractText>;           <AbstractText Label=""Impact"" NlmCategory=""UNASSIGNED"">CXCL14 might serve as a potential diagnostic and prognostic biomarker in patients with lung cancer.</AbstractText>;           <CopyrightInformation>Copyright © 2022 Tian, Ma, Yue, Liang, Li, Chen, Zhang, Sun, Huang, Zhang, Zhou, Wang, Zhang and Wang.</CopyrightInformation>"
136-825-315-585-997,Salvage Robotic Deloyers Procedure With Transanal Total Mesorectal Excision for Symptomatic Colovaginal Fistula.,Morgan E Jones; Gregory A Turner; Amrish K S Rajkomar; Alexander G Heriot; Satish K Warrier,
136-900-957-651-535,"Correction: Sulforaphane, a Dietary Component of Broccoli/Broccoli Sprouts, Inhibits Breast Cancer Stem Cells.",Yanyan Li; Tao Zhang; Hasan Korkaya; Suling Liu; Hsiu-Fang Lee; Bryan Newman; Yanke Yu; Shawn G Clouthier; Steven J Schwartz; Max S Wicha; Duxin Sun,
137-328-858-092-717,Phase II study of gemcitabine chemotherapy alone for locally advanced pancreatic carcinoma: JCOG 0506,Hiroshi Ishii; Junji Furuse; Narikazu Boku; Takuji Okusaka; Masataka Ikeda; S. Ohkawa; Akira Fukutomi; Yasuo Hamamoto; Kenichi Nakamura; Haruhiko Fukuda,"e15578 Background: Fluorouracil (5-FU) chemoradiotherapy has been accepted as standard care for locally advanced pancreatic cancer (LAPC); however, it has not been shown to be superior to chemother..."
137-929-734-923-957,"Cohort profile: design and methods of the Chinese colorectal, breast, lung, liver, and stomach cancer screening trial (C-BLAST).",Yubei Huang; Zhangyan Lyu; Yu Zhang; Xiaomin Liu; Yacong Zhang; Ya Liu; Chao Sheng; Hongyuan Duan; Zeyu Fan; Chenyang Li; Xiao Lin; Zhuowei Feng; Lu Zheng; Zhaoxiang Ye; Hong Lu; Ying Zhu; Dejun Zhou; Xi Wei; Li Ren; Bin Meng; Fangfang Song; Fengju Song; Kexin Chen; null null,"Given the rapid changes in social structure (urbanization), economic structure (industrialization), and demographic structure (population aging) in China, cancer has become a major public health problem[1][1]. Extensive evidence has indicated that screening can decrease cancer mortality,"
138-047-089-351-686,Tumor-derived biomarkers beyond antigen expression enhance efficacy of CD276/B7H3 antibody-drug conjugate in metastatic prostate cancer,Supreet Agarwal; Lei Fang; Kerry McGowen; JuanJuan Yin; Joel Bowman; Anson T. Ku; Aian Neil Alilin; Eva Corey; Martine Roudier; Lawrence True; Ruthy Dumpit; Ilsa Coleman; John Lee; Peter S. Nelson; Brian J. Capaldo; Aida Mariani; Clare Hoover; Ilya S. Senatorov; Michael Beshiri; Adam G. Sowalsky; Elaine M Hurt; Kathleen Kelly,"<jats:title>Abstract</jats:title>;                 <jats:p>Antibody-drug conjugates (ADCs) are promising targeted cancer therapy; however, patient selection based solely on target antigen expression without consideration for cytotoxic payload vulnerabilities has plateaued clinical benefits. Biomarkers to capture patients who might benefit from specific ADCs have not been systematically determined for any cancer. We present a comprehensive therapeutic and biomarker analysis of a B7H3-ADC with pyrrolobenzodiazepine(PBD) payload in 26 treatment-resistant, metastatic prostate cancer(mPC) models. B7H3 is a tumor-specific surface protein widely expressed in mPC, and PBD is a DNA cross-linking agent. B7H3 expression was necessary but not sufficient for B7H3-PBD-ADC responsiveness. RB1 deficiency and/or replication stress, characteristics of poor prognosis, conferred sensitivity and were associated with complete tumor regression in both neuroendocrine (NEPC) and androgen receptor positive(ARPC) prostate cancer models, even with low B7H3 levels. Non-ARPC models, which are currently lacking efficacious treatment, demonstrated the highest replication stress and were most sensitive to treatment. In RB1 wild-type ARPC tumors, SLFN11 expression or select DNA repair mutations in SLFN11 non-expressors governed response. Significantly, wild-type TP53 predicted non-responsiveness (7/8 models). Overall, biomarker-focused selection of models led to high efficacy of in vivo treatment. These data enable a paradigm shift to biomarker-driven trial designs for maximizing clinical benefit of ADC therapies.</jats:p>"
138-197-958-109-730,"Expression of Concern: Application of Sequencing, Liquid Biopsies, and Patient-Derived Xenografts for Personalized Medicine in Melanoma.",Maria R Girotti; Gabriela Gremel; Rebecca Lee; Elena Galvani; Dominic Rothwell; Amaya Viros; Amit Kumar Mandal; Kok Haw Jonathan Lim; Grazia Saturno; Simon J Furney; Franziska Baenke; Malin Pedersen; Jane Rogan; Jacqueline Swan; Matthew Smith; Alberto Fusi; Deemesh Oudit; Nathalie Dhomen; Ged Brady; Paul Lorigan; Caroline Dive; Richard Marais,
138-569-183-423-12X,"Cancer Patients, Cancer Pathways - Cancer Patients, Cancer Pathways",Carsten Timmermann; Elizabeth Toon,
138-988-632-111-954,MO39-4 Efficacy and safety of trifluridine/tipiracil as a salvage-line treatment for patients with advanced gastric cancer,Koshiro Fukuda; Daisuke Takahari; Hiroki Osumi; Izuma Nakayama; Shota Fukuoka; Mariko Ogura; Akira Ooki; Takeru Wakatsuki; Keitaro Shimozaki; Koichiro Yoshino; Eiji Shinozaki; Keisho Chin; Kensei Yamaguchi,
139-159-336-273-981,Retraction Note: BICC1 drives pancreatic cancer progression by inducing VEGF-independent angiogenesis.,Chongbiao Huang; Hui Li; Yang Xu; Chao Xu; Huizhi Sun; Zengxun Li; Yi Ge; Hongwei Wang; Tiansuo Zhao; Song Gao; Xiuchao Wang; Shengyu Yang; Peiqing Sun; Zhe Liu; Jing Liu; Antao Chang; Jihui Hao,
139-597-102-296-275,"Discovering cell-active BCL6 inhibitors: effectively combining biochemical HTS with multiple biophysical techniques, X-ray crystallography and cell-based assays.",Olivier A Pierrat; Manjuan Liu; Gavin W Collie; Kartika Shetty; Matthew J Rodrigues; Yann-Vaï Le Bihan; Emma A Gunnell; P Craig McAndrew; Mark Stubbs; Martin G Rowlands; Norhakim Yahya; Erald Shehu; Rachel Talbot; Lisa Pickard; Benjamin R Bellenie; Kwai-Ming J Cheung; Ludovic Drouin; Paolo Innocenti; Hannah Woodward; Owen A Davis; Matthew G Lloyd; Ana Varela; Rosemary Huckvale; Fabio Broccatelli; Michael Carter; David Galiwango; Angela Hayes; Florence I Raynaud; Christopher Bryant; Steven Whittaker; Olivia W Rossanese; Swen Hoelder; Rosemary Burke; Rob L M van Montfort,"By suppressing gene transcription through the recruitment of corepressor proteins, B-cell lymphoma 6 (BCL6) protein controls a transcriptional network required for the formation and maintenance of B-cell germinal centres. As BCL6 deregulation is implicated in the development of Diffuse Large B-Cell Lymphoma, we sought to discover novel small molecule inhibitors that disrupt the BCL6-corepressor protein-protein interaction (PPI). Here we report our hit finding and compound optimisation strategies, which provide insight into the multi-faceted orthogonal approaches that are needed to tackle this challenging PPI with small molecule inhibitors. Using a 1536-well plate fluorescence polarisation high throughput screen we identified multiple hit series, which were followed up by hit confirmation using a thermal shift assay, surface plasmon resonance and ligand-observed NMR. We determined X-ray structures of BCL6 bound to compounds from nine different series, enabling a structure-based drug design approach to improve their weak biochemical potency. We developed a time-resolved fluorescence energy transfer biochemical assay and a nano bioluminescence resonance energy transfer cellular assay to monitor cellular activity during compound optimisation. This workflow led to the discovery of novel inhibitors with respective biochemical and cellular potencies (IC<sub>50s</sub>) in the sub-micromolar and low micromolar range."
139-709-339-531-329,Retraction: SSBP1 Suppresses TGFβ-Driven Epithelial-to-Mesenchymal Transition and Metastasis in Triple-Negative Breast Cancer by Regulating Mitochondrial Retrograde Signaling.,Hong-Lin Jiang; He-Fen Sun; Shui-Ping Gao; Liang-Dong Li; Sheng Huang; Xin Hu; Sheng Liu; Jiong Wu; Zhi-Ming Shao; Wei Jin,
139-902-684-916-937,Ultrasensitive ctDNA detection for preoperative disease stratification in early-stage lung adenocarcinoma.,James R M Black; Gabor Bartha; Charles W Abbott; Sean M Boyle; Takahiro Karasaki; Bailiang Li; Rui Chen; Jason Harris; Selvaraju Veeriah; Martina Colopi; Maise Al Bakir; Wing Kin Liu; John Lyle; Fábio C P Navarro; Josette Northcott; Rachel Marty Pyke; Mark S Hill; Kerstin Thol; Ariana Huebner; Chris Bailey; Emma C Colliver; Carlos Martínez-Ruiz; Kristiana Grigoriadis; Piotr Pawlik; David A Moore; Daniele Marinelli; Oliver G Shutkever; Cian Murphy; Monica Sivakumar; null null; Jacqui A Shaw; Allan Hackshaw; Nicholas McGranahan; Mariam Jamal-Hanjani; Alexander M Frankell; Richard O Chen; Charles Swanton,"Circulating tumor DNA (ctDNA) detection can predict clinical risk in early-stage tumors. However, clinical applications are constrained by the sensitivity of clinically validated ctDNA detection approaches. NeXT Personal is a whole-genome-based, tumor-informed platform that has been analytically validated for ultrasensitive ctDNA detection at 1-3 ppm of ctDNA with 99.9% specificity. Through an analysis of 171 patients with early-stage lung cancer from the TRACERx study, we detected ctDNA pre-operatively within 81% of patients with lung adenocarcinoma (LUAD), including 53% of those with pathological TNM (pTNM) stage I disease. ctDNA predicted worse clinical outcome, and patients with LUAD with <80 ppm preoperative ctDNA levels (the 95% limit of detection of a ctDNA detection approach previously published in TRACERx) experienced reduced overall survival compared with ctDNA-negative patients with LUAD. Although prospective studies are needed to confirm the clinical utility of the assay, these data show that our approach has the potential to improve disease stratification in early-stage LUADs."
140-104-435-408-21X,Supplementary Table 1 and Figure S1- S8 from Targeting the PI3K/AKT Pathway Overcomes Enzalutamide Resistance by Inhibiting Induction of the Glucocorticoid Receptor,Remi Adelaiye-Ogala; Berkley E. Gryder; Yen Thi Minh Nguyen; Aian Neil Alilin; Adlai R. Grayson; Wardah Bajwa; Keith H. Jansson; Michael L. Beshiri; Supreet Agarwal; Jose Antonio Rodriguez-Nieves; Brian Capaldo; Kathleen Kelly; David J. VanderWeele,<jats:p>&lt;p&gt;Supplementary Figure 1. Assessment of ipatasertib as single agent across models representing hormone sensitive PCa in vitro. Supplementary Figure 2. Assessment of ipatasertib on GR expression. Supplementary Figure 3. Western blot indicating effects of inhibitors on PI3K/AKT/mTOR signaling in LREX cell lines.Supplementary Figure 4. (A) Efficient knockdown of GR gene (NR3C1) and protein in LREX cells as indicated by qRT-PCR and western blot. Cell viability assay using LREX cells indicates no added effect when combining ipatasertib and enzalutamide compared to non silencing control following NR3C1 knockdown. (B) Quantitative RT-PCR and western blot indicating exogeneous overexpression of GR in engineered LNCAP and LREX cell lines. Cell viability assay indicates decreased response to ipatasertib in LNCaP and LREX cells overexpressing GR compared to control cells (Right panel). (C) 22RV1 cells have constitutively high GR expression that is not decreased with ipatasertib (right panel) and have marginal response to ipatasertib (left panel).&lt;/p&gt;</jats:p>
140-149-657-000-112,"A pan-cancer agent for screening, resection and wound monitoring via NIR and SWIR imaging",Benedict Mc Larney; Ali Yasin Sonay; Elana Apfelbaum; Nermin Mostafa; Sébastien Monette; Dana Goerzen; Nicole Aguirre; Elizabeth Isaac; Ngan B. Phung; Magdalena Skubal; Mijin Kim; Anuja Ogirala; Darren R. Veach; Daniel A. Heller; Jan Grimm,"Fluorescence guided surgery (FGS) facilitates real time tumor delineation and is being rapidly established clinically. FGS efficacy is tied to the utilized dye and provided tumor contrast over healthy tissue. Apoptosis, a cancer hallmark, is a desirable target for tumor delineation. Here, we preclinically in vitro and in vivo, validate an apoptosis sensitive commercial carbocyanine dye (CJ215), with absorption and emission spectra suitable for near infrared (NIR, 650-900nm) and shortwave infrared (SWIR, 900-1700nm) fluorescence imaging (NIRFI, SWIRFI). High contrast SWIRFI for solid tumor delineation is demonstrated in multiple murine and human models including breast, prostate, colon, fibrosarcoma and intraperitoneal colorectal metastasis. Organ necropsy and imaging highlighted renal clearance of CJ215. SWIRFI and CJ215 delineated all tumors under ambient lighting with a tumor-to-muscle ratio up to 100 and tumor-to-liver ratio up to 18, from 24 to 168 h post intravenous injection with minimal uptake in healthy organs. Additionally, SWIRFI and CJ215 achieved non-contact quantifiable wound monitoring through commercial bandages. CJ215 provides tumor screening, guided resection, and wound healing assessment compatible with existing and emerging clinical solutions."
140-263-499-113-304,"Correction: Phase I Trial of ALRN-6924, a Dual Inhibitor of MDMX and MDM2, in Patients with Solid Tumors and Lymphomas Bearing Wild-type TP53.",Mansoor N Saleh; Manish R Patel; Todd M Bauer; Sanjay Goel; Gerald S Falchook; Geoffrey I Shapiro; Ki Y Chung; Jeffrey R Infante; Robert M Conry; Guilherme Rabinowits; David S Hong; Judy S Wang; Ulrich Steidl; Loren D Walensky; Gurudatta Naik; Vincent Guerlavais; Vojislav Vukovic; D Allen Annis; Manuel Aivado; Funda Meric-Bernstam,"In the original version of this article (1), author Loren D. Walensky is mistakenly omitted from the author list. This error has been corrected in the latest online HTML and PDF versions of the article and the authors' contributions and disclosures have been updated as necessary. The authors regret this error."
140-378-980-978-806,Single B cell transcriptomics identifies multiple isotypes of broadly neutralizing antibodies against flaviviruses,Jay Lubow; Lisa M Levoir; Duncan K Ralph; Laura Belmont; Maya Contreras; Catiana H. Cartwright-Acar; Caroline Kikawa; Shruthi Kannan; Edgar Davidson; Benjamin J. Doranz; Veronica Duran; David ER. Sanchez; Ana M. Sanz; Fernando Rosso; Shirit Einav; Frederick A IV Matsen; Leslie Goo,Raw and processed data files (see README.md).
140-703-915-612-425,"EP.12.01 Real-World Data of ROS-1 Positive Nsclcs- Mutational Heterogeneity, Clinical Characteristics and Its Outcomes",K. Joshi; U. Maheshwari; K. Jobanputra; A. Joshi; P. Kalaskar; V. Maniar; C. Bose; D. Morzaria; P. Kendre; R. Dave; M. Mekha; M. Randive; K. Chaudhari; T. Sethjiwala; A. Pathan; N. Bayas; K. Tamkhane; S. Bhosale; S. Jagiasi; S. Dhande; D. Pal,
140-799-749-656-236,Cancer and Cancer Care - Cancer Risk and Screening,Christine Campbell,
141-066-589-848-930,Dietary fibers in food and protection against colorectal cancer in the European Prospective Investigation into Cancer and Nutrition (EPIC) study,Anne Tjønneland; Kim Overvad; Sheila Bingham; Nicholas E. Day; Robert Luben; Pietro Ferrari; Nadia Slimani; Teresa Norat; Françoise Clavel-Chapelon; Emmanuelle Kesse; Alexandra Nieters; Heiner Boeing; Carmen Martinez; Miren Dorronsoro; Carlos González; Thimothy J Key; Antonia Trichopoulou; Androniki Naska; Paolo Vineis; Rosario Tumino; Vittorio Krogh; H. Bas Bueno-de-Mesquita; Petra H.M. Peeters; Göran Berglund; Göran Hallmans; Eiliv Lund; Guri Skeie; Rudolf Kaaks; Elio Riboli,[Dietary fibers in food and protection against colorectal cancer in the European Prospective Investigation into Cancer and Nutrition (EPIC) study]
141-364-195-525-27X,NM23 Metastasis Suppressor Gene,Patricia S. Steeg; Christine Horak; Jong Heun Lee,
141-365-119-011-562,"Incidence and mortality of lung cancer in 2018 and the temporal trends from 2010 to 2018 in Henan province, China: a population-based registry study.",Yin Liu; Qiong Chen; Lan-Wei Guo; Hui-Fang Xu; Xiao-Yang Wang; Rui-Hua Kang; Lu-Yao Zhang; Hong Wang; Bin-Bin Han; Shao-Kai Zhang,"<AbstractText Label=""Background"" NlmCategory=""UNASSIGNED"">The disease burden of lung cancer is high in Henan province, China, it is out of the utmost significance to figure the current epidemic status and temporal trend of lung cancer for effective prevention and control.</AbstractText>;           <AbstractText Label=""Methods"" NlmCategory=""UNASSIGNED"">The qualified data was obtained from the Henan Provincial Central Cancer Registry of China, covering 30.51% of the whole population. Incidence, mortality, proportions, and cumulative rates (among patients aged 0-74 years old) of lung cancer by areas, sex and age groups were estimated. The world Segi's standard population was applied to calculate the age-standardized rate. Joinpoint regression was used to calculate annual percentage change (APC) and average annual percentage change (AAPC) to evaluate temporal trends from 2010 to 2018.</AbstractText>;           <AbstractText Label=""Results"" NlmCategory=""UNASSIGNED"">In 2018, there were about 55,344 new cases of lung cancer in Henan province, with the crude incidence of 50.75/100,000, the age-standardized incidence rate by world standard (Segi's) population (ASIRW) of 37.14/100,000, and the cumulative rate of 4.57%. About 41,782 people died from lung cancer in 2018, with the crude mortality rate of 38.31/100,000, the age-standardized mortality rate by world standard (Segi's) population (ASMRW) of 27.09/100,000, and the cumulative rate of 3.22%. The age-specific incidence and mortality of lung cancer increased gradually as age increased and reached the peak at the age of 85+ years. The overall ASIRW (AAPC =0.3, P=0.531) and ASMRW (AAPC =-0.2, P=0.687) remained stable from 2010 to 2018, but decreased in urban areas from 2014 to 2018 (APC for ASIRW =-4.7, P=0.023; APC for ASMRW =-5.3, P=0.012). From 2010 to 2018, the incidence rate increased in the rural population aged 75+ years old (AAPC =4.2, P=0.023).</AbstractText>;           <AbstractText Label=""Conclusions"" NlmCategory=""UNASSIGNED"">The incidence and mortality rates of lung cancer significantly decreased in urban areas partly due to the Cancer Screening Program in Urban China. Nonetheless, the disease burden remains high, especially in males and elderly population. Comprehensive prevention and control programs, such as smoking cessation intervention, screening, early diagnosis and early treatment programs, need to be implemented to reduce the burden of lung cancer.</AbstractText>;           <CopyrightInformation>2022 Annals of Translational Medicine. All rights reserved.</CopyrightInformation>"
141-756-282-062-747,When is cancer not a cancer? The prostate cancer debate.,Leonard G Gomella,
141-982-906-223-445,Targeting Medium-Chain Acyl-CoA Dehydrogenase for Glioblastoma,Fei Yu; Paul Leonard; Matthew Hamilton; Francesca Puca; Nhung Pham; Norma Rogers; Fernando Alvarez; C Rodriguez; Vinay Nair; Narahari Akkaladevi; Roopa Thapar; Scott Vaccaro; Andrea Mendiola; Quanyun Xu; Mary Geck Do; Jason Cross; Mick Soth; Yongying Jiang; Giulio Draetta; Philip Jones,"Targeting Medium-Chain Acyl-CoA Dehydrogenase (MCAD) for Glioblastoma (GBM) 1 MCAD as a key vulnerability unique to GBM identified by an in vivo functional genomic screen GBM is the most common and aggressive primary brain cancer, with about 12,000 new diagnoses each year. Malignant Brain Tumor Statistics, 2021 Not much improvement in survival since 1975 for elders A functional genomic screen of metabolism genes in an in vivo model using patient-derived GBM cells (GSCs) uncovered importance of enzymes involved in fatty acid oxidation."
142-045-263-021-822,Cancer as an environmental disease: Facts and figures,Dominique Belpomme,"With a growing estimated 18.1 million new cancer cases and 9.6 million cancer deaths in 2018, cancer remains an uncontrolled worldwide plague. In both sexes combined, lung cancer is the most commonly diagnosed cancer and the leading cause of death worldwide, closely followed by female breast cancer, prostate cancer and colorectal cancer for incidence, and colorectal cancer, stomach cancer and liver cancer for cancer mortality. Among male’s lung cancer is both the most frequent cancer and the leading cause of cancer death; while among females’ breast cancer is both the most frequently diagnosed cancer and the leading cause of cancer deaths. Classically tobacco smoking, alcoholism and overweight/ obesity are cancer risk factors thought to be mainly involved in cancer occurrence and so be fought with preventive public health measures that hopefully would eradicate the disease."
142-095-225-227-796,Exploring types of conversational agents for resolving cancer patients' questions and concerns: Analysis of 100 telephone consultations on breast cancer.,Masayo Hayakawa; Otome Watanabe; Kumiko Shiga; Manami Fujishita; Chikako Yamaki; Yuko Ogo; Tomoko Takahashi; Yoshiko Ikeguchi; Tomoko Takayama,
142-189-463-145-304,Targeting PRC2 Enhances the Cytotoxic Capacity of Anti-CD19 CAR T Cells against Hematologic Malignancies,Maria Letícia Rodrigues Carvalho; Clara Andrade; Mariela Cabral-Piccin; Gabriela Kinker; Glauco Vitiello; Luiza Abdo; Eduardo Mannarino; Karina Hajdu; Bruno Elias; Emmanuel Araujo; Raylane Cambui; Pedro Pereira; Amanda Rondinelli; Alexandre Chaves; Arianne Gusmão; Igor Costa; Maria Luisa Pierre; Caroline Zanella; Marta Maria Lemos; Marjorie Batista; Jayr Schmidt; Cheryl Arrowsmith; Vladmir Cláudio Cordeiro; Martín Bonamino; Tiago Medina,
142-286-499-487-554,Clinical significance of intratumoral HER2 heterogeneity on trastuzumab efficacy using endoscopic biopsy specimens in patients with advanced HER2 positive gastric cancer,Shusuke Yagi; Takeru Wakatsuki; Noriko Yamamoto; Keisho Chin; Daisuke Takahari; Mariko Ogura; Takashi Ichimura; Izuma Nakayama; Hiroki Osumi; Eiji Shinozaki; Mitsukuni Suenaga; Junko Fujisaki; Yuichi Ishikawa; Kensei Yamaguchi; Ken Namikawa; Yusuke Horiuchi,"In the original publication of this article, Table 4 was published incorrectly. The correct Table 4 is given below."
142-831-451-302-478,Supplementary Data from A Nonconserved Histidine Residue on KRAS Drives Paralog Selectivity of the KRAS<sup>G12D</sup> Inhibitor MRTX1133,Miles A. Keats; John J.W. Han; Yeon-Hwa Lee; Chih-Shia Lee; Ji Luo,"<jats:p>&lt;p&gt;Supplementary discussion, supplementary tables and figures.&lt;/p&gt;</jats:p>"
142-863-033-490-820,Utility of magnifying endoscopy with narrow-band imaging for detection of gastric cancer in hyperplastic polyps,Kazuhisa Yamaguchi; Yorimasa Yamamoto; Yusuke Horiuchi; Masami Omae; Akiyoshi Ishiyama; Toshiaki Hirasawa; Toshiyuki Yoshio; Tomohiro Tsuchida; Junko Fujisaki; Masahiro Igarashi,
142-917-817-624-920,ASO Visual Abstract: Risk Factors for Lymph Node Metastasis of Rectal Neuroendocrine Tumor and its Prognostic Impact—A Single-Center Retrospective Analysis of 195 Cases with Radical Resection,Yukiharu Hiyoshi; Nobuya Daitoku; Toshiki Mukai; Toshiya Nagasaki; Tomohiro Yamaguchi; Takashi Akiyoshi; Chihiro Yasue; Akiko Chino; Shoichi Saito; Manabu Takamatsu; Yosuke Fukunaga,
143-203-796-293-393,The prognostic value of tumor-stroma ratio and a newly developed computer-aided quantitative analysis of routine H&amp;amp;E slides in high-grade serous ovarian cancer,Lilian van Wagensveld; C.F. Walker; Kerstin Hahn; Joyce Sanders; Roy F.P.M. Kruitwagen; Maaike A. van der Aa; Gabe S. Sonke; Sven Rottenberg; Koen Van de Vijver; Andrew Janowczyk; Hugo M. Horlings,"TSR is an independent prognostic factor for survival assessment in HGSOC. Stroma-rich tumors have a worse prognosis and, in the case of NACT, a higher likelihood of pleural metastasis. OTSR provides a cost and time-efficient way of determining TSR with high reproducibility and reduced inter-observer variability."
143-390-608-424-840,Additional file 3 of Fibrillarin-mediated ribosomal RNA maturation is a novel therapeutic vulnerability in triple-negative breast cancer,Camille Jouines; Piero Lo Monaco; Angéline Gaucherot; Julie Radermecker; Caroline Isaac; Fleur Bourdelais; Marie-Ambre Monet; Marion Meyer; Mounira Chalabi-Dchar; Flora Nguyen Van Long; Laury Baillon; Carine Froment; Julien Marcoux; Christophe Vanbelle; Tanguy Fenouil; Sébastien Durand; Stéphane Giraud; Jean-Jacques Diaz; Virginie Marcel; Frédéric Catez,Supplementary Material 3
143-652-193-956-892,PP121 Comparison of genomic and transcriptional homologous recombination deficiency assays in breast cancer patients with germline BRCA mutations,H. Chae; S.H. Sim; J-H. Kim; W-J. Song; Y.J. Park; E-G. Lee; J.H. Han; S-Y. Jung; S. Lee; E.S. Lee; Y. Kwon; K.S. Lee; S-Y. Kong,
143-708-609-149-307,Screening for Early Detection of Cancers II,Hong Gwan Seo,
144-123-969-138-014,Correction: Enhanced Lipid Accumulation and Metabolism Are Required for the Differentiation and Activation of Tumor-Associated Macrophages.,Pan Su; Qiang Wang; Enguang Bi; Xingzhe Ma; Lintao Liu; Maojie Yang; Jianfei Qian; Qing Yi,
144-572-967-485-972,Profile of Colorectal Cancer in 14 Provinces in Indonesia,D. Khairina; Evlina Suzanna; D. Triana; A. Kadir; T.H. Widyastuti; L.S. Sulistyowati; I. Rosalina; N. Palupi; E.M. Lubis; A. Hamzah; A. Kartikawati; F. Ramadhaniah; J. Agustina; P.S. Rahayu; S. Septiawati; R. Yulianita,"Background: In Indonesia, the incidence of colorectal cancer was separated in colon and rectum cancer. The incidence of rectum cancer ranked number five in male and number eight in female. The inci..."
144-637-848-924-834,kaapana/kaapana: v0.6.1,null Ünal Akünal; null Philipp Schader; null Hanno Gao; null Lorenz Feineis; null Mikulas Bankovic; null Theo Stempel-Hauburger; null Julian Ziegler; null Stefan Denner; null Benjamin Hamm; null Markus Bujotzek; null Maximilian Fischer; null Peter Neher; null Ralf Floca; null Marco Nolden; null Klaus Maier-Hein,Kaapana release v0.6.1
144-918-890-529-679,29P BRCA1 reversion mutations confer a fitness benefit to PARP inhibitor-resistant subclones in high grade serous ovarian cancer models,M.A. Khan; A. Hall; M. Guscott; N. Bakali; S. McClelland; T. Graham; M. Lockley,
145-207-821-595-117,HSF1 Pathway Inhibitor Clinical Candidate (CCT361814/NXP800) Developed from a Phenotypic Screen as a Potential Treatment for Refractory Ovarian Cancer and Other Malignancies.,A Elisa Pasqua; Swee Y Sharp; Nicola E A Chessum; Angela Hayes; Loredana Pellegrino; Michael J Tucker; Asadh Miah; Birgit Wilding; Lindsay E Evans; Carl S Rye; N Yi Mok; Manjuan Liu; Alan T Henley; Sharon Gowan; Emmanuel De Billy; Robert Te Poele; Marissa Powers; Suzanne A Eccles; Paul A Clarke; Florence I Raynaud; Paul Workman; Keith Jones; Matthew D Cheeseman,"CCT251236 <b>1</b>, a potent chemical probe, was previously developed from a cell-based phenotypic high-throughput screen (HTS) to discover inhibitors of transcription mediated by HSF1, a transcription factor that supports malignancy. Owing to its activity against models of refractory human ovarian cancer, <b>1</b> was progressed into lead optimization. The reduction of P-glycoprotein efflux became a focus of early compound optimization; central ring halogen substitution was demonstrated by matched molecular pair analysis to be an effective strategy to mitigate this liability. Further multiparameter optimization led to the design of the clinical candidate, CCT361814/NXP800 <b>22</b>, a potent and orally bioavailable fluorobisamide, which caused tumor regression in a human ovarian adenocarcinoma xenograft model with on-pathway biomarker modulation and a clean in vitro safety profile. Following its favorable dose prediction to human, <b>22</b> has now progressed to phase 1 clinical trial as a potential future treatment for refractory ovarian cancer and other malignancies."
145-258-868-667-579,Cancer or Not Cancer: That Is the Question.,Andrew Bush; Andrew G Nicholson,"""Cancer or Not Cancer: That Is the Question."" American Journal of Respiratory and Critical Care Medicine, 0(ja), pp. –"
145-560-013-105-893,Basics of Oncology,Frederick O. Stephens; Karl Reinhard Aigner,"THE CANCER PROBLEM.- What Is Malignancy?.- Epidemiology.- Summary of Practical Measures to Prevent Cancer.- GENERAL FEATURES OF CANCER - PRESENTATION AND MANAGEMENT.- Symptoms of Cancer: Local and General.- Signs of Cancer: Local and General.- Clinico-Pathology of Cancers.- Investigations That May Be Useful in Detecting Cancer.- Treating Cancer.- Relationship Between Patients, Their Doctors and the Healthcare Team.- MOST COMMON CANCERS.- Skin Cancers.- Lung Cancer (Bronchogenic Carcinoma).- Breast Cancer.- Cancers of the Digestive System (Alimentary Tract).- Head and Neck Cancers.- Cancers of Female Genital Organs.- Cancers of the Male Genital Organs.- Cancers of Bladder and Kidneys.- Cancers of the Brain and Nervous System.- The Leukaemias and Lymphomas.- Soft-Tissue Sarcomas.- Malignant Tumours of Bone and Cartilage.- Metastatic (Secondary) Cancer.- MAKING PROGRESS.- Techniques and Evidence of Progress.- Future Directions."
145-808-429-599-58X,"NCCN Guidelines® Insights: Bladder Cancer, Version 2.2022.",Thomas W Flaig; Philippe E Spiess; Michael Abern; Neeraj Agarwal; Rick Bangs; Stephen A Boorjian; Mark K Buyyounouski; Kevin Chan; Sam Chang; Terence Friedlander; Richard E Greenberg; Khurshid A Guru; Harry W Herr; Jean Hoffman-Censits; Amar Kishan; Shilajit Kundu; Subodh M Lele; Ronac Mamtani; Vitaly Margulis; Omar Y Mian; Jeff Michalski; Jeffrey S Montgomery; Lakshminarayanan Nandagopal; Lance C Pagliaro; Mamta Parikh; Anthony Patterson; Elizabeth R Plimack; Kamal S Pohar; Mark A Preston; Kyle Richards; Wade J Sexton; Arlene O Siefker-Radtke; Matthew Tollefson; Jonathan Tward; Jonathan L Wright; Mary A Dwyer; Carly J Cassara; Lisa A Gurski,"The NCCN Guidelines for Bladder Cancer provide recommendations for the diagnosis, evaluation, treatment, and follow-up of patients with bladder cancer and other urinary tract cancers (upper tract tumors, urothelial carcinoma of the prostate, primary carcinoma of the urethra). These NCCN Guidelines Insights summarize the panel discussion behind recent important updates to the guidelines regarding the treatment of non-muscle-invasive bladder cancer, including how to treat in the event of a bacillus Calmette-Guérin (BCG) shortage; new roles for immune checkpoint inhibitors in non-muscle invasive, muscle-invasive, and metastatic bladder cancer; and the addition of antibody-drug conjugates for metastatic bladder cancer."
145-846-286-089-984,A Retrospective Study on Predicting Recurrence of Intermediate-Stage Hepatocellular Carcinoma After Radical Therapy.,Ruyu Han; Leijuan Gan; Mengran Lang; Guangtao Li; Lu Chen; Xindi Tian; Kangwei Zhu; Liyu Sun; Tianqiang Song,"<AbstractText Label=""Purpose"" NlmCategory=""UNASSIGNED"">This study aimed to investigate the potential benefits of radical therapy in patients with stage B disease.</AbstractText>;           <AbstractText Label=""Patients and Methods"" NlmCategory=""UNASSIGNED"">A retrospective analysis was conducted on a cohort of 437 patients diagnosed with stage B hepatocellular carcinoma, who underwent either hepatic resection (HR) or radiofrequency ablation (RFA) at the Cancer Institute and Hospital of Tianjin Medical University from May 2011 to May 2022. Multivariate COX regression analysis was performed to identify the independent prognostic factors related to recurrence-free survival (RFS). The performance of the developed nomogram was evaluated using various statistical measures, including the concordance index (C-index), receiver operating characteristic (ROC) curve, calibration curve, and decision curve analysis (DCA).</AbstractText>;           <AbstractText Label=""Results"" NlmCategory=""UNASSIGNED"">Multivariate analysis revealed that tumor diameter, number of tumors, number of involved liver segments, alpha-fetoprotein (AFP), carbohydrate antigen 19-9 (CA19-9), lactate dehydrogenase (LDH), and systemic immune inflammation index (SII) were independent prognostic factors influencing patients' RFS, and these factors were incorporated into the nomogram. The C-index of the nomogram in the training cohort was 0.721, and the AUC at 2 and 3 years was 0.772 and 0.790, respectively. These values were appreciably higher than commonly used clinic staging systems and other predictive models. The calibration curve and DCA demonstrated good calibration and net benefit. Survival analysis comparing stage B patients who received radical treatment with stage A patients with multiple lesions did not reveal a significant difference in Kaplan-Meier survival curves (P=0.91).</AbstractText>;           <AbstractText Label=""Conclusion"" NlmCategory=""UNASSIGNED"">The nomogram provided a precise prediction of the recurrence for stage B hepatocellular carcinoma patients undergoing radical treatment. Furthermore, certain stage B patients may benefit from radical treatment.</AbstractText>;           <CopyrightInformation>© 2024 Han et al.</CopyrightInformation>"
146-226-385-980-050,Peripheral T lymphocyte and immunocyte subset dynamics: markers of neoadjuvant therapy outcomes in esophageal squamous cell carcinoma.,Xin Nie; Shuya He; Xinming Nie; Changding Li; Kunyi Du; Wenwu He; Zhiyu Li; Kunhan Ni; Simiao Lu; Chenghao Wang; Kangning Wang; Yan Miao; Longlin Jiang; Jiahua Lv; Guangyuan Liu; Qiang Fang; Lin Peng; Wenguang Xiao; Qifeng Wang; Dongsheng Wang; Yongtao Han; Xuefeng Leng,"<AbstractText Label=""Purpose"">In patients with resectable esophageal squamous cell carcinoma (ESCC), neoadjuvant therapy increased the curative resection rate, disease-free survival, and overall survival for patients with resectable ESCC. However, the efficacy of neoadjuvant therapy varies among different patients. We aim to compare the differences in the characteristics of peripheral blood T lymphocyte subsets before and after neoadjuvant therapy in patients with different curative efficacy.</AbstractText>;           <AbstractText Label=""Method"">This study enrolled 266 ESCC patients who received neoadjuvant therapy and esophagectomy from August 2018 to August 2022. The postoperative pathological results divided patients into the major pathological response (MPR) and non-MPR groups. Compare the differences in peripheral blood T lymphocyte subsets and analyze the trend of changes in T lymphocyte subsets at different phases of treatment. Propensity score matching was used to reduce the influence of potential confounding factors.</AbstractText>;           <AbstractText Label=""Results"">Prior to the neoadjuvant therapy, particularly before the second cycle, the MPR group exhibited significantly higher ratios of CD4/CD8 (<i>P</i>=0.009) and helper T cells (TH ratio, <i>P</i>=0.030) compared to the non-MPR group. In contrast, the suppressor T cell ratio (TS ratio) was lower (<i>P</i>=0.016) in the MPR group. The difference in peripheral blood lymphocyte subsets between the two groups of patients who underwent neoadjuvant chemoradiotherapy is significant.</AbstractText>;           <AbstractText Label=""Conclusion"">In peripheral blood, T lymphocyte subsets varied significantly based on the effectiveness of neoadjuvant treatment. Prior to the second cycle of neoadjuvant therapy, a higher CD4/CD8 and TH ratio, coupled with a decreased TS ratio, might suggest enhanced treatment outcomes.</AbstractText>;           <CopyrightInformation>Copyright © 2023 Nie, He, Nie, Li, Du, He, Li, Ni, Lu, Wang, Wang, Miao, Jiang, Lv, Liu, Fang, Peng, Xiao, Wang, Wang, Han and Leng.</CopyrightInformation>"
146-276-935-772-586,Heat Shock Factor 1 (HSF1) specifically potentiates c-MYC-mediated transcription independently of the canonical heat-shock response,Meng Xu; Ling Lin; Kun-Han Chuang; Babul Ram; Siyuan Dai; Kuo-Hui Su; Zijian Tang; Chengkai Dai,"<jats:title>ABSTRACT</jats:title>;                 <jats:p>Despite its pivotal roles in biology, how the transcriptional activity of c-MYC is attuned quantitatively remain poorly defined. Here, we show that heat shock factor 1 (HSF1), the master transcriptional regulator of the heat-shock, or proteotoxic stress, response, acts as a key modifier of the c-MYC-mediated transcription. HSF1 deficiency diminishes c-MYC DNA binding and dampens its transcriptional activity genome-widely. Mechanistically, c-MYC, MAX, and HSF1 assemble into a transcription factor complex on genomic DNAs and, surprisingly, the DNA binding of HSF1 is dispensable. Instead, HSF1 physically recruits the histone acetyltransferase GCN5, thereby promoting histone acetylation and augmenting c-MYC transcriptional activity. Thus, our studies reveal that HSF1 specifically potentiates the c-MYC-mediated transcription, distinct from its role in the canonical heat-shock response. Importantly, this mechanism of action engenders two distinct c-MYC activation states, primary and advanced, which may be important to accommodate diverse physiological and pathological conditions.</jats:p>"
146-548-438-221-616,"Overexpression of FOXO1 enhances CAR T cell polyfunctionality, metabolic fitness and efficacy against solid tumors",Paul Beavis; Phillip Darcy; Junyun Lai; Jack Chan; Kevin Sek; Christina Scheffler; Isabelle Munoz; Yu-Kuan Huang; Kah Min Yap; Joel Lee; Jasmine Li; Amanda Chen; Cheok Weng Chan; Emily Derrick; Kirsten Todd; Junming Tong; Maria N. de Menezes; Emma Petley; Joelle Kim; Dat Nguyen; Patrick Leung; Joan So; Christian Deo Deguit; Joe Zhu; Imran House; Lev Kats; Jane Oliaro; Ian Parish; Kylie Quinn; Paul Neeson; Clare Slaney; Nicole Saw; Phoebe Dunbar; Jiawen Li; Thang Hoang; Benjamin Solomon; Simon Harrison; Andrew Scott,"<title>Abstract</title>;         <p>The efficacy of chimeric antigen receptor (CAR) T cell therapy is limited in solid tumors by several factors including the immunosuppressive tumor microenvironment that gives rise to poorly persisting and metabolically dysfunctional T cells. To overcome this, we sought to identify transcription factors that could enhance CAR T cell fitness. We identified that the overexpression of Foxo1 could enhance the therapeutic efficacy of murine CAR T cells in the setting of syngeneic immunocompetent models and was dependent on the sustained production of proinflammatory cytokines. FOXO1 overexpression in human CAR T cells enforced broad transcriptional and epigenetic changes that led to a more “stem-like” phenotype and similarly improved therapeutic efficacy. Enhanced efficacy was associated with improved mitochondrial fitness and persistence in vivo. FOXO1 overexpression also led to a more stem like phenotype in patient derived CAR T cells and is therefore a promising strategy for the treatment of solid cancers.</p>"
146-603-221-300-849,Retraction: Effects of Oligonucleotide N3'→P5' Thio-phosphoramidate (GRN163) Targeting Telomerase RNA in Human Multiple Myeloma Cells.,Masaharu Akiyama; Teru Hideshima; Masood A Shammas; Toshiaki Hayashi; Makoto Hamasaki; Yu-Tzu Tai; Paul Richardson; Sergei Gryaznov; Nikhil C Munshi; Kenneth C Anderson,
147-059-496-718-371,LOW-GRADE NON-MUSCLE INVASIVE BLADDER CANCER (NMIBC): EFFECTS OF INDUCTION INTRAVESICAL THERAPY ON RECURRENCE AND PROGRESSION,Lexiaochuan Wen; Yuanyuan Shen; John Msaddi; Andrew Bui; Hiroko Miyagi; Behzad Jazayeri; Adnan Fazili; Nagashree Rao; Logan Zemp; Philippe Spiess; Scott Gilbert; Alice Yu; Brandon Manley; Michael Poch; Wade Sexton; Julio Pow-Sang; Roger Li,
147-256-198-209-379,IDDF2025-ABS-0214 Exosomal S100A8 drives sepsis-induced gastric cancer recurrence and metastasis via glycolytic reprogramming and histone H3K18 lactylation in tumor-associated myeloid cells,Yiding Wang; Ting Guo; Xiaofang Xing; Jiafu Ji; Zhouqiao Wu,
147-679-256-112-052,Involving clinic patients in systematic symptom reporting to improve cancer care: Exploring prevalence of sleep disturbances (SD) and fatigue (FAT).,Margaret Irwin; Catherine Brown; Ashlee Vennettilli; Lawson Eng; Aein Zarrin; Aditi Dobriyal; Linda Chen; Maryam Mirshams; Deval Patel; Henrique Hon; Vivien Pat; Anthea Ho; Hannah Solomon; Kyoko Tiessen; Henry Thai; Valerie Ho; Mary Mahler; Wei Xu; Geoffrey Liu; Doris Howell,"68 Background: SD and FAT occur in 30-50% of cancer patients. Patient-reported outcome measure surveys are avenues through which healthcare providers (HCP) can receive symptom-related clinically relevant information directly from patients, and engage them in their own care plan. By asking patients to report symptoms rapidly through tablet/computer-based technology, HCPs can involve patients in the delivery of care. Methods: In a pilot study evaluating utility of systematic symptom reporting, 336 adult cancer patients across all stages and disease sites who were attending outpatient cancer clinics at Princess Margaret Cancer Centre (PMCC) (Toronto, Canada) completed electronic tablet-administered secure surveys on SD (Insomnia Severity Index) and FAT patterns (FACT-fatigue). These tools measured both symptom severity and interference with function. Results: With a median age of 59 (19-91) years, 55% female, across a broad distribution of cancer sites, 56% of our sample reported moderate to very severe (MTV..."
148-152-021-348-904,Clinical-Radiomic Prognostic Model Integrating Staging Before and after Neoadjuvant Chemotherapy in Gastric Cancer: A Multicenter Retrospective Study,Yizhou Wei; Yahan Tong; GuoLiang Zheng; Mengxuan Cao; Yanqiang Zhang; Ruolan Zhang; Weiwei Zhu; Qing Yang; Ke Shen; Mengya Zhou; Ruixin Xu; Jintao He; Jiancheng Sun; Xiangdong Cheng; Zhi-Yuan Xu; Can Hu; Siwei Pan,
148-524-767-214-00X,NF-κB,Matthew R. Young; Yinling Hu; Nancy H. Colburn,
148-815-199-474-830,Response Evaluation Criteria in Cancer of the Liver (RECICL 2021 revised version),Masatoshi Kudo; Masafumi Ikeda; Kazuomi Ueshima; Michiie Sakamoto; Shuichiro Shiina; Ryosuke Tateishi; Kazuhiro Nouso; Kiyoshi Hasegawa; Junji Furuse; Shiro Miyayama; Takamichi Murakami; Tatsuya Yamashita; Norihiro Kokudo,
148-968-521-699-649,Utilization of a transanal approach to facilitate beyond total mesorectal excision dissection including en bloc subcortical high sacrectomy for locally recurrent rectal cancer.,Peter F Gearing; José Tomás Larach; Helen Mohan; Lauren Cohen; Alexander G Heriot; Satish K Warrier,
148-979-155-301-939,Table of contents,Yecheskel Schneider; Robert L. Brown; Monica Saumoy; Robert S. Schwartz; Vikas Gupta; Albert Min; Giorgina Mieli‐Vergani; Diego Vergani; Kathryn Stiede; Wenyan Miao; Heather Blanchette; Carine Beysen; Geraldine Harriman; H. James Harwood; Heather H. Kelley; Rosana Kapeller; Tess Schmalbach; William Westlin; Jung Kim; Hyun Dong; Wonseok Sinn; Geum-Youn Kang; Yong-Han Gwak; Moon Paik; Joon Seok Choi; Kwang Lee; Seung Koh; Juan Berenguer; Elena Rodr Iguez-Castellano; Ana Carrero; Miguel Ángel von Wichmann; Marta Montero; Josefa Galindo; Josep Mallolas; Manuel Crespo; J Ellez; Carmen Quereda; Carlos Sanz; Cristina Barros; Ignacio Tural; Federico Santos; Josep Pulido; R. Guardiola; Enrique Rubio; Lorena Ortega Menor; Juan Montes; Gabriel Jusdado; Herminia Gaspar; Jos Esteban; Martin Bell; Juan Gonz Alez-Garc; Arielle Klepper; Francis Eng; Erin Doyle; Ahmed El‐Shamy; Adeeb Rahman; Maria Isabel Fiel; Gonzalo Carrasco Avino; Moonju Lee; Fei Ye; Sasan Roayaie; Meena B. Bansal; Margaret MacDonald; Thomas D. Schiano; Andrea D. Branch; William F. Balistreri; Karen F. Murray; Philip Rosenthal; Sanjay Bansal; Chuan-Hao Lin; Kathryn Kersey; Benedetta Massetto; Yanni Zhu; Bittoo Kanwar; Polina German; Evguenia Svarovskaia; Diana M. Brainard; Jessica Wen; Regino P. González‐Peralta; Maureen M. Jonas; Kathleen B. Schwarz; Sonali Paul; Aaron Dickstein; Akriti Saxena; Norma Terrin; Kathleen Viveiros; Ethan M. Balk; John Wong; Fred Poordad; Franco Felizarta; Armen Asatryan; Mark Sulkowski; Robert Reindollar; Charles Landis; Stuart R. Gordon; Steven L. Flamm; Michael Fried; David I. Bernstein; Chih‐Wei Lin; Ran Liu; Sandra Lovell; Teresa I. Ng; Jens Kort; Federico Mensa; Wen Zhang; Jieliang Chen; Min Wu; Xiaonan Zhang; Min Zhang; Yue Lei; Yaming Li; Jiangxia Liu; Baocun Li; Fang Shen; Yang Wang; Lu Bai; Ulrike Protzer; Massimo Levrero; Zhenghong Yuan; Jung Jang; Han-Sol Park; Hyun Seung Yoo; In-Jeoung Baek; Ji Yoon; Seok Ko; Ah-Ram Kim; Hyoun K. Kim; Hye-Sun Park; Eun Lee; Seung-Whan Kim; Su Kim; Jaechan Leem; Yu Kang; M. Kyo; Chan-Gi Pack; Chong Ae Kim; Chang Kyung Sung; In-Kyu Lee; Joong‐Yeol Park; C Fern Andez-Checa; E. Koh; Ki-Up Lee; Ling Lin; Ying Ding; Yi Wang; Zhenxin Wang; Xuefei Yin; Guoquan Yan; Lei Zhang; Pengyuan Yang; Huali Shen; Hao Wang; Peng An; Enjun Xie; Qian Wu; Xuexian Fang; Hong Gao; Zhuzhen Zhang; Yuzhu Li; Xudong Wang; Jiaying Zhang; Guoli Li; Lei Yang; Wei Liu; Junxia Min; Fudi Wang; Jyoti Srivastava; Chadia L. Robertson; Kareem Ebeid; Mikhail G. Dozmorov; Devaraja Rajasekaran; Rachel G. Mendoza; Afshan Siddiq; Maaged Akiel; Nidhi Jariwala; Xue‐Ning Shen; Jolene J. Windle; Mark A. Subler; Nitai D. Mukhopadhyay; Shah Giashuddin; Shobha Ghosh; Zhao Lai; Yidong Chen; Paul B. Fisher; Aliasger K. Salem; Arun J. Sanyal; Devanand Sarkar; Yujie Li; Yongfeng Song; Meng Zhao; Yanjing Guo; Chunxiao Yu; Wenbin Chen; Shanshan Shao; Chao Xu; Xinli Zhou; Lifang Zhao; Zhenhai Zhang; Tao Bo; Yu Xia; Christopher G. Proud; Xuemin Wang; Li Wang; Jiajun Zhao; Ling Gao; Ho Kang; Sung Woo Kim; Ying Choi; Eun Zhou; Jae Hwan Kim; Pradip Lee; Sayeepriyadarshini Saha; David Anakk; Hepatobiliary Moore; Takashi Kokudo; Kiyoshi Hasegawa; Yutaka Matsuyama; Tadatoshi Takayama; Namiki Izumi; Masumi Kadoya; Masatoshi Kudo; Shoji Kubo; Michiie Sakamoto; Osamu Nakashima; Takashi Kumada; Norihiro Kokudo; Mark Deneau; Wael El‐Matary; Pamela L. Valentino; Reham Abdou; Khaled Alqoaer; Mansi Amin; Achiya Amir; Marcus Auth; Fateh Bazerbachi; Annemarie Broderick; Albert Chan; Jillian M. Cotter; Sylvia Doan; Mounif El‐Youssef; Federica Ferrari; Katryn N. Furuya; Madeleine Gottrand; Frédèric Gottrand; Nitika Gupta; Matjaž Homan; Binita M. Kamath; Kyung Kim; Kaija‐Leena Kolho; Anastasia Konidari; Bart G.P. Koot; Raffaele Iorio; Oren Ledder; Cara L. Mack; Mercedes Martínez; Tamir Miloh; Parvathi Mohan; Niamh O’Cathain; Alexandra Papadopoulou; Amanda Ricciuto; Lawrence J. Saubermann; Pushpa Sathya; Eyal Shteyer; Vratislav Smolka; Atushi Tanaka; Raghu Varier; Veena Venkat; Bernadette Vitola; Miriam B. Vos; Marek Woynarowski; Jason Yap; Michael C. Jensen; Ying Wan; Fanyin Meng; Nan Wu; Tianhao Zhou; Julie Venter; Heather Francis; Lindsey Kennedy; Trenton Glaser; Francesca Bernuzzi; Pietro Invernizzi; Shannon Glaser; Qiaobing Huang; Gianfranco Alpini; Luca Maroni; Simon Hohenester; S. van de Graaf; Dagmar Tolenaars; Krijn Van Lienden; Joanne Verheij; Marco Marzioni; Tom H. Karlsen; Ronald P.J. Oude Elferink; Ulrich Beuers; Julien Bissonnette; Ecile Devue; Olivier Roux; Audrey Payanc; Didier Lebrec; Pierre Bédossa; Dominique Valla; François Durand; Hafid Ait‐Oufella; Pau Sancho‐Bru; Joan Caballería; P Gine; Chantal M. Boulanger; Ramón Bataller; Pierre‐Emmanuel Rautou; Behnam Saberi; Alia S. Dadabhai; Christine M. Durand; Benjamin Philosophe; A D Cameron; Ahmet Gürakar; Shintaro Ichikawa; Utaroh Motosugi; Mitsuhiko Oguri; Hiroshi Onishi; Marcin Krawczyk; Monika Rau; Frank Gr€; M Schattenberg; Heike Bantel; Anita Pathil; Johannes Demir; Tobias Kluwe; Andreas Boettler; Frank Geier; Andreas Geier; Daniel Jahn; Heike M. Hermanns; null Lammert; Andreas Geier; Daniel Jahn; Heike Hermanns; Christopher Koh; Sasan Sakiani; Pallavi Surana; Xiongce Zhao; Jason Eccleston; David Kleiner; T David Herion; Jay Liang; Milica Hoofnagle; Theo Chernick; Liver Heller; Megan Biology ; Damien Bellos; Katherine Mcmullen; Carol Pollard; Laura De La Motte; Stefanie Nagy ; Loeffelholz; Frank Lieske; Diana Neusch Afer-Rube; Nathanael Willmes; Igor Raschzok; Martin Sauer; Paul Fromm; Antonios Horn; Andrea Chatzigeorgiou; Jens Pathe-Neusch Afer-Rube; Andreas Jordan; Geltrude Pfeiffer; Stefan Mingrone; Peter Bornstein; Christoph Stroehle; F Harms; Stephen Wunderlich; Michel Helfand; Rafael Bernier; Gerald De Cabo; Triantafyllos Shulman; Gerhard Chavakis; Andreas P; Yu Liu; Ming Sun; Yangkai Jiang; Ye Li; Weili Tian; Ninghe Xue; Yue Ding; Cheng Sun; Jianshuang Cheng; Xiaoping Li; Xinran Miao; Ling Liu; Kun Zheng; ; Huang; Julie Hunt; Eylon Papay ; Azoulay; Chady Lahat; Philippe Salloum; Cyrille Compagnon; Jonathan Feray; Mary Hogan; Ann Lim; Matthew Palmer; Roy Bloom; Raymond Chung; Meghan Sise ; Constantine; J Karvellas; Jaime Speiser; William Tremblay; Christopher Lee; null Rose; Jennifer Reply; Phyllis Price; K Hanna; Yunkyung Sanoff; Jennifer Chang; Bert Lund; Stacie Neil; Reply Dusetzina; D Neehar; Amit Parikh; Anna Singal; Rajesh Lok; Vahakn Balkrishnan; Vincent Shahinian; ; Jia-Horng Marshall; Eun-Jeong Kao 682 Reply; Yoosoo Joo; null Chang,
149-002-364-918-81X,Novel Approaches in Cancer Study,,"Journal of Cancer Research ,Cancer Research Articles ,journal of cancer research and clinical oncology,journal of cancer research and practice,american journal of cancer research,clinical cancer research,Journal of Cancer Research and Practice,Cancer Research Journal,Journal of Cancer Research and Treatment,Journal of Cancer Research and Clinical Oncology,cancer research journal impact factor"
149-300-896-442-029,Correction: PINK1 Is a Negative Regulator of Growth and the Warburg Effect in Glioblastoma.,Sameer Agnihotri; Brian Golbourn; Xi Huang; Marc Remke; Susan Younger; Rob A Cairns; Alan Chalil; Christian A Smith; Stacey-Lynn Krumholtz; Danielle Mackenzie; Patricia Rakopoulos; Vijay Ramaswamy; Michael S Taccone; Paul S Mischel; Gregory N Fuller; Cynthia Hawkins; William Stanford; Michael D Taylor; Gelareh Zadeh; James T Rutka,"In the original version of this article (1), there was an error in Fig. 2A. Specifically, the incorrect β-actin Western blot image was used. The correct image has been provided, and the error has been corrected in the latest online HTML and PDF version of the article. The authors regret this error."
150-144-387-017-482,Additional file 1 of Fibrillarin-mediated ribosomal RNA maturation is a novel therapeutic vulnerability in triple-negative breast cancer,Camille Jouines; Piero Lo Monaco; Angéline Gaucherot; Julie Radermecker; Caroline Isaac; Fleur Bourdelais; Marie-Ambre Monet; Marion Meyer; Mounira Chalabi-Dchar; Flora Nguyen Van Long; Laury Baillon; Carine Froment; Julien Marcoux; Christophe Vanbelle; Tanguy Fenouil; Sébastien Durand; Stéphane Giraud; Jean-Jacques Diaz; Virginie Marcel; Frédéric Catez,Supplementary Material 1
151-024-697-160-276,Initial assessment of a cancer genomic profile test for patients with metastatic breast cancer: a retrospective study,Ippei Fukada; Seiichi Mori; Naomi Hayashi; Mari Hosonaga; Masumi Yamazaki; Xiaofei Wang; Saori Kawai; Lina Inagaki; Yukinori Ozaki; Kokoro Kobayashi; Fumikata Hara; Takayuki Kobayashi; Arisa Ueki; Tomo Osako; Akiko Tonooka; Kengo Takeuchi; Takayuki Ueno; Toshimi Takano; Shinji Ohno; Shunji Takahashi,"<jats:title>Abstract</jats:title>;         <jats:p>Comprehensive cancer genomic profile (CGP) tests are being implemented under Japanese universal health insurance system. However, the clinical usefulness of CGP test for breast cancer patients has not been evaluated. Of the 310 patients who underwent CGP testing at our institution between November 2019 and April 2021, 35 patients with metastatic breast cancer whose treatment strategy was discussed by our molecular tumor board within the study period were investigated after exclusion of 2 cases that could not be analyzed. The turn-around time, drug accessibility, and germline identification detection were evaluated. The subtype was luminal in 20 patients (57.1%), triple-negative in 12 patients (34.3%), and luminal-HER2 in 3 patients (8.6%).  Actionable gene mutations were detected in 30 patients (85.7%), and 7 patients (20.0%) were recommended for clinical trial participation, with the drug administered to 2 patients (5.7%). Three patients (8.6%) died due to disease progression before the test results were disclosed. We report the results of an initial assessment of the utility of CGP testing for patients with metastatic breast cancer under Japanese universal health insurance system. Conducting CGP tests at a more appropriate time could provide patients with greater benefit from treatments based on their specific gene mutations.</jats:p>"
151-281-204-511-961,Computational modeling of mast cell tryptase family informs selective inhibitor development.,Ying Ma; Bole Li; Xiangqin Zhao; Yi Lu; Xuesong Li; Jin Zhang; Yifei Wang; Jie Zhang; Lulu Wang; Shuai Meng; Jihui Hao,"Mast cell tryptases, a family of serine proteases involved in inflammatory responses and cancer development, present challenges in structural characterization and inhibitor development. We employed state-of-the-art protein structure prediction algorithms to model the three-dimensional structures of tryptases α, β, δ, γ, and ε with high accuracy. Computational docking identified potential substrates and inhibitors, suggesting overlapping yet distinct activities. Tryptases β, δ, and ε were predicted to act on phenolic compounds, with β and ε additionally hydrolyzing cyanides. Tryptase δ may possess unique formyl-CoA dehydrogenase activity. Virtual screening revealed 63 compounds exhibiting strong binding to tryptase β (TPSB2), 12 exceeding the affinity of the known inhibitor. Notably, the top hit (3-chloro-4-methylbenzimidamide) displayed over 10-fold selectivity for tryptase β over other isoforms. Our integrative approach combining protein modeling, functional annotation, and molecular docking provides a framework for characterizing tryptase isoforms and developing selective inhibitors of therapeutic potential in inflammatory and cancer conditions."
151-375-273-438-443,Pulsed low-dose-rate radiation (PLDR) reduces the tumor-promoting responses induced by conventional chemoradiation in pancreatic cancer-associated fibroblasts,Janusz Franco‐Barraza; Tiffany Luong; J.K. Wong; Kristopher S. Raghavan; Elizabeth Handorf; Débora B. Vendramini‐Costa; Ralph Francescone; Jaye C. Gardiner; Joshua E. Meyer; Edna Cukierman,"Pancreatic cancer is becoming increasingly deadly, with treatment options limited due to, among others, the complex tumor microenvironment (TME). This short communications study investigates pulsed low-dose-rate radiation (PLDR) as a potential alternative to conventional radiotherapy for pancreatic cancer neoadjuvant treatment. Our ex vivo research demonstrates that PLDR, in combination with chemotherapy, promotes a shift from tumor-promoting to tumor-suppressing properties in a key component of the pancreatic cancer microenvironment we called CAFu (cancer-associated fibroblasts and selfgenerated extracellular matrix functional units). This beneficial effect translates to reduced desmoplasia (fibrous tumor expansion) and suggests PLDR's potential to improve total neoadjuvant therapy effectiveness. To comprehensively assess this functional shift, we developed the HOST-Factor, a single score integrating multiple biomarkers. This tool provides a more accurate picture of CAFu function compared to individual biomarkers and could be valuable for guiding and monitoring future therapeutic strategies. Our findings support the ongoing NCT04452357 clinical trial testing PLDR safety and TME normalization potential in pancreatic cancer patients. The HOST-Factor will be used in samples collected from this trial to validate its potential as a key tool for personalized medicine in this aggressive disease."
151-415-648-408-19X,"Cancer statistics in Chinese older people, 2022: current burden, time trends, and comparisons with the US, Japan, and the Republic of Korea.",Wen Ju; Rongshou Zheng; Siwei Zhang; Hongmei Zeng; Kexin Sun; Shaoming Wang; Ru Chen; Li Li; Wenqiang Wei; Jie He,"Largely due to population ageing, the cancer burden from older people has been rising, which imposed considerable pressure on current Chinese healthcare system. We provide comprehensive information about cancer burden of Chinese older people based on the most recent data from National Central Cancer Registry of China. The logarithmic linear regression was used to project the current cancer burden in 2022, and Joinpoint regression was used for temporal trend analysis from 2000 to 2017. We also estimated cancer statistics of older people in the US, Japan and the Republic of Korea for comparisons. It is estimated that 2.79 million cases and 1.94 million deaths occur for Chinese older people, representing 55.8% and 68.2% of cases and deaths in all population in 2022. The overall cancer incidence rate gradually increased among older women, while the mortality rates declined for both sexes. Notably, approximately 10.0% of all cases and 17.7% of all deaths are from people aged over 80 years, and cancer incidence and mortality in this age group showed upward trends for women. Lung cancer and digestive cancers are the leading cancer types for Chinese older people. Compared with other countries, China has lower incidence rates but higher mortality rates for older people. The rapidly growing burden of prostate cancer, breast cancer, colorectal cancer, and declines in esophageal cancer, stomach cancer, and liver cancer among older people indicate the cancer pattern in China is being in a transition stage to that in developed countries. Our findings imply that it should be the national health priority to meet the growing demands for cancer diagnosis, treatment and care services from the older people as the rapid population ageing in next few decades."
152-733-162-008-647,Regional models of care for systemic therapy: Standards for organization and delivery,Theodore A. Vandenberg; A. Smith; C. McLennan; L. Wilcock; J. Nayler; N. Coakley; C. DeGrasse; Esther Green; Carol Sawka; Maureen E. Trudeau,"17057 Background: Rapidly expanding indications for cancer systemic therapy combined with human resource and facility constraints require innovative approaches to deliver safe, patient-centred, and..."
153-333-617-304-703,Higher volumetric breast density to predict risk for aggressive breast cancer subtype in postmenopausal Korean women.,In Hae Park; Kyungran Ko; Ji Soo Choi; So-Youn Jung; Seeyoun Lee; Seok Won Kim; Youngmee Kwon; Kyung Hwan Shin; Han Sung Kang; Eun Sook Lee; Keun-Seok Lee; Jungsil Ro,"e11584 Background: In Asian population, the peak incidence of breast cancer is women in their late forties. We investigated the association between volumetric breast density and breast cancer risk ..."
153-387-480-844-883,"P75-4 Nanoliposomal irinotecan plus 5-fluorouracil, leucovorin as post-gemcitabine-based therapy in pancreatic cancer",Chinatsu Mori; Masato Ozaka; Takafumi Mie; Takaaki Furukawa; Yuto Yamada; Takeshi Okamoto; Tsuyoshi Takeda; Akiyoshi Kasuga; Masato Matsuyama; Takashi Sasaki; Naoki Sasahira,
153-987-050-332-449,Tumor-intrinsic PRMT5 upregulates FGL1 via methylating TCF12 to inhibit CD8+ T-cell-mediated antitumor immunity in liver cancer.,Jiao Sun; Hongfeng Yuan; Linlin Sun; Lina Zhao; Yufei Wang; Chunyu Hou; Huihui Zhang; Pan Lv; Guang Yang; Ningning Zhang; Wei Lu; Xiaodong Zhang,"Protein arginine methyltransferase 5 (PRMT5) acts as an oncogene in liver cancer, yet its roles and in-depth molecular mechanisms within the liver cancer immune microenvironment remain mostly undefined. Here, we demonstrated that disruption of tumor-intrinsic PRMT5 enhances CD8<sup>+</sup> T-cell-mediated antitumor immunity both <i>in vivo</i> and <i>in vitro</i>. Further experiments verified that this effect is achieved through downregulation of the inhibitory immune checkpoint molecule, fibrinogen-like protein 1 (FGL1). Mechanistically, PRMT5 catalyzed symmetric dimethylation of transcription factor 12 (TCF12) at arginine 554 (R554), prompting the binding of TCF12 to FGL1 promoter region, which transcriptionally activated FGL1 in tumor cells. Methylation deficiency at TCF12-R554 residue downregulated FGL1 expression, which promoted CD8<sup>+</sup> T-cell-mediated antitumor immunity. Notably, combining the PRMT5 methyltransferase inhibitor GSK591 with PD-L1 blockade efficiently inhibited liver cancer growth and improved overall survival in mice. Collectively, our findings reveal the immunosuppressive role and mechanism of PRMT5 in liver cancer and highlight that targeting PRMT5 could boost checkpoint immunotherapy efficacy."
154-004-965-819-032,Editor's Note: Detection of Wilms' Tumor Antigen-Specific CTL in Tumor-Draining Lymph Nodes of Patients with Early Breast Cancer.,Roopinder Gillmore; Shao-An Xue; Angelika Holler; Jaspal Kaeda; Dimitri Hadjiminas; Vourneen Healy; Roberto Dina; Suzanne C Parry; Ilaria Bellantuono; Yasmeen Ghani; R Charles Coombes; Jonathan Waxman; Hans J Stauss,
154-106-143-930-257,Mechanisms of Metastasis,Ngoc-Han Ha; Farhoud Faraji; Kent W. Hunter,
154-336-141-041-433,Evaluation of a Pilot Communication Skills Training Intervention for Minority Cancer Patients,Carma L. Bylund; Elliott J. Goytia; Thomas A. D'Agostino; Linda Bulone; Jennifer Horner; Yuelin Li; Margaret Kemeny; Jamie S. Ostroff,
154-399-282-361-201,Global cancer statistics 2018: GLOBOCAN estimates of incidence and mortality worldwide for 36 cancers in 185 countries,Freddie Bray; Jacques Ferlay; Isabelle Soerjomataram; Rebecca L. Siegel; Lindsey A. Torre; Ahmedin Jemal,"This article provides a status report on the global burden of cancer worldwide using the GLOBOCAN 2018 estimates of cancer incidence and mortality produced by the International Agency for Research on Cancer, with a focus on geographic variability across 20 world regions. There will be an estimated 18.1 million new cancer cases (17.0 million excluding nonmelanoma skin cancer) and 9.6 million cancer deaths (9.5 million excluding nonmelanoma skin cancer) in 2018. In both sexes combined, lung cancer is the most commonly diagnosed cancer (11.6% of the total cases) and the leading cause of cancer death (18.4% of the total cancer deaths), closely followed by female breast cancer (11.6%), prostate cancer (7.1%), and colorectal cancer (6.1%) for incidence and colorectal cancer (9.2%), stomach cancer (8.2%), and liver cancer (8.2%) for mortality. Lung cancer is the most frequent cancer and the leading cause of cancer death among males, followed by prostate and colorectal cancer (for incidence) and liver and stomach cancer (for mortality). Among females, breast cancer is the most commonly diagnosed cancer and the leading cause of cancer death, followed by colorectal and lung cancer (for incidence), and vice versa (for mortality); cervical cancer ranks fourth for both incidence and mortality. The most frequently diagnosed cancer and the leading cause of cancer death, however, substantially vary across countries and within each country depending on the degree of economic development and associated social and life style factors. It is noteworthy that high-quality cancer registry data, the basis for planning and implementing evidence-based cancer control programs, are not available in most low- and middle-income countries. The Global Initiative for Cancer Registry Development is an international partnership that supports better estimation, as well as the collection and use of local data, to prioritize and evaluate national cancer control efforts. CA: A Cancer Journal for Clinicians 2018;0:1-31. © 2018 American Cancer Society."
154-473-449-674-473,EP.17.18 Refining Lung Cancer Diagnosis Through Multidisciplinary Team Collaboration,X. Zhang; C. He; G. Liang; K. Ye; L. Kang; C. Shi; P. Cui; H. Wang,
154-599-934-781-065,Table 1,Simon Pearce; Alicia-Marie Conway; Alexandra Clipson; Steven M. Hill; Caroline Dive; Natalie Cook; Dominic Rothwell,
154-882-200-998-330,NM23 Metastasis Suppressor Gene,Patricia S. Steeg; Jong Heun Lee; Christine Horak,
155-058-459-093-89X,Discovery of 2-(3-Benzamidopropanamido)thiazole-5-carboxylate Inhibitors of the Kinesin HSET (KIFC1) and the Development of Cellular Target Engagement Probes.,François Saint-Dizier; Thomas P Matthews; Aaron M Gregson; Hugues Prevet; Tatiana McHardy; Giampiero Colombano; Harry Saville; Martin Rowlands; Caroline Ewens; P Craig McAndrew; Kathy Tomlin; Delphine Guillotin; Grace Wing-Yan Mak; Konstantinos Drosopoulos; Ioannis Poursaitidis; Rosemary Burke; Rob van Montfort; Spiros Linardopoulos; Ian Collins,"The existence of multiple centrosomes in some cancer cells can lead to cell death through the formation of multipolar mitotic spindles and consequent aberrant cell division. Many cancer cells rely on HSET (KIFC1) to cluster the extra centrosomes into two groups to mimic the bipolar spindle formation of non-centrosome-amplified cells and ensure their survival. Here, we report the discovery of a novel 2-(3-benzamidopropanamido)thiazole-5-carboxylate with micromolar in vitro inhibition of HSET (KIFC1) through high-throughput screening and its progression to ATP-competitive compounds with nanomolar biochemical potency and high selectivity against the opposing mitotic kinesin Eg5. Induction of the multipolar phenotype was shown in centrosome-amplified human cancer cells treated with these inhibitors. In addition, a suitable linker position was identified to allow the synthesis of both fluorescent- and <i>trans</i>-cyclooctene (TCO)-tagged probes, which demonstrated direct compound binding to the HSET protein and confirmed target engagement in cells, through a click-chemistry approach."
155-432-676-784-758,Cancer to cancer metastasis,Gary N. Pesselnick,
155-787-018-816-976,Correction: Chromatin profile-based identification of a novel ER-positive breast cancer subgroup with reduced ER-responsive element accessibility.,Kohei Kumegawa; Sumito Saeki; Yoko Takahashi; Liying Yang; Tomo Osako; Tomoyoshi Nakadai; Sayuri Amino; Tetsuyo Maeda; Chikako Takahata; Seiichi Mori; Tetsuo Noda; Shinji Ohno; Takayuki Ueno; Reo Maruyama,
155-811-624-048-708,IDENTIFICATION OF TUMOUR ANTIGENS THAT MAY FACILITATE EFFECTIVE CANCER DETECTION AND TREATMENT,Eithar Mohamed,"Antigens expression in both normal tissues and main cancers incldue ('breast cancer', 'glioma', 'lymphoma', 'prostate cancer', 'carcinoid', 'cervical cancer', 'head and neck cancer', 'ovarian cancer', 'stomach cancer', 'liver cancer', 'pancreatic cancer',<br> 'testis cancer', 'colorectal cancer', 'lung cancer', 'thyroid cancer', 'endometrial cancer',<br> 'renal cancer', 'urothelial cancer', 'melanoma', 'skin cancer')"
155-923-785-103-188,Table of Contents,Colin Binns; Peter Howat; Jonine Jancey; Sarah Carter; Belinda Crawford Camiciottoli; Rowena Yamazaki; Elise Franke; Sue Amanatidis; Jioji Ravulo; Kate Steinbeck; Jan Ritchie; Siranda Torvaldsen; Kylie Ball; Jennifer Mouchacca; Michelle Jackson; Christina Pollard; Anett Nyaradi; Matthew Lester; Kay Sauer; Anna Mactiernan; Lin Fritschi; Terry Slevin; Geoffrey Jalleh; Rob Donovan; Jane Heyworth; Megan Varlow; Ingrid Stacey; Sally Dunlop; Jane Young; James Kite; Anita Dessaix; Claire McAulay; Melanie Pescud; Simone Pettigrew; Julie Woods; Alexander Bressan; Corrina Langelaan; Angela L. Mallon; Claire Palermo; Gwyn Jolley; Toby Freeman; Fran Baum; Catherine Hurley; Angela Lawless; Michael Bentley; Ronald Labonté; David Sanders,
156-060-715-422-074,THE RITUXIMAB MAINTENANCE THERAPY IMPROVES PROGNOSIS OF TRANSFORMED DIFFUSE LARGE B CELL LYMPHOMA,Hideki Uryu; Yuji Mishima; Yuko Shirouchi; Takanori Fukuta; Anna Nishihara; Norihito Inoue; Yoshiharu Kusano; Noriko Nishimura; Masahiro Yokoyama; Naoko Tsuyama; Kengo Takeuchi; Yasuhito Terui,
156-109-601-984-786,Data from Gossypol Induces Apoptosis by Activating p53 in Prostate Cancer Cells and Prostate Tumor–Initiating Cells,Suresh R. Volate; Brian T. Kawasaki; Elaine M. Hurt; John A. Milner; Young S. Kim; Jeffrey White; William L. Farrar,"<jats:p>&lt;div&gt;Abstract&lt;p&gt;Prostate cancer continues to represent a burgeoning medical problem in the United States. Recent studies suggest that gossypol, a bioactive phytochemical produced by cotton plants, is a promising agent against prostate cancer. The current studies were undertaken to examine the chemotherapeutic efficacy of gossypol on human prostate cancer cell lines and prostate tumor–initiating cells. Gossypol reduced the viability of three prostate cancer cell lines (LAPC4, PC3, and DU145) with an IC&lt;sub&gt;50&lt;/sub&gt; between 3 and 5 μmol/L. Additionally, gossypol was effective at inhibiting prostate tumor–initiating cell-driven tumor growth in a nonobese diabetic/severe combined immunodeficient xenograft model. Our integrated molecular profiling approach encompassing proteomics, activated transcription factors, and genomics suggests that the decrease in viability was associated with increased DNA damage and the induction of apoptosis. Exposure of DU145 cells to gossypol (1–10 μmol/L) resulted in the activation of 13 proteins and 7 transcription factors, and the expression of 17 genes involved in the mitochondrial pathway of apoptosis. These studies show for the first time that gossypol treatment induces DNA damage and activates p53. Collectively, these data support the use of gossypol as a novel agent for prostate cancer. Mol Cancer Ther; 9(2); 461–70&lt;/p&gt;&lt;/div&gt;</jats:p>"
156-251-403-928-086,Sarcopenia: the 'hidden' marker of surgical outcome.,Jean Wong; Ayman Khan; Joseph Kong; Satish Warrier; Alexander Heriot,
156-442-654-449-081,Profiles of Cancer Patients at Surgical Oncology Outpatient Clinic at Dharmais Cancer Hospital as National Referral Hospital in Indonesia from 2017 to 2021,Rian Fabian Sofyan; Ramadhan Ramadhan; Denni Joko Purwanto; Walta Gautama; Alban W Dien; Bayu Brahma; Bob Andinata Iskandar; Febriyanto Kurniawan; Abdul Muhaimin Husein; Nafilla Nesantya Sabatini; Asto Ginawang,"<jats:p>Background: Cancer is one of the leading causes of death in the world. Dharmais Cancer Hospital is set to be the National Cancer Center with an obligation to support all hospitals throughout the country that specialize in cancer. Surgical Oncology is one of the departments that handles the most cases in Dharmais Cancer Hospital. The types of cancers that are managed in Surgical Oncology Departments are breast cancer, head and neck cancer, thyroid cancer, skin cancer, and soft tissue cancer. Objective: This paper aims to find the newly diagnosed cancer patients’ characteristics and socioeconomic features in Dharmais National Cancer Center from 2017 to 2021. Methods: The study was a cross-sectional descriptive study using the medical record database of outpatients at Dharmais Cancer Hospital as a data collection method from 2017 until 2021. The sample size includes all new cancer patients in Dharmais Cancer Hospital that have been recorded. Result: Over 500,000 patients visited Dharmais Cancer Hospital in the last 5 years with an average of over 100,000 visits per year. Over 90% of the patients have solid tumors, and over eight thousand patients were admitted to the Surgical Oncology Outpatient Clinic, it was concluded that the most frequently diagnosed type of cancer is breast cancer (66.7%) of all types of cancer in the past 5 years. Most of the new patients are female (88.1%) with the most common age group of 40 to 55 years old (50.7%). Most of the patients are senior high school graduates (42.8%). Conclusions: The general characteristic of cancer patients is dominated by breast cancer patients, most patients are female, in the age group between 40 to 55 years old, and senior high school graduates. Further studies need to be done on each type of cancer to have a better understanding of the profiles and characteristics of solid cancer patients in Dharmais Cancer Hospital. </jats:p>"
156-563-828-453-699,Additional file 4 of Fibrillarin-mediated ribosomal RNA maturation is a novel therapeutic vulnerability in triple-negative breast cancer,Camille Jouines; Piero Lo Monaco; Angéline Gaucherot; Julie Radermecker; Caroline Isaac; Fleur Bourdelais; Marie-Ambre Monet; Marion Meyer; Mounira Chalabi-Dchar; Flora Nguyen Van Long; Laury Baillon; Carine Froment; Julien Marcoux; Christophe Vanbelle; Tanguy Fenouil; Sébastien Durand; Stéphane Giraud; Jean-Jacques Diaz; Virginie Marcel; Frédéric Catez,Supplementary Material 4
156-968-043-493-784,"Regional disparities in major cancer incidence in Korea, 1999-2018.",Eun Hye Park; Mee Joo Kang; Kyu-Won Jung; Eun Hye Park; E Hwa Yun; Hye-Jin Kim; Hyun-Joo Kong; Chang Kyun Choi; Jeong-Soo Im; Hong Gwan Seo,"<AbstractText Label=""OBJECTIVES"" NlmCategory=""OBJECTIVE"">This study investigated regional disparities in the incidence of 8 major cancers at the municipal level in Korea during 1999-2018 and evaluated the presence or absence of hot spots of cancer clusters during 2014-2018.</AbstractText>;           <AbstractText Label=""METHODS"" NlmCategory=""METHODS"">The Korea National Cancer Incidence Database was used. Age-standardized incidence rates were calculated by gender and region at the municipal level for 4 periods of 5 years and 8 cancer types. Regional disparities were calculated as both absolute and relative measures. The possibility of clusters was examined using global Moran's I with a spatial weight matrix based on adjacency or distance.</AbstractText>;           <AbstractText Label=""RESULTS"" NlmCategory=""RESULTS"">Regional disparities varied depending on cancer type and gender during the 20-year study period. For men, the regional disparities of stomach, colon and rectum, lung, and liver cancer declined, and those of thyroid and prostate cancer recently decreased, despite an overall increasing incidence. For women, regional disparities in stomach, colon and rectum, lung, liver, and cervical cancer declined, that of thyroid cancer recently decreased, despite an overall increasing incidence, and that of breast cancer steadily increased. In 2014-2018, breast cancer (I, 0.61; 95% confidence interval [CI], 0.53 to 0.70) showed a high probability of cancer clusters in women, and liver cancer (I, 0.48; 95% CI, 0.40 to 0.56) showed a high probability of cancer clusters in men.</AbstractText>;           <AbstractText Label=""CONCLUSIONS"" NlmCategory=""CONCLUSIONS"">Disparities in cancer incidence that were not seen at the national level were discovered at the municipal level. These results could provide important directions for planning and implementing local cancer policies.</AbstractText>"
157-003-408-843-405,Editor's Note: A Small-Molecule Inhibitor Targeting TRIP13 Suppresses Multiple Myeloma Progression.,Yingcong Wang; Jing Huang; Bo Li; Han Xue; Guido Tricot; Liangning Hu; Zhijian Xu; Xiaoxiang Sun; Shuaikang Chang; Lu Gao; Yi Tao; Hongwei Xu; Yongsheng Xie; Wenqin Xiao; Dandan Yu; Yuanyuan Kong; Gege Chen; Xi Sun; Fulin Lian; Naixia Zhang; Xiaosong Wu; Zhiyong Mao; Fenghuang Zhan; Weiliang Zhu; Jumei Shi,"The editors are publishing this note to alert readers to a concern about this article (1).In Supplementary Fig. S6B, the same image was used to represent hematoxylin and eosin staining in the kidney for both"
157-658-823-948-156,Correction: Flightless I Homolog Represses Prostate Cancer Progression through Targeting Androgen Receptor Signaling.,Tao Wang; Wen Song; Yuan Chen; Ruibao Chen; Zhuo Liu; Licheng Wu; Mingchao Li; Jun Yang; Liang Wang; Jihong Liu; Zhangqun Ye; Chenguang Wang; Ke Chen,"In the original version of this article (1), Supplementary Fig. S6D contained the experimental pictures for LNCaP instead of C4-2. The figure file has been replaced with a corrected version in the latest online HTML of the article. The authors regret the error."
157-659-538-807-834,Bevacizumab combined with atezolizumab or sintilimab as second-line treatment in patients with advanced hepatocellular carcinoma: A retrospective study.,Leijuan Gan; Huikai Li; Qiang Wu; Qiang Li; Yunlong Cui; Wei Zhang; Feng Fang; Wei Lu; Guangtao Li; Shaohua Ren; Yayue Liu; Mengran Lang; Ruyu Han; Tianqiang Song,"<jats:p> 544 </jats:p><jats:p> Background: The combination of bevacizumab and immune checkpoint inhibitors (ICI) has demonstrated promising efficacy and safety in the first-line treatment of advanced hepatocellular carcinoma (HCC). However, this combination has not been examined in patients with previous first-line treatment of ICI and tyrosine kinase inhibitor. This study aimed to investigate the effectiveness and safety of bevacizumab combined with atezolizumab or sintilimab as second-line treatment in patients with advanced HCC. Methods: The retrospective study included patients with advanced HCC who received combined therapy of bevacizumab and atezolizumab or sintilimab after failure of lenvatinib plus ICI between July 28, 2020 and March 7, 2022. Baseline patient characteristics were collected. Treatment response, overall response rate (ORR) and disease control rate (DCR) were evaluated according to response evaluation criteria in solid tumors (RECIST) version 1.1. Overall survival (OS) and progression-free survival (PFS) were analyzed by the Kaplan-Meier method. Treatment-related adverse events were graded according to Common Terminology Criteria for Adverse Events (CTCAE) Version 5.0. Results: A total of 20 patients with advanced HCC were included, with a median follow-up time of 11.05 (5.03-20.63) months. Eleven patients died by the last follow-up on August 12, 2022. There were 18 males (90%) and two females (10%). The average age was 59.9±12.08 years. Seven patients (35%) had distant metastasis, and nine (45%) had vascular invasion. Liver function was classified as Child-Pugh grade A in 17 patients (85%) and grade B in three (15%). Patients with Barcelona Clinic Liver Cancer (BCLC) stages B, C and D were 1 (5%), 16 (80%) and 3 (15%), respectively. Eighteen patients (90%) had previous topical therapy. Of all patients previously administered lenvatinib plus ICI as first-line treatment, 14 (70%) had PFS longer than three months. ORR and DCR were 15% (95% confidence interval [CI], 3.2-37.9) and 55% (95% CI, 31.5-76.9), respectively. Median OS was 8.00 months (95% CI, 0.00-16.66), while median PFS was 3.80 months (95% CI, 2.41-5.19). Adverse events were observed in 14 patients (70%). Adverse events of grade 3 or worse occurred in six patients (30%). Conclusions: The combination of bevacizumab with atezolizumab or sintilimab had tolerable safety profile but poor response in the second-line treatment of HCC. Despite the satisfying efficacy as first-line therapy, this combination is not a cost-effective recommendation for advanced HCC cases who failed the first-line treatment of lenvatinib plus ICI. [Table: see text] </jats:p>"
158-028-980-100-933,Editor's Note: Superior Efficacy of a Combined Epigenetic Therapy against Human Mantle Cell Lymphoma Cells.,Warren Fiskus; Rekha Rao; Ramesh Balusu; Siddhartha Ganguly; Jianguo Tao; Eduardo Sotomayor; Uma Mudunuru; Jacqueline E Smith; Stacey L Hembruff; Peter Atadja; Victor E Marquez; Kapil Bhalla,
158-242-994-618-490,Erratum: Hypoxia induced exosomal circRNA promotes metastasis of Colorectal Cancer via targeting GEF-H1/RhoA axis: Erratum.,Haiou Yang; Haiyang Zhang; Yuchong Yang; Xinyi Wang; Ting Deng; Rui Liu; Tao Ning; Ming Bai; Hongli Li; Kegan Zhu; Jialu Li; Qian Fan; Guoguang Ying; Yi Ba,[This corrects the article DOI: 10.7150/thno.44419.].
158-430-079-736-221,"Breast Cancer, Version 3.2022, NCCN Clinical Practice Guidelines in Oncology.",William J Gradishar; Meena S Moran; Jame Abraham; Rebecca Aft; Doreen Agnese; Kimberly H Allison; Bethany Anderson; Harold J Burstein; Helen Chew; Chau Dang; Anthony D Elias; Sharon H Giordano; Matthew P Goetz; Lori J Goldstein; Sara A Hurvitz; Steven J Isakoff; Rachel C Jankowitz; Sara H Javid; Jairam Krishnamurthy; Marilyn Leitch; Janice Lyons; Joanne Mortimer; Sameer A Patel; Lori J Pierce; Laura H Rosenberger; Hope S Rugo; Amy Sitapati; Karen Lisa Smith; Mary Lou Smith; Hatem Soliman; Erica M Stringer-Reasor; Melinda L Telli; John H Ward; Kari B Wisinski; Jessica S Young; Jennifer Burns; Rashmi Kumar,"The therapeutic options for patients with noninvasive or invasive breast cancer are complex and varied. These NCCN Clinical Practice Guidelines for Breast Cancer include recommendations for clinical management of patients with carcinoma in situ, invasive breast cancer, Paget disease, phyllodes tumor, inflammatory breast cancer, and management of breast cancer during pregnancy. The content featured in this issue focuses on the recommendations for overall management of ductal carcinoma in situ and the workup and locoregional management of early stage invasive breast cancer. For the full version of the NCCN Guidelines for Breast Cancer, visit NCCN.org."
158-458-598-813-254,Retraction: CD44 Expression Denotes a Subpopulation of Gastric Cancer Cells in Which Hedgehog Signaling Promotes Chemotherapy Resistance.,Changhwan Yoon; Do Joong Park; Benjamin Schmidt; Nicholas J Thomas; Hae-June Lee; Teresa S Kim; Yelena Y Janjigian; Deirdre J Cohen; Sam S Yoon,
158-547-328-961-112,A prospective study of neoadjuvant pembrolizumab plus chemotherapy for resectable esophageal squamous cell carcinoma: The Keystone-001 trial.,Xiaobin Shang; Yongjie Xie; Jinpu Yu; Chen Zhang; Gang Zhao; Fei Liang; Liang Liu; Weihong Zhang; Runmei Li; Wenwen Yu; Jie Yue; Chuangui Chen; Xiaofeng Duan; Zhao Ma; Zuoyu Chen; Yanjuan Xiong; Fan Yang; Jianyu Xiao; Rui Zhang; Pengpeng Liu; Yanan Cheng; Fuliang Cao; Feng Guo; Guoyan Liu; Bin Meng; Dejun Zhou; Yan Sun; Xiubao Ren; Jun Yu; Jihui Hao; Hongjing Jiang,
158-817-028-453-412,Metabolic Dysregulation and Cancer Risk Program (MeDOC): a transdisciplinary approach to obesity-associated cancers.,Tram Kim Lam; Phil Daschner; Naoko Ishibe; Anil Wali; Kara Hall; Susan Czajkowski; Somdat Mahabir; Joanna M Watson; Linda Nebeling; Sharon Ross; Edward Sauter,"With the escalating prevalence of obesity, the association between obesity and cancer is a growing public health concern. Obesity will soon surpass tobacco smoking as the most important preventable cause of cancer. Obesity-driven mechanisms can alter cell functions to induce metabolic changes, chronic inflammation, and insulin resistance that are believed to contribute to cancer risk and development; yet the specific underlying biological mechanisms of obesity-related cancer development are largely unknown. The Metabolic Dysregulation and Cancer Risk Program: a transdisciplinary approach to obesity-associated cancers (MeDOC) is a trans-National Cancer Institute research initiative supported by the Division of Cancer Control and Population Sciences, the Division of Cancer Biology, the Division of Cancer Prevention, and the Center to Reduce Cancer Health Disparities. The overall purpose of the MeDOC Program is to advance our understanding of the underlying mechanisms that connect obesity, metabolic dysregulation, and increased obesity cancer risk as well as identify markers that will enhance cancer risk prediction, improve screening for high-risk individuals, and identify targets for preventive and therapeutic interventions for cancer interception or treatment. This report describes the funded research projects, the Coordinating Center, and the goals of the MeDOC program."
158-835-939-712-461,Phase 1 pharmacokinetic and pharmacodynamic trial of docetaxel and 17AAG (17-allylamino-17-demethoxygeldanamycin),D. B. Solit; M. Egorin; G. Valentin; A. Delacruz; Q. Ye; L. Schwartz; S. Larson; N. Rosen; H. I. Scher,
159-547-521-963-378,"Data used in the study ""mRNA vaccination boosts spike-specific T cell memory and promotes expansion of CD45RAint TEMRA-like CD8+ T cells in COVID-19 recovered individuals""",Koshlan Mayer-Blackwell; Amy Codd; Hugh MacMillan; Kristen W. Cohen; Terri Stewart; Aaron Seese; Maria Lemos; Stephen C. De Rosa; Julie Czartoski; Zoe Moodie; Long T. Nguyen; Donald J. McGuire; Rafi Ahmed; Andrew Fiore-Gartland; M. Juliana McElrath; Evan W. Newell,"Data associated with an original research study examining T cell responses to mRNA vaccination in COVID-19 recovered individuals. 10X Cell Ranger outputs, bulk TCR sequencing data, and T cell functional (ICS) data in this study have been deposited. Authors KMB and HR contributed equally to this effort. Address correspondence to EWN."
159-621-499-505-102,Data from Single Nucleotide Polymorphisms in the <i>TP53</i> Region and Susceptibility to Invasive Epithelial Ovarian Cancer,Joellen M. Schildkraut; Ellen L. Goode; Merlise A. Clyde; Edwin S. Iversen; Patricia G. Moorman; Andrew Berchuck; Jeffrey R. Marks; Jolanta Lissowska; Louise Brinton; Beata Peplonska; Julie M. Cunningham; Robert A. Vierkant; David N. Rider; Georgia Chenevix-Trench; Penelope M. Webb; Jonathan Beesley; Xiaoqing Chen; Catherine Phelan; Rebecca Sutphen; Thomas A. Sellers; Leigh Pearce; Anna H. Wu; David Van Den Berg; David Conti; Christopher K. Elund; Rebecca Anderson; Marc T. Goodman; Galina Lurie; Michael E. Carney; Pamela J. Thompson; Simon A. Gayther; Susan J. Ramus; Ian Jacobs; Susanne Krüger Kjaer; Estrid Hogdall; Jan Blaakaer; Claus Hogdall; Douglas F. Easton; Honglin Song; Paul D.P. Pharoah; Alice S. Whittemore; Valerie McGuire; Lydia Quaye; Hoda Anton-Culver; Argyrios Ziogas; Kathryn L. Terry; Daniel W. Cramer; Susan E. Hankinson; Shelley S. Tworoger; Brian Calingaert; Stephen Chanock; Mark Sherman; Montserrat Garcia-Closas,"<jats:p>&lt;div&gt;Abstract&lt;p&gt;The p53 protein is critical for multiple cellular functions including cell growth and DNA repair. We assessed whether polymorphisms in the region encoding &lt;i&gt;TP53&lt;/i&gt; were associated with risk of invasive ovarian cancer. The study population includes a total of 5,206 invasive ovarian cancer cases (2,829 of which were serous) and 8,790 controls from 13 case-control or nested case-control studies participating in the Ovarian Cancer Association Consortium (OCAC). Three of the studies performed independent discovery investigations involving genotyping of up to 23 single nucleotide polymorphisms (SNP) in the &lt;i&gt;TP53&lt;/i&gt; region. Significant findings from this discovery phase were followed up for replication in the other OCAC studies. Mixed effects logistic regression was used to generate posterior median per allele odds ratios (OR), 95% probability intervals (PI), and Bayes factors (BF) for genotype associations. Five SNPs showed significant associations with risk in one or more of the discovery investigations and were followed up by OCAC. Mixed effects analysis confirmed associations with serous invasive cancers for two correlated (&lt;i&gt;r&lt;sup&gt;2&lt;/sup&gt;&lt;/i&gt; = 0.62) SNPs: rs2287498 (median per allele OR, 1.30; 95% PI, 1.07–1.57) and rs12951053 (median per allele OR, 1.19; 95% PI, 1.01–1.38). Analyses of other histologic subtypes suggested similar associations with endometrioid but not with mucinous or clear cell cancers. This large study provides statistical evidence for a small increase in risk of ovarian cancer associated with common variants in the &lt;i&gt;TP53&lt;/i&gt; region. [Cancer Res 2009;69(6):2349–57]&lt;/p&gt;&lt;/div&gt;</jats:p>"
159-806-103-955-977,ASO Author Reflections: Using Efficacy Index to Clarify the Clinical Value of Each Lymph Node Station for Esophageal Squamous Cell Carcinoma.,Xin Nie; Kexun Li; Lin Peng; Xuefeng Leng,
159-867-334-548-104,(Outdated) Evolutionary characterisation of lung adenocarcinoma morphology in TRACERx,Takahiro Karasaki; David A Moore; Nicholas McGranahan; Charles Swanton; Mariam Jamal-Hanjani,"(This is not the official release!!) Official release is doi.org/10.5281/zenodo.7683605 Scripts and input data for figures in ""Evolutionary characterisation of lung adenocarcinoma morphology in TRACERx"" (Nature Medicine 2023)"
160-601-106-785-05X,Correction: ATF3 Repression of BCL-XL Determines Apoptotic Sensitivity to HDAC Inhibitors Across Tumor Types.,Anderly C Chüeh; Janson W T Tse; Michael Dickinson; Paul Ioannidis; Laura Jenkins; Lars Togel; BeeShin Tan; Ian Luk; Mercedes Davalos-Salas; Rebecca Nightingale; Matthew R Thompson; Bryan R G Williams; Guillaume Lessene; Erinna F Lee; Walter D Fairlie; Amardeep S Dhillon; John M Mariadason,"In the original version of this article (1), Fig. 3A used the same b-tubulin control for FOS and JUN, and the legend for Fig. 4 did not clarify that the same HCT116 b-"
160-785-353-398-849,Phase II study of weekly paclitaxel (PAC) and bryostatin-1 (BRYO) in hormone refractory prostate cancer (HRPC),G. R. Hudes; P. Celano; F. Torti; Ali Tabatabai; A. Murgo; A. Hussain,"4714 Background: Augmenting the antitumor activity of taxanes is a logical approach to improve treatment for patients with HRPC. BRYO, an inhibitor of protein kinase C and CDK2 activity, enhances t..."
161-032-355-506-989,Birth weight and adult cancer incidence: large prospective study and meta-analysis,TienYu Owen Yang; G Reeves; J. Green; V. Beral; B.J. Cairns; Hayley Abbiss; Simon Abbott; Miranda E G Armstrong; Angela Balkwill; Vicky Benson; Valerie Beral; Judith Black; Kathryn E. Bradbury; Anna Brown; Andrea Buron; Benjamin J Cairns; Dexter Canoy; Andrew Chadwick; Barbara Crossley; Francesca L. Crowe; Dave Ewart; Sarah Ewart; Lee Fletcher; Sarah Floud; T Gathani; Laura Gerrard; Adrian Goodill; Jane Green; Lynden Guiver; Michal Hozak; Sau Wan Kan; Timothy J. Key; Oksana Kirichek; M E Kroll; Nicky Langston; Isobel Lingard; Maria Jose Luque; Kath Moser; Lynn Pank; Kirstin Pirie; Gillian K Reeves; Keith Shaw; Emma Sherman; Evie Sherry-Starmer; Julie A. Schmidt; Helena Strange; Sian Sweetland; Alison Timadjer; Sarah J. Tipper; Ruth C. Travis; Lyndsey Trickett; Lucy Wright; Owen Yang; Heather Young,"BACKGROUND: Most evidence about associations between birth weight and adult cancer risk comes from studies linking birth records to cancer registration data, where information on known risk factors for cancer is generally lacking. Here, we report on associations between birth weight and cause-specific cancer risk in a large cohort of UK women, and investigate how observed associations are affected by other factors. METHODS: A total of 453 023 women, born in the 1930s and 1940s, reported their birth weight, maternal smoking, parental heights, age at menarche, adult height, adult smoking, and many other personal characteristics. They were followed for incident cancer. Using Cox regression, relative risks by birth weight were estimated for cancers with more than 1500 incident cases, adjusting for 17 potential confounding factors, individually and simultaneously. RESULTS: Birth weight reported in adulthood was strongly correlated with that recorded at birth (correlation coefficient = 0.78, P 0.01 for every cancer, after adjustment). In contrast, adult height was strongly related to the risk of every cancer except lung cancer, after adjusting for birth weight and other factors (P[trend] < 0.0001 for most cancers). For lung cancer, adjusting for smoking reduced the association with birth weight. Meta-analyses were dominated by our findings. CONCLUSION: Birth weight and adult height are correlated and likely to be markers of some aspect of growth that affects cancer risk in adulthood. However, birth weight adds little, if any, additional information to adult height as a predictor of cancer incidence in women."
161-642-843-479-623,"Breast Cancer, Version 3.2024, NCCN Clinical Practice Guidelines in Oncology.",William J Gradishar; Meena S Moran; Jame Abraham; Vandana Abramson; Rebecca Aft; Doreen Agnese; Kimberly H Allison; Bethany Anderson; Janet Bailey; Harold J Burstein; Nan Chen; Helen Chew; Chau Dang; Anthony D Elias; Sharon H Giordano; Matthew P Goetz; Rachel C Jankowitz; Sara H Javid; Jairam Krishnamurthy; A Marilyn Leitch; Janice Lyons; Susie McCloskey; Melissa McShane; Joanne Mortimer; Sameer A Patel; Laura H Rosenberger; Hope S Rugo; Cesar Santa-Maria; Bryan P Schneider; Mary Lou Smith; Hatem Soliman; Erica M Stringer-Reasor; Melinda L Telli; Mei Wei; Kari B Wisinski; Kay T Yeung; Jessica S Young; Ryan Schonfeld; Rashmi Kumar,"Breast cancer is treated with a multidisciplinary approach involving surgical oncology, radiation oncology, and medical oncology. The NCCN Clinical Practice Guidelines in Oncology (NCCN Guidelines) for Breast Cancer include recommendations for clinical management of patients with carcinoma in situ, invasive breast cancer, Paget's disease, Phyllodes tumor, inflammatory breast cancer, and management of breast cancer during pregnancy. The content featured in this issue focuses on the recommendations for overall management of systemic therapy (preoperative and adjuvant) options for nonmetastatic breast cancer. For the full version of the NCCN Guidelines for Breast Cancer, visit NCCN.org."
161-880-594-153-123,Survival in locally advanced pancreatic cancer after chemotherapy and radiation therapy,A. Mitsakos; N. Nardella; D. Berhan; D. Kalos; A. Oraiqat; J. Frakes; S. Hoffe; R. Palm; D.W. Kim; A. Sinnamon; J. Pimiento; J. Denbo; M. Malafa; J. Fleming; P. Hodul,
162-356-680-751-66X,International Journal of Cancer Studies & Research,,"International Journal of Cancer Studies & Research (IJCR) ISSN:2167-9118 is a comprehensive, peer reviewed journal devoted to Cancer Studies and Research. publishes original research, latest developments, review papers, scientific data, editorials from leading scientists and scholars around the world. SciDoc also includes articles on Tumor Science,Cancer Technology and Cancer therapeutics.IJCR publishes following fields:Cancer Studies and Research,Cancer Biomarkers,Cancer Therapy,Cancer Cells,Cancer Informatics,Cancer Genetics & Epigenetics,Mutagenesis,Cancer Genomics,Cancer Biology,Clinical trials,Molecular Cancer,Anti Cancer Drugs,Types of Cancer,Stem Cell Research,Anti Cancer Therapy,Carcinogenesis,Apoptosis,Cancer Epidemiology,Tumour Studies,Pathophysiology,Latest Technology in Cancer Detection"
162-677-958-772-455,Editor's Note: Combining EGFR and mTOR Blockade for the Treatment of Epithelioid Sarcoma.,Xianbiao Xie; Markus P H Ghadimi; Eric D Young; Roman Belousov; Quan-Sheng Zhu; Juehui Liu; Gonzalo Lopez; Chiara Colombo; Tingsheng Peng; David Reynoso; Jason L Hornick; Alexander J Lazar; Dina Lev,
162-837-933-783-238,Correction: Randomized Phase II Trial of Dendritic Cell/Myeloma Fusion Vaccine with Lenalidomide Maintenance after Upfront Autologous Hematopoietic Cell Transplantation for Multiple Myeloma: BMT CTN 1401.,David J Chung; Nina Shah; Juan Wu; Brent Logan; Lina Bisharat; Natalie Callander; Giulia Cheloni; Kenneth Anderson; Thinle Chodon; Binod Dhakal; Steve Devine; Poorvi Somaiya Dutt; Yvonne Efebera; Nancy Geller; Haider Ghiasuddin; Peiman Hematti; Leona Holmberg; Alan Howard; Bryon Johnson; Dimitra Karagkouni; Hillard M Lazarus; Ehsan Malek; Philip McCarthy; David McKenna; Adam Mendizabal; Ajay Nooka; Nikhil Munshi; Lynn O'Donnell; Krina Patel; Aaron P Rapoport; Jane Reese; Jacalyn Rosenblatt; Robert Soiffer; Dina Stroopinsky; Lynne Uhl; Ioannis S Vlachos; Edmund K Waller; James W Young; Marcelo C Pasquini; David Avigan,
163-914-374-525-365,Prediction of cancer treatment response from histopathology images through imputed transcriptomics,Eytan Ruppin; Danh-Tai Hoang; Gal Dinstag; Leandro C. Hermida; Doreen S. Ben-Zvi; Efrat Elis; Katherine Caley; Stephen‐John Sammut; Sanju Sinha; Neelam Sinha; Christopher H. Dampier; Chani Stossel; Tejas Patil; Arun Rajan; Wiem Lassoued; Julius Strauss; Shania Bailey; Clint Allen; Jason M. Redman; Tuvik Beker; Peng Jiang; Talia Golan; Scott Wilkinson; Adam G. Sowalsky; Sharon R. Pine; Carlos Caldas; James L. Gulley; Kenneth Aldape; Ranit Aharonov; Eric A. Stone,
164-088-027-562-772,Comprehensive analyses unveil novel genomic and immunological characteristics of micropapillary pattern in lung adenocarcinoma.,Yansong Huo; Leina Sun; Jie Yuan; Hua Zhang; Zhenfa Zhang; Lianmin Zhang; Wuhao Huang; Xiaoyan Sun; Zhe Tang; Yingnan Feng; Huilan Mo; Zuoquan Yang; Chao Zhang; Zicheng Yu; Dongsheng Yue; Bin Zhang; Changli Wang,"Lung adenocarcinoma (LUAD) usually contains heterogeneous histological subtypes, among which the micropapillary (MIP) subtype was associated with poor prognosis while the lepidic (LEP) subtype possessed the most favorable outcome. However, the genomic features of the MIP subtype responsible for its malignant behaviors are substantially unknown. In this study, eight FFPE samples from LUAD patients were micro-dissected to isolate MIP and LEP components, then sequenced by whole-exome sequencing. More comprehensive analyses involving our samples and public validation cohorts on the two subtypes were performed to better decipher the key biological and evolutionary mechanisms. As expected, the LEP and MIP subtypes exhibited the largest disease-free survival (DFS) differences in our patients. <i>EGFR</i> was found with the highest mutation frequency. Additionally, shared mutations were observed between paired LEP and MIP components from single patients, and recurrent mutations were verified in the Lung-Broad, Lung-OncoSG, and TCGA-LUAD cohorts. Distinct biological processes or pathways were involved in the evolution of the two components. Besides, analyses of copy number variation (CNV) and intratumor heterogeneity (ITH) further discovered the possible immunosurveillance escape, the discrepancy between mutation and CNV level, ITH, and the pervasive DNA damage response and WNT pathway gene alternations in the MIP component. Phylogenetic analysis of five pairs of LEP and MIP components further confirmed the presence of ancestral <i>EGFR</i> mutations. Through comprehensive analyses combining our samples and public cohorts, <i>PTP4A3</i>, <i>NAPRT</i>, and <i>RECQL4</i> were identified to be co-amplified. Multi-omics data also demonstrated the immunosuppression prevalence in the MIP component. Our results uncovered the evolutionary pattern of the concomitant LEP and MIP components from the same patient that they were derived from the same initiation cells and the pathway-specific mutations acquired after <i>EGFR</i> clonal mutation could shape the subtype-specificity. We also confirmed the immunosuppression prevalence in the MIP subtype by multi-omics data analyses, which may have resulted in its unfavorable prognosis."
164-497-010-810-052,Phase II study of combretastatin A4 phosphate (CA4P) in patients with advanced anaplastic thyroid carcinoma (ATC),Matthew M. Cooney; P. Savvides; Sanjiv S. Agarwala; D. Wang; Susan M. Flick; S. Bergant; Shyam Bhakta; Pierre Lavertu; Jose Ortiz; Scot C. Remick,"5580 Background: CA4P is the first tubulin-binding vascular disrupting agent tested in the clinic. Phase I studies were devoid of significant myelosuppression, DLT included cardiovascular side effe..."
164-532-470-320-522,Immunotherapy in Pancreatic Cancer,Zachary P. Yeung; Madappa N. Kundranda,
164-554-903-000-266,Abstract P1-13-06: Health Resource Utilization Associated with Skeletal-Related Events in Patients with Bone Metastases: Interim Analysis Results from the US Breast Cancer Cohort of a Multinational Observational Study,A. Mahmood; R Robles; Hassan Ghazal; C Atchison; R. Wei; Karen Chung; J. Pinzone,"<jats:title>Abstract</jats:title>;                <jats:p>Background: Bone metastases are common in women with advanced breast cancer and are frequently associated with skeletal-related events (SREs). The burden of individual SRE types on health resource utilization (HRU) indicators in breast cancer has been only minimally described. Methods: The aim of this ongoing observational, prospective, multinational study is to assess, by tumor type, the amount of HRU associated with different SRE types including pathologic fracture, surgery or radiation to bone, and spinal cord compression. Patients with breast, prostate, or lung cancer and bone metastases or multiple myeloma were enrolled after experiencing a SRE. Inpatient hospitalizations, length of stay, outpatient visits, emergency room visits, nursing home/long-term care facility stays, home health visits, procedures, and medications were collected for the period 90 days prior to enrollment and prospectively to a maximum of 18 months. Each patient could contribute multiple SREs. The investigator determined which HRU were attributed to each SRE. This abstract describes interim analysis data from the US breast cancer cohort; final analysis data will be available 9/2010.</jats:p>;                <jats:p>Results: As of 12/1/2009, 67 patients contributed 119 SREs for the HRU analyses across 25 US sites. Patient mean [SD] age was 61 [12] years, all patients were female, and 27% discontinued the study (most due to death). Mean duration of follow-up was 9.9 months. HRU for each of the SRE types are shown in the table.</jats:p>;                <jats:p>Table. Mean and median number of HRU per SRE during the study period by SRE type in patients with breast cancer</jats:p>;                <jats:p>Conclusion: In this interim analysis of advanced breast cancer patients in the US, SREs are associated with considerable HRU, with the nature and extent of HRU varying depending on the SRE type.</jats:p>;                <jats:p />;                <jats:p>Citation Information: Cancer Res 2010;70(24 Suppl):Abstract nr P1-13-06.</jats:p>"
164-585-430-432-289,Genetic Characterization and Clinical Impact of Loss of MHC Class I and II Expression in De Novo Diffuse Large B-Cell Lymphoma,Daisuke Ennishi; Anja Mottok; Pedro Farinha; Fong Chun Chan; Ali Bashashati; Saeed Saberi; Barbara Meissner; Merrill Boyle; Susana Ben-Neriah; Robert Kridel; Kerry J. Savage; Laurie H. Sehn; Ryan D. Morin; Marco A. Marra; Sohrab P. Shah; Joseph M. Connors; Randy D. Gascoyne; David W. Scott; Christian Steidl,
164-729-945-610-080,右上腕に発生したランゲルハンス細胞肉腫の 1 例,Shuhei ISHII; Noriyuki FURUTA; Takahiko ITO; Marisa YAMADA; Naoko YAMAZAKI; Koichi IKEBATA; Junzo FUJIYAMA; Hitoshi ABE; Yuko SUGIYAMA; Kengo TAKEUCHI,背景：ランゲルハンス細胞肉腫（Langerhans cell sarcoma，以下 LCS）はきわめてまれな腫瘍である．今回，右上腕に発生した LCS を経験したので報告する．
165-502-095-080-377,Correction: Mitochondrial Uncoupling Induces Epigenome Remodeling and Promotes Differentiation in Neuroblastoma.,Haowen Jiang; Rachel L Greathouse; Sarah Jane Tiche; Man Zhao; Bo He; Yang Li; Albert M Li; Balint Forgo; Michaela Yip; Allison Li; Moriah Shih; Selene Banuelos; Meng-Ning Zhou; Joshua J Gruber; Erinn B Rankin; Zhen Hu; Hiroyuki Shimada; Bill Chiu; Jiangbin Ye,"In the original version of this article (1), as it was published online on November 1, 2022, two of the datasets used for the analyses reported in Fig. 6A–D and Supplementary Table S3 (498-RPM-seqcnb1 and SEQC-498-custom-ag44kcwolf) were redundant. The authors have now removed 498-RPM-seqcnb1 and reperformed the analyses for prognostic gene sets of overall survival only, as opposed to the original version, which included both overall survival and event-free survival. These changes have been incorporated into the text, Fig. 6A–D, and Supplementary Table S3. The HTML and PDF versions of this article were corrected on January 3, 2023, ahead of print."
165-865-722-553-683,P2.15.32 Early Lung Cancer Detection and Multidisciplinary Care,W. Liao; J. Goss; T. Qureshi; S. Johnson; A. Harris; K. Dortch; A. Porter; Y. James; A. Patel; J. Roma; H. Marshall; C. Fehnel; A. Mehrotra; O. Ogbeide; P. Lammers; K. Tonkin; J. Machin; J. Zhao; T. Ng; M. Smeltzer; M.A. Ray; R. Osarogiagbon,
165-953-014-288-065,"Correction: Defactinib, Pembrolizumab, and Gemcitabine in Patients with Advanced Treatment Refractory Pancreatic Cancer: a Phase I Dose Escalation and Expansion Study.",Andrea Wang-Gillam; Kian-Huat Lim; Robert McWilliams; Rama Suresh; Albert C Lockhart; Amberly Brown; Marcus Breden; Jad I Belle; John Herndon; Savannah J Bogner; Katrina Pedersen; Benjamin Tan; Nicholas Boice; Abhi Acharya; Mina Abdiannia; Feng Gao; Harry H Yoon; Mojun Zhu; Nikolaos A Trikalinos; Lee Ratner; Olivia Aranha; William G Hawkins; Brett H Herzog; David G DeNardo,"In the original version of this article (1), the Results section and the legend for Fig. 2 incorrectly stated that Patient 01–046’s heart failure was possibly related to the studied drugs (pembrolizumab, defactinib, and gemcitabine) when it was unrelated to the drugs; in addition, Table 2 incorrectly indicated that defactinib was possibly related to a different patient's heart failure. These errors have been corrected in the latest online HTML and PDF versions of the article. The authors regret the errors."
165-979-372-298-381,Correction: Updated Integrated Analysis of the Efficacy and Safety of Entrectinib in Patients with NTRK Fusion-Positive Solid Tumors.,George D Demetri; Filippo De Braud; Alexander Drilon; Salvatore Siena; Manish R Patel; Byoung Chul Cho; Stephen V Liu; Myung-Ju Ahn; Chao-Hua Chiu; Jessica J Lin; Koichi Goto; Jeeyun Lee; Lyudmila Bazhenova; Thomas John; Marwan Fakih; Sant P Chawla; Rafal Dziadziuszko; Takashi Seto; Sebastian Heinzmann; Bethany Pitcher; David Chen; Timothy R Wilson; Christian Rolfo,"In the earlier version of this article as it was published online on February 10, 2022 (1) and in the printed article, the disclosures of Salvatore Siena and Jeeyun Lee were missing. The HTML and PDF versions of this article were corrected in the online release of the April 1, 2022 issue (2). The publisher regrets the error."
166-112-554-029-814,"ACA expansion increases access for black, rural patients with pancreatic cancer in Southern States",H. Venkatesh; A. Laughlin; T. Li; Q. Yu; X.C. Wu; Y. Yi; M.C. Hsieh; M. Shoup; Q.D. Chu,
166-330-830-774-331,Disparities in 36 cancers across 185 countries: secondary analysis of global cancer statistics.,Qianru Li; Changfa Xia; He Li; Xinxin Yan; Fan Yang; Mengdi Cao; Shaoli Zhang; Yi Teng; Siyi He; Maomao Cao; Wanqing Chen,"Cancer is a major public health problem and represents substantial disparities worldwide. This study reported estimates for 36 cancers across 185 countries by incidence, mortality, 5-year prevalence, mortality-to-prevalence ratio (MPR), and mortality-to-incidence ratio (MIR) to examine its association with human development index (HDI) and gross national income (GNI). Data were collected from the GLOBOCAN 2020. MPR and MIR were calculated by sex, age group, country, and cancer type and then summarized into totals. Segi's population and global cancer spectrum were used to calculate age- and type-standardized ratios. Correlation analyses were conducted to assess associations. Results showed that breast cancer was the most diagnosed cancer globally. Low- and middle-income countries had high MPR and MIR. Cancers of esophagus, pancreas, and liver had the highest ratios. Males and the older population had the highest ratios. HDI and GNI were positively correlated with incidence and mortality but negatively correlated with MPR/MIR. Substantial disparities in cancer burden were observed among 36 cancer types across 185 countries. Socioeconomic development may contribute to narrowing these disparities, and tailored strategies are crucial for regional- and country-specific cancer control."
166-525-937-128-858,EP.07C.02 Perioperative Cadonilimab and Chemotherapy in Stage II-IIIA Non-Small-Cell Lung Cancer: Preliminary Results from a Phase II Study,H. Wang; W. Xing; Z. Ma; Y. Ba; G. Zhang; X. Zhang; G. Liang,
166-551-023-172-800,Nishi Memorial Award in Gastric Cancer,Taira Kinoshitá; Toshiaki Hirasawa; Mitsuru Sasako; Takeshi Sano; Hitoshi Katai; Hiroshi Furukawa; Akira Tsuburaya; Isao Miyashiro; Masahide Kaji; Takuji Gotoda; Satoshi Miyata; You Kato; Tadakazu Shimoda; Hirokazu Taniguchi; Junko Fujisaki; Toshiharu Yamaguchi; Takaki Yoshikawa; Ken Shimada; Atsushi Satō; Makoto Takahashi; Wasaburo Koizumi; Yasuo YOSHIZAWA; Kazuhito Nabeshima; Masayuki Kimura; Kiyoshi Hataya; Osamu Kobayashi; Osamu Kobayashi,"The Japanese Gastric Cancer Association (JGCA) established the ""Nishi Memorial Award in Gastric Cancer"" to commend high-quality papers published in Gastric Cancer. In each volume of the Journal, three articles are selected by the Editorial Committee, and the JGCA awards 100 000 Japanese yen to the fi rst authors. For volume 12, the following articles were selected."
166-673-921-718-487,Cancer and Cancer Care,Debbie Wyatt; Nicholas Hulbert-Williams,
166-707-925-955-343,Rosiglitazone disrupts pancreatic ductal adenocarcinoma progression by activating the tumor suppressor ESE3/EHF.,Hongquan Wang; Shuang Wu; Yan Wang; Bo Tang,"Pancreatic ductal adenocarcinoma (PDAC), the most common histologic type of pancreatic cancer, is among the most lethal cancers, and is associated with poor prognosis because of its inherent chemoresistant nature and metastatic capacity[1][1]. Extensive evidence has shown that cancer stem cells ("
167-116-951-088-564,"Retraction notice to ""HIF-1α mediates tumor-nerve interactions through the up-regulation of GM-CSF in pancreatic ductal adenocarcinoma"" [Cancer Lett. 453 (2019) 10-20].",Haotian Wang; Rujiang Jia; Tiansuo Zhao; Xin Li; Mingxiao Lang; Chungen Lan; Hongwei Wang; Zengun Li; Bodong Zhou; Liangliang Wu; Yan Sun; Xiuchao Wang; He Ren; Jihui Hao,
167-475-262-610-286,Patient-Derived Oral Squamous Cell Carcinoma Organoids for Predicting Tumoral Radiosensitivity,H. Tu; Y. Wang; J.D. Sui; D. Li; X. Shi; G. Li; Q. Luo; Q. Lei; C. Wang; J. Wang; J. Yan; M. Liu; H. Lu,
167-864-078-155-42X,"Safety and efficacy of hepatic artery infusion chemotherapy (HAIC) or lenvatinib combined with sintilimab as neoadjuvant therapy for high recurrence risk resectable stage IB solitary hepatocellular carcinoma: A prospective, randomized, two-cohort, exploratory phase II clinical study.",Yunlong Cui; Chen Liu; Qiang Wu; Han Mu; Ge Yu; Dongming Liu; Xu Bao; Feng Fang; Wei Zhang; Huikai Li; Ping Chen; Hongyuan Zhou; Xiaomeng Liu; Lu Chen; Tianqiang Song,"<jats:p>;                     <jats:bold>565</jats:bold>;                   </jats:p>;                   <jats:p>;                     <jats:bold>Background:</jats:bold>;                     Neoadjuvant treatment is recommended for resectable hepatocellular carcinoma (HCC) with high risk of postoperative recurrence. But the optimal effective neoadjuvant treatment modality remains under investigation. This study aims to compare the safety and efficacy of lenvatinib combined with sintilimab versus HAIC as neoadjuvant therapy for resectable stage IB solitary hepatocellular carcinoma.;                     <jats:bold>Methods:</jats:bold>;                     This prospective, randomized, two-cohort, exploratory, phase II study (NCT05621499) enrolled patients (pts) with histologically confirmed resectable HCC. Pts with ECOG 0-1, Child Pugh A, and no prior treatment had at least one measurable lesion according to RECIST v1.1. The high risk of recurrence was defined by the investigators before surgery as stage Ib and solitary tumor with the largest diameter &gt; 5cm. Eligible pts were randomly assigned to receive sintilimab 200 mg Q3W and lenvatinib 8 mg QD for 2 cycles (LEN+PD1) or HAIC-FOLFOX (oxaliplatin 85 mg/m;                     <jats:sup>2</jats:sup>;                     , LV 400 mg/m;                     <jats:sup>2</jats:sup>;                     , 5-FU 400 mg/m;                     <jats:sup>2</jats:sup>;                     bolus and then 2400 mg/m;                     <jats:sup>2</jats:sup>;                     as 24h continuous infusion) for 2 cycles (HAIC), and surgery was performed within 3-4 weeks after treatment. The primary endpoint was 1-year disease-free survival (DFS) rate. The secondary endpoints were incidence of microvascular invasion, pathological complete response (pCR) rate, major pathological response (MPR, defined as less than or equal to 10% viable tumor cells), objective response rate (ORR), 2-year DFS rate, 2-year overall survival (OS) rate, and safety.;                     <jats:bold>Results:</jats:bold>;                     As of August 2025, the recruitment was completed and 60 pts were 1:1 randomly assigned to LEN+PD1 group and HAIC group. 28 pts in LEN+PD1 group and 30 in HAIC group finished preoperative treatment. According to RECIST v1.1 and mRECIST, the ORR was 34.6% and 57.7% in LEN+PD1 group, 10.3% and 24.1% in HAIC group, respectively. 51 pts (LEN+PD1 group, n=24; HAIC group, n=27) underwent radical resection. The pCR and MPR (including pCR) rates were 37.5% and 45.8% in LEN+PD1 group, while the pCR and MPR rates were 3.7% and 7.4% in HAIC group. No grade≥3 adverse events were observed during neoadjuvant treatment period in either group. Currently, no significant differences in DFS were observed between the two groups. The DFS data remained immature, with follow-up ongoing.;                     <jats:bold>Conclusions:</jats:bold>;                     For resectable stage IB solitary HCC with high recurrence risk, two cycles of sintilimab plus lenvatinib as neoadjuvant therapy demonstrated better clinical and pathological responses than HAIC. Additionally, PD-1 inhibitor-based agents offer superior accessibility, making this regimen worthy of further promotion.;                     <jats:related-object document-id=""NCT05621499"" document-id-type=""clinical-trial-number"" source-id=""10.18810/clinical-trials-gov"" source-id-type=""crossref-doi"" source-type=""clinical-trials-registry"">;                       Clinical trial information:;                       <jats:ext-link xmlns:xlink=""http://www.w3.org/1999/xlink"" ext-link-type=""uri"" xlink:href=""http://www.clinicaltrials.gov/ct2/show/NCT05621499"">NCT05621499</jats:ext-link>;                     </jats:related-object>;                     .;                   </jats:p>"
168-009-587-243-435,An Epidemiologic Trend Analysis on Cardiac Cancer in High Incidence Areas of Esophageal Cancer and Gastric Cancer in China,Chen Zhi-feng,"[Purpose] To investigate the incidence characteristics of cardiac cancer in high incidence areas of esophageal cancer and gastric cancer. [Methods] The gastric cancer incidence registration data in 30 registries in China from 1988 to 2002 were analyzed. [Results] Among 30 cancer registries, Yangzhong, Linqu and Fusui were excluded because of no coding in sub-position of cancer. Gastric cancer data in the other 27 cancer registries were analyzed. There were 58 584 cases of new incident gastric cancer, including 12 609 cases of cardiac can- cer,which counted for 21.52%(12609/58584). There were 8 areas with high incidence of esophageal cancer and gastric cancer in the 27 cancer registries. Cardiac cancer accounted for 39.43% of gastric cancer in the 8 high incidence areas;13.30% in the other areas. In esophageal cancer high incidence areas with integral data, there was no significant change of gastric cancer incidence in Cixian in the 15 years, but with increasing trend in cardiac cancer incidence. No significant change was found in gastric cancer and cardiac cancer in Linzhou. While in Tianjin and Beijing city,incidence of gastric cancer was declined, and significant decrease in cardiac cancer incidence was found in Tianjin. [Conclusion] In esophageal cancer and gastric cancer high incidence areas, the proportion of cardiac cancer in gastric cancer was higher than those in other areas,especially high in esophageal cancer high incidence areas. Compared with urban areas, incidence trend of cardiac cancer in esophageal cancer high incidence areas was significantly different. The prevention and control of cardiac cancer should be paid attention to."
168-109-578-775-438,Additional file 4 of Fibrillarin-mediated ribosomal RNA maturation is a novel therapeutic vulnerability in triple-negative breast cancer,Camille Jouines; Piero Lo Monaco; Angéline Gaucherot; Julie Radermecker; Caroline Isaac; Fleur Bourdelais; Marie-Ambre Monet; Marion Meyer; Mounira Chalabi-Dchar; Flora Nguyen Van Long; Laury Baillon; Carine Froment; Julien Marcoux; Christophe Vanbelle; Tanguy Fenouil; Sébastien Durand; Stéphane Giraud; Jean-Jacques Diaz; Virginie Marcel; Frédéric Catez,Supplementary Material 4
168-314-855-295-188,EP.13B.10 Impact of Pneumonitis from Radiotherapy Combined with Immune Checkpoint Inhibitor Therapy on Tumor Progression and Survival in Patients with Small Cell Lung Cancer,Z. Wang; W. Jiang; J. Lu; D. Chen; J. Liang; L. Wang,
168-514-138-142-37X,Multi-institutional phase I and II trial of simultaneous intracavitary hyperthermia and brachytherapy for advanced esophageal cancer,Iwao Tsukiyama; Susumu Katano; Hideaki Shimizu; Yoshihito Nomoto; Kazufusa Shoji; Masahiro Hiraoka; Michihide Mitsumori; Yoshimasa Tanaka; K Nagata; Nobukazu Fuwa; Norio Mitsuhashi; Hideyuki Sakurai,
168-670-339-246-962,Correction: Pin1 Inhibition Sensitizes Chemotherapy in Gastric Cancer Cells by Targeting Stem Cell-like Traits and Multiple Biomarkers.,Zhen-Zhen Zhang; Wei-Xing Yu; Min Zheng; Xin-Hua Liao; Ji-Chuang Wang; Da-Yun Yang; Wen-Xian Lu; Long Wang; Sheng Zhang; He-Kun Liu; Xiao Zhen Zhou; Kun Ping Lu,
169-458-496-612-098,Heterogeneous nuclear ribonucleoprotein A/B: an emerging group of cancer biomarkers and therapeutic targets.,Ya Lu; Xinyue Wang; Quan Gu; Juan Wang; Ying Sui; Jianzhong Wu; Jifeng Feng,"Heterogeneous nuclear ribonucleoprotein A/B (hnRNPA/B) is one of the core members of the RNA binding protein (RBP) hnRNPs family, including four main subtypes, A0, A1, A2/B1 and A3, which share the similar structure and functions. With the advance in understanding the molecular biology of hnRNPA/B, it has been gradually revealed that hnRNPA/B plays a critical role in almost the entire steps of RNA life cycle and its aberrant expression and mutation have important effects on the occurrence and progression of various cancers. This review focuses on the clinical significance of hnRNPA/B in various cancers and systematically summarizes its biological function and molecular mechanisms."
169-769-389-142-623,Cancer and cancer therapy,Dimitrios Farmakis; Alexander Lyon; Teresa Lopez Fernandez; Daniela Cardinale,"<jats:title>Abstract</jats:title>;                <jats:p>Heart failure can be caused by a range of cardiotoxic cancer therapies. The most common are anthracycline chemotherapy and human epidermal growth factor receptor 2 (HER2)-targeted therapies. However, with the development of targeted molecular cancer therapies, the number of cancer treatments causing heart failure are increasing with new culprits identified every year. Some cardiotoxic cancer treatments cause myocyte necrosis or apoptosis and permanent cardiac injury, whereas others can cause temporary impairment of ventricular function, which recovers after withdrawal of the culprit cancer drug. Immune checkpoint inhibitors can cause heart failure by activating acute fulminant myocarditis or via a non-inflammatory heart failure syndrome during prolonged treatment. In addition, other forms of cancer therapy-induced cardiotoxicity, such as arterial hypertension, myocardial ischaemia, rhythm disturbances, and thromboembolism, may also contribute to the development or exacerbation of heart failure. High-dose irradiation to a volume, including the heart, is also a cause of heart failure that occurs many years later, either directly via myocardial damage or indirectly via radiation-induced coronary, valvular, or pericardial disease. Cancer itself may further affect the cardiovascular system through metabolic derangement, autonomic dysfunction, and other mechanisms, while there is increasing recognition of myocardial atrophy and dysfunction as a result of cachexia in patients with advanced malignancies.</jats:p>"
170-191-051-868-272,"2159P Fruquintinib plus sintilimab and SOX as conversion therapy for initially unresectable gastric/gastroesophageal junction adenocarcinoma (GC/GEJC): Updated surgical and survival results from the single-arm, phase II clinical trial",F. Ma; S. Luo; B. Zhang; Q. Ma; S. Ji; Z. Zhang; Y. Zhang; W. Yang; L. Peng; D. Guo; J. Ren; Y. Zhang; Y. Su; J. Li; W. Liu; J. Huang; W. Yuan,
170-983-847-428-761,Correction: FOXP4 Is a Direct YAP1 Target That Promotes Gastric Cancer Stemness and Drives Metastasis.,Xiaoli Liu; Bonan Chen; Fuda Xie; Kit Yee Wong; Alvin H K Cheung; Jinglin Zhang; Qian Wu; Canbin Fang; Jintao Hu; Shouyu Wang; Dazhi Xu; Jianwu Chen; Yuzhi Wang; Chi Chun Wong; Huarong Chen; William K K Wu; Jun Yu; Michael W Y Chan; Chi Man Tsang; Kwok Wai Lo; Gary M K Tse; Ka-Fai To; Wei Kang,
170-988-649-198-603,Double homeobox a pseudogene 8/miR-223-3p/PFN2 modulates radiosensitivity in lung cancer,Chong Pang; Tengyue Zhang; Bo Yan; Yulong Chen; Chen Chen; Zhenfa Zhang; Changli Wang,
170-994-273-537-312,PNO1 inhibits autophagy-mediated ferroptosis by GSH metabolic reprogramming in hepatocellular carcinoma.,Xiaomeng Hu; Yuchao He; Zhiqiang Han; Wei Liu; Dongming Liu; Xihao Zhang; Lu Chen; Lisha Qi; Liwei Chen; Yi Luo; Qiang Li; Peng Chen; Qiang Wu; Xiaolin Zhu; Hua Guo,"Effective strategies for hepatocellular carcinoma, which is the second leading cause of death worldwide, remain limited. A growing body of emerging evidence suggests that ferroptosis activation is a novel promising approach for the treatment of this malignancy. Nevertheless, the potential therapeutic targets and molecular mechanisms of ferroptosis remain elusive. In this study, we found that PNO1 is a bona fide inhibitor of ferroptosis and that autophagy induced by PNO1 promotes cystine/glutamate antiporter SLC7A11 while increasing the synthesis and accumulation of intracellular glutamate. This increase is followed by an equally proportional addition in cystine uptake, which consequently enhances system Xc<sup>-</sup> activity that leads to the inhibition of ferroptosis. In the maintenance of redox homeostasis, system Xc<sup>-</sup> activated via PNO1-autophagy metabolism is responsible for maintaining cysteine for glutathione (GSH) synthesis, and the final GSH metabolic reprogramming protects HCC cells from ferroptosis. The combination of PNO1 inhibition with drugs causing ferroptosis induction, particularly sorafenib, the first-line drug associated with ferroptosis in liver cancer shows therapeutic promise in vitro and in vivo. Together, our findings indicated that PNO1 protects HCC cells from ferroptotic death through autophagy-mediated GSH metabolic remodeling, and we identified a candidate therapeutic target that may potentiate the effect of ferroptosis-based antitumor therapy."
171-163-546-176-460,Hyper-responsiveness of cancer stem cells to microenvironmental cues controls metastasis and therapy response through YAP/TAZ/TEAD,Binwu Tang; Jacob Minin; Victoria González; Zoya Khan; Yuval Raviv; Yu-an Yang; Christine P. Carney; Zachary B. Millman; Daniel Grun; Cristiana M. Pineda; Alina Sharma; Dominic Esposito; Hualong Yan; Jing Huang; Andy D. Tran; Michael J. Kruhlak; Howard H. Yang; Maxwell P. Lee; Lalage M. Wakefield,Different population dynamics for breast cancer stem cells (CSCs) and their differentiated progeny in early metastatic colonizationCSCs are hyper-responsive to microenvironmental cues and serve as sensors of local conditions for the tumorMany microenvironmental inputs converge on YAP/TAZ to regulate self-renewal vs differentiation fate decisions in the CSCTargeting YAP/TAZ input pathways blocks chemotherapy-induced enrichment of CSCs.
171-290-427-152-118,Our mistake,Stuart W. Evans; Suzanne K. Beckner; William> L. Farrar,
171-445-026-390-784,Correction: First-in-Class Anti-immunoglobulin-like Transcript 4 Myeloid-Specific Antibody MK-4830 Abrogates a PD-1 Resistance Mechanism in Patients with Advanced Solid Tumors.,Lillian L Siu; Ding Wang; John Hilton; Ravit Geva; Drew Rasco; Ruth Perets; Anson K Abraham; Douglas C Wilson; Julia F Markensohn; Jared Lunceford; Leah Suttner; Shabana Siddiqi; Rachel A Altura; Corinne Maurice-Dror,"In the original version of this article (1), the Spearman correlations were correct in the text and incorrect in Fig. 4. The figure has been corrected in the latest online HTML and PDF versions of the article. The authors regret the error."
171-654-278-788-167,Author response: Interrogating the precancerous evolution of pathway dysfunction in lung squamous cell carcinoma using XTABLE,Matthew Roberts; Julia Ogden; AS Mukarram Hossain; Anshuman Chaturvedi; Alastair RW Kerr; Caroline Dive; Jennifer Ellen Beane; Carlos Lopez-Garcia,XTABLE is the first easy-to-use bioinformatic solution that has been conceived and designed solely to interrogate the transcriptomes of premalignant stages of lung squamous cell carcinoma (LUSC) and enhance the development of LUSC prevention and detection strategies.
171-885-747-709-109,CONIPHER: a computational framework for scalable phylogenetic reconstruction with error correction.,Kristiana Grigoriadis; Ariana Huebner; Abigail Bunkum; Emma Colliver; Alexander M Frankell; Mark S Hill; Kerstin Thol; Nicolai J Birkbak; Charles Swanton; Simone Zaccaria; Nicholas McGranahan,"Intratumor heterogeneity provides the fuel for the evolution and selection of subclonal tumor cell populations. However, accurate inference of tumor subclonal architecture and reconstruction of tumor evolutionary histories from bulk DNA sequencing data remains challenging. Frequently, sequencing and alignment artifacts are not fully filtered out from cancer somatic mutations, and errors in the identification of copy number alterations or complex evolutionary events (e.g., mutation losses) affect the estimated cellular prevalence of mutations. Together, such errors propagate into the analysis of mutation clustering and phylogenetic reconstruction. In this Protocol, we present a new computational framework, CONIPHER (COrrecting Noise In PHylogenetic Evaluation and Reconstruction), that accurately infers subclonal structure and phylogenetic relationships from multisample tumor sequencing, accounting for both copy number alterations and mutation errors. CONIPHER has been used to reconstruct subclonal architecture and tumor phylogeny from multisample tumors with high-depth whole-exome sequencing from the TRACERx421 dataset, as well as matched primary-metastatic cases. CONIPHER outperforms similar methods on simulated datasets, and in particular scales to a large number of tumor samples and clones, while completing in under 1.5 h on average. CONIPHER enables automated phylogenetic analysis that can be effectively applied to large sequencing datasets generated with different technologies. CONIPHER can be run with a basic knowledge of bioinformatics and R and bash scripting languages."
172-306-826-863-97X,Cancer. Breast cancer,Michelle Harvie,
172-711-813-602-024,Understanding inequalities in breast cancer screening uptake.,Elizabeth A Davies; Yueh-Hsin Wang,Language isn't the only barrier for women from immigrant communities.
172-767-720-077-091,"NCCN Guidelines® Insights: Prostate Cancer, Version 1.2023.",Edward M Schaeffer; Sandy Srinivas; Nabil Adra; Yi An; Daniel Barocas; Rhonda Bitting; Alan Bryce; Brian Chapin; Heather H Cheng; Anthony Victor D'Amico; Neil Desai; Tanya Dorff; James A Eastham; Thomas A Farrington; Xin Gao; Shilpa Gupta; Thomas Guzzo; Joseph E Ippolito; Michael R Kuettel; Joshua M Lang; Tamara Lotan; Rana R McKay; Todd Morgan; George Netto; Julio M Pow-Sang; Robert Reiter; Mack Roach; Tyler Robin; Stan Rosenfeld; Ahmad Shabsigh; Daniel Spratt; Benjamin A Teply; Jonathan Tward; Richard Valicenti; Jessica Karen Wong; Ryan A Berardi; Dorothy A Shead; Deborah A Freedman-Cass,"The NCCN Guidelines for Prostate Cancer address staging and risk assessment after a prostate cancer diagnosis and include management options for localized, regional, recurrent, and metastatic disease. The NCCN Prostate Cancer Panel meets annually to reevaluate and update their recommendations based on new clinical data and input from within NCCN Member Institutions and from external entities. These NCCN Guidelines Insights summarizes much of the panel's discussions for the 4.2022 and 1.2023 updates to the guidelines regarding systemic therapy for metastatic prostate cancer."
172-870-556-062-909,Supplementary Figures 1-8 from ATM and p53 Regulate FOXM1 Expression via E2F in Breast Cancer Epirubicin Treatment and Resistance,Julie Millour; Natalia de Olano; Yoshiya Horimoto; Lara J. Monteiro; Julia K. Langer; Rosa Aligue; Nabil Hajji; Eric W.-F. Lam,<jats:p>Supplementary Figures 1-8 from ATM and p53 Regulate FOXM1 Expression via E2F in Breast Cancer Epirubicin Treatment and Resistance</jats:p>
173-023-439-773-516,Hypoalbuminemia during zolbetuximab plus chemotherapy for claudin 18.2-positive advanced gastric cancer: a need for caution?,K. Shimozaki; A. Ooki; S. Fukuoka; T. Hirasawa; M. Takamatsu; H. Kawachi; T. Wakatsuki; K. Yoshikawa; K. Yoshino; S. Udagawa; H. Osumi; M. Ogura; E. Shinozaki; K. Chin; K. Yamaguchi,
173-149-198-507-308,IMMUNE AND MOLECULAR CORRELATES OF RESPONSE TO IMMUNOTHERAPY REVEALED BY BRAIN-METASTATIC MELANOMA MODELS,Amélie Lopès; Eva Pérez‐Guijarro; Vishaka Gopalan; Jessica Rappaport; Quanyi Chen; April Huang; Khiem C. Lam; Sung Chin; Jessica Ebersole; Emily Wu; Gabriel A. Needle; Isabella Church; George Kyriakopoulos; Shaojun Xie; Yongmei Zhao; Charli Gruen; Antonella Sassano; Romina E. Araya; Andres Thorkelsson; Cari Smith; Maxwell P. Lee; Sridhar Hannenhalli; Chi‐Ping Day; Glenn Merlino; Romina S. Goldszmid,"Despite the promising results of immune checkpoint blockade (ICB) therapy, outcomes for patients with brain metastasis (BrM) remain poor. Identifying resistance mechanisms has been hindered by limited access to patient samples and relevant preclinical models. Here, we developed two mouse melanoma BrM models that recapitulate the disparate responses to ICB seen in patients. We demonstrate that these models capture the cellular and molecular complexity of human disease and reveal key factors shaping the tumor microenvironment and influencing ICB response. BR1-responsive tumor cells express inflammatory programs that polarize microglia into reactive states, eliciting robust T cell recruitment. In contrast, BR3-resistant melanoma cells are enriched in neurological programs and exploit tolerance mechanisms to maintain microglia homeostasis and limit T cell infiltration. In humans, BR1 and BR3 expression signatures correlate positively or negatively with T cell infiltration and BrM patient outcomes, respectively. Our study provides clinically relevant models and uncovers mechanistic insights into BrM ICB responses, offering potential biomarkers and therapeutic targets to improve therapy efficacy."
173-755-688-785-546,Retraction: Nuclear Factor-κB p65 Mediates Tumor Necrosis Factor α-induced Nuclear Translocation of Telomerase Reverse Transcriptase Protein.,Masaharu Akiyama; Teru Hideshima; Toshiaki Hayashi; Yu-Tzu Tai; Constantine S Mitsiades; Nicholas Mitsiades; Dharminder Chauhan; Paul Richardson; Nikhil C Munshi; Kenneth C Anderson,"This article (1) has been retracted at the request of the authors.There are concerns about the reliability of certain data arising from errors in the assembly of Fig. 2. In Fig. 2A, the image used to represent hTERT in lane 1 of the TNFa group was flipped horizontally and used in lane 3 to represent a different sample at a distinct time point.In Fig. 2B, the same image was used to represent a-tubulin in each of the three distinct treatment groups.In Fig. 2B, the same image was used in lanes 1 and 2 of the TNFaþSN-50 group to represent hTERT expression in the cytoplasm in different samples at distinct timepoints."
173-994-871-653-750,Correction: Nivolumab and Relatlimab for the Treatment of Patients with Unresectable or Metastatic Mismatch Repair-Proficient Colorectal Cancer.,Eric S Christenson; Won Jin Ho; Daniel Shu; Jennifer N Durham; Madelena Brancati; Heather Davis Bruning; Susan Petrie; Hao Wang; Jiayun Lu; Katherine M Bever; Daniel Laheru; Ana de Jesus-Acosta; Ilene Browner; Ross Donehower; Michael J Pishvaian; Nilofer Azad; Qingfeng Zhu; Alens Valentin; Jayalaxmi Suresh Babu; Alexei Hernandez; George Apostol; Yiyang Gao; Nicolas Llosa; Franck Housseau; Drew Pardoll; Elizabeth M Jaffee; Robert Anders; Dung T Le,
174-003-500-059-441,Reporting characteristics of cancer pain: A systematic review and quantitative analysis of articles published in cancer journals,null Kumar,"Objective: Common symptom requiring palliation in oncologic care is cancer pain. Cancer pain is recognized as global health burden. This paper sought to systematically examine the extent to which there is an adequate scientific research base on cancer pain and henceforth its reporting characteristics in the cancer journal literature. Materials and Methods: Search was conducted in PubMed sought to locate all studies published in 19 cancer journals from 2009 to 2010. The journals included were: Anti-cancer drugs; breast cancer research and treatment; British Journal of Cancer; Bulletin in Cancer; cancer; Cancer and Chemotherapy; Cancer Chemotherapy and Pharmacology; Clinical Cancer Research; Cancer Epidemiology Biomarkers and Prevention; Cancer Genetics and Cytogenetics; Cancer Immunology and Immunotherapy; Cancer Letters; cancer research; European Journal of Cancer; Indian Journal of Cancer; International Journal of Gynecological Cancer; Journal of Cancer Research and Clinical Oncology; Journal of National Cancer Institute; Lung Cancer. Journal contents were searched to identify studies that included pain in title/abstract. Results: During the years 2009 and 2010, of the selected 14,537 articles published in the journals reviewed, only 1.19% (173 articles) was on cancer pain. Conclusion: While researchers in the field of cancer care have studied pain, the total percentage for studies is still a low 1.19%. It is critical that more research be reported upon which to base cancer pain therapy in an evidence-based oncologic care model."
174-998-316-894-250,Comparative analysis of therapeutic target protein expression in de novo and transformed small cell lung carcinomas using paired biopsy samples,Saori Murata; Hidehito Horinouchi; Jumpei Kashima; Satsuki Kishikawa; Ken Masuda; Yuki Shinno; Yusuke Okuma; Tatsuya Yoshida; Yasushi Goto; Noboru Yamamoto; Shun-ichi Watanabe; Yuji Matsumoto; Kae Okuma; Yasushi Yatabe,
175-064-790-974-765,Serum CYFRA 21-1 as a biomarker of pemetrexed plus cisplatin treatment in nonsquamous non-small cell lung cancer.,Toshio Sakatani; Fumiyoshi Ohyanagi; Azusa Tanimoto; Yuko Kawano; Ryota Saito; Kyohei Kaburaki; Noriko Yanagitani; Keita Kudo; Atsushi Horiike; Sachiko Hagiwara; Takeshi Horai; Makoto Nishio,e18014 Background: Pemetrexed (P) is a key drug in the treatment of advanced non-squamous (N-Sq) non-small cell lung cancer (NSCLC). Although differential efficacies of P between squamous (Sq) and ...
175-216-064-717-502,Abstract P4-08-29: Lymphatic invasion is an independent risk factor in patients with small node-negative luminal breast cancer,T. Abe; Yoshinori Ito; Ippei Fukada; Tomoko Shibayama; Makiko Ono; Takayuki Kobayashi; Kokoro Kobayashi; S. Takahashi; Rie Horii; Futoshi Akiyama; Takuji Iwase; Takayuki Ueno; Shinji Ohno,"<jats:title>Abstract</jats:title>;                <jats:p>[Background]</jats:p>;                <jats:p>In patients with node-negative (N0), hormone receptor-positive, human epidermal growth factor receptor (HER2) -negative (luminal) breast cancer, the impact of lymphatic invasion (ly) on the prognosis remains to be clarified.</jats:p>;                <jats:p>[Methods]</jats:p>;                <jats:p>Among 3,158 patients with primary breast cancers who underwent surgery in our institute from January 2007 to December 2009, we analyzed 1027 N0 luminal invasive breast cancers without preoperative systemic therapy. The luminal breast cancer was defined as hormone receptor-positive (ER of ≥ 10% or PgR of ≥ 10%) and HER2-negative (immunohistochemistry: 0, 1+ or FISH: ratio &amp;lt; 2.0) cancer in the postoperative pathological specimen. ly was defined as positive when cancer cell nests were detected within the lymph duct in the whole specimen. N0 was confirmed pathologically by the sentinel lymph node biopsy in all the patients. The Fisher's exact test was used for comparison between different categories. The distant recurrence rate (DRR) was analyzed using the Kaplan-Meier method and the log-rank test. For multivariate analysis, Cox's regression analysis was performed.</jats:p>;                <jats:p>[Results]</jats:p>;                <jats:p>The median follow-up period was 103.8 months (range: 5.6-128.8). Recurrence with distant metastasis occurred in 26 patients (2.5%). There were 5 (0.7%) deaths related to breast cancer. ly was detected in 240 patients (23.4%). In the ly-positive group, the tumor size was larger (p = 0.007), and the nuclear grade (NG) was higher (p &amp;lt; 0.001) than in the ly-negative group. Postoperative endocrine therapy (p &amp;lt; 0.001) and postoperative chemotherapy (p &amp;lt; 0.001) were more frequently employed for patients with ly-positive tumor. The univariate analysis showed that ly positivity (p &amp;lt; 0.001), large tumor size (p &amp;lt; 0.001), high NG (p &amp;lt; 0.001), PgR negativity (p = 0.002) and the history of adjuvant chemotherapy (p &amp;lt; 0.001) were associated with high DRR. In the multivariate analysis, large tumor size (p = 0.007) and PgR negativity (p = 0.015) remained significant. Although positive ly had a risk ratio of 2.2, it was not an independent risk factor.When restricted to T1 tumor (n = 899), the aforementioned factors still showed prognostic value in the univariate analysis, among which ly positivity (p = 0.004)remained significant together with PgR negativity (p = 0.047)in themultivariate analysis.The 8-year DRR was very favorable (0.8%) in patients with ly-negative T1N0 tumor while it was modest (6.6%) in patients with ly-positive T1N0 tumor (p &amp;lt; 0.001). Only 1.3% of the patients had received adjuvant chemotherapy in the ly-negative group while 27% of the patients had in the ly-positive group.</jats:p>;                <jats:p>[Conclusion]</jats:p>;                <jats:p>Lymphatic invasion was associated with higher DRR although it was not independent in the multivariate analysis among patients with N0 luminal breast cancer. When restricted to patients with T1N0 luminal breast cancer, the presence of ly was independently associated with higher risk of distant recurrence. It suggests that the assessment of ly is clinically more relevant when considering treatment options for small luminal breast cancer.</jats:p>;                <jats:p>Citation Format: Abe T, Ito Y, Fukada I, Shibayama T, Ono M, Kobayashi T, Kobayashi K, Takahashi S, Horii R, Akiyama F, Iwase T, Ueno T, Ohno S. Lymphatic invasion is an independent risk factor in patients with small node-negative luminal breast cancer [abstract]. In: Proceedings of the 2018 San Antonio Breast Cancer Symposium; 2018 Dec 4-8; San Antonio, TX. Philadelphia (PA): AACR; Cancer Res 2019;79(4 Suppl):Abstract nr P4-08-29.</jats:p>"
175-736-823-446-109,Prognostically Favorable Immune Responses to Ovarian Cancer are Distinguished by Self-Reactive Intra-Epithelial Plasma Cells,Allyson  Claire Banville; Céline  Marie Laumont; Karanvir Singh; Breeze Gladwin; Jaden Dedora; Liam Mitchell; Jen Wang; Alex Miranda; Bridget Mateyko; Elizabeth A. Chavez; Gian  Luca Negri; Se Wing Grace Cheng; Julian Smazynski; Katy Milne; Kylee Wright; Malia Lampard; Nicole Gierc; Phineas  T. Hamilton; Sandra  E. Spencer; Shreena Kalaria; Talen Oostenbroek; Victor Negrea Puskas; Christian Steidl; Gregg  B. Morin; Farouk Nathoo; Brad  H. Nelson,
176-449-613-085-856,2050P Integrating ayurveda herbs with standard of care for management of cancer or cancer treatment related anorexia,Y.N. Bendale; D.A. Kadam; P. Birari-Gawande; D.A. Patil; P. Shirole; M. Kadam,
176-604-385-647-032,"Remnant Cholesterol, C-Reactive Protein, and Risks of Lung Cancer Morbidity and Mortality Among Women: A Prospective Cohort Study.",Ranran Qie; Hongwei Liu; Yin Liu; Xiaoli Guo; Qiong Chen; Huifang Xu; Xiaoyang Wang; Hong Wang; Ruihua Kang; Cheng Cheng; Mengfei Zhao; Liyang Zheng; Shuzheng Liu; Shaokai Zhang,
176-732-805-730-26X,169P Integration of metabolomics and transcriptomics to reveal potential biomarkers associated with treatment response of neoadjuvant therapy in HER2+ breast cancer,N. Zhang; Y. Xiang; Z. Jing; F. Yu; J. Zeng; X. Pan; W. Zhou; X. Liang; Y. Yue; H. Zhang; Y. Deng; S. Deng; S. Mo; X. Jiang; X. Zeng,
176-798-787-989-578,Retraction: CDX1 Expression Induced by CagA-Expressing Helicobacter pylori Promotes Gastric Tumorigenesis.,Sang Il Choi; Changhwan Yoon; Mi Ree Park; DaHyung Lee; Myeong-Cherl Kook; Jian-Xian Lin; Jun Hyuk Kang; Hassan Ashktorab; Duane T Smoot; Sam S Yoon; Soo-Jeong Cho,
177-071-814-344-791,Cancer and cancer research,,
177-344-753-003-926,Editor's Note: Cyclin-Dependent Kinase 5 Decreases in Gastric Cancer and its Nuclear Accumulation Suppresses Gastric Tumorigenesis.,Longlong Cao; Jiechao Zhou; Junrong Zhang; Sijin Wu; Xintao Yang; Xin Zhao; Huifang Li; Ming Luo; Qian Yu; Guangtan Lin; Huizhong Lin; Jianwei Xie; Ping Li; Xiaoqing Hu; Chaohui Zheng; Guojun Bu; Yun-Wu Zhang; Huaxi Xu; Yongliang Yang; Changming Huang; Jie Zhang,
177-586-661-153-718,"<i>Id1</i>
                  Promotes Clonal Hematopoiesis in Mice with
                  <i>Tet2</i>
                  Loss of Function",Shweta Singh; Tanmoy Sarkar; Kristbjorn O. Gudmundsson; Brad L. Jakubison; Holly M. Morris; Sandra Burkett; Karim Baktiar; Gary T. Pauly; Dina M. Sigano; Joel P. Schneider; Jonathan R. Keller,"<jats:title>ABSTRACT</jats:title>;                 <jats:p>;                   Hematopoietic malignancies emerge through the gradual acquisition of genetic mutations within hematopoietic stem and progenitor cells (HSPCs). Mutations that occur early in disease progression impart a selective growth advantage to HSPCs, which allows them to expand and contribute to a substantial percentage of mature blood cells. This increased expansion is termed clonal hematopoiesis (CH) and is a preleukemic phase associated with an increased risk of developing leukemia. Inhibitor of DNA binding 1 (ID1) protein is a transcriptional regulator of proliferation/differentiation of neuronal, muscle, hematopoietic and other cells, and is frequently overexpressed in cancer.;                   <jats:italic>Id1</jats:italic>;                   is expressed at low levels in normal HSCs and is induced by growth factors and other mediators of inflammatory stress and promotes HSPC proliferation;                   <jats:italic>in vitro and in vivo.</jats:italic>;                   Since chronic inflammation is associated with the progression of hematopoietic malignancies, reducing;                   <jats:italic>Id1</jats:italic>;                   expression during CH may be therapeutic. Mutations in;                   <jats:italic>TET2</jats:italic>;                   are frequently observed in patients with CH, and;                   <jats:italic>;                     Tet2;                     <jats:sup>−/−</jats:sup>;                   </jats:italic>;                   mice develop CH that progress to hematopoietic malignancies.;                   <jats:italic>Id1</jats:italic>;                   is upregulated in murine;                   <jats:italic>;                     Tet2;                     <jats:sup>−/−</jats:sup>;                   </jats:italic>;                   HSPCs and in AML, CMML and MDS patient samples with;                   <jats:italic>TET2</jats:italic>;                   mutations. Genetic ablation of;                   <jats:italic>Id1</jats:italic>;                   in;                   <jats:italic>;                     Tet2;                     <jats:sup>−/−</jats:sup>;                   </jats:italic>;                   HSPCs reduces HSPC expansion/self-renewal/CH, extramedullary hematopoiesis, myeloid skewing, genetic instability and delays the onset of disease. Mechanistically, p16 expression, senescence and apoptosis were increased and proliferation decreased in;                   <jats:italic>;                     Tet2;                     <jats:sup>−/−</jats:sup>;                     ; Id1;                     <jats:sup>−/−</jats:sup>;                   </jats:italic>;                   HSPCs. Thus, ID1 may represent a potential therapeutic target to reduce CH, hematopoietic hyperplasia, and delay the onset of disease.;                 </jats:p>;                 <jats:sec>;                   <jats:title>One Sentence Summary</jats:title>;                   <jats:p>;                     Genetic ablation of;                     <jats:italic>Id1</jats:italic>;                     in;                     <jats:italic>;                       Tet2;                       <jats:sup>−/−</jats:sup>;                     </jats:italic>;                     mice rescues clonal hematopoiesis by increasing CDKI expression, apoptosis, senescence, and differentiation, and reducing cell growth.;                   </jats:p>;                 </jats:sec>"
177-628-559-069-109,Rectosigmoid Cancer-Rectal Cancer or Sigmoid Cancer?,Caressa Hui; Richel Baclay; Kevin Liu; Navjot Sandhu; Phoebe Loo; Rie von Eyben; Chris Chen; Vipul Sheth; Lucas Vitzthum; Daniel Chang; Erqi Pollom,"<AbstractText Label=""OBJECTIVES"">We aimed to determine the optimal treatment for patients with locally advanced rectosigmoid cancers, and to determine whether this can be guided by distance from anal verge (AV) and/or anatomic landmarks such as the sacral promontory and peritoneal reflection (PR).</AbstractText>;           <AbstractText Label=""MATERIALS AND METHODS"">We retrospectively reviewed patients with T3-T4 and/or node-positive rectosigmoid cancers who underwent surgery from 2006 to 2018 with available pelvic imaging. We included tumors at 9 to 20 cm from the AV on either staging imaging, or colonoscopy. Patients were stratified into those who received neoadjuvant therapy, and those who underwent upfront surgery. Comparisons of characteristics were performed using χ 2 test and Fischer exact test. Locoregional failure (LRF) and overall survival were compared using Cox regressions and Kaplan-Meier analysis.</AbstractText>;           <AbstractText Label=""RESULTS"">One hundred sixty-one patients were included. Ninety-seven patients had neoadjuvant therapy, and 64 patients had upfront surgery. Median follow-up time was 45.1 months. Patients who had neoadjuvant therapy had tumors that were higher cT stage ( P &lt;0.01) with more positive/close circumferential resection margins seen on imaging by radiologists (28.9% vs. 1.6% , P =0.015). The 2-year rate of LRF, distant metastases, or overall survival was not significantly different between the 2 groups. None of 15 patients with tumors below the PR treated with neoadjuvant therapy had LRF, but 1 (25%) of 4 patients with tumors below the PR treated with adjuvant therapy experienced LRF ( P =0.05).</AbstractText>;           <AbstractText Label=""CONCLUSIONS"">Patients with tumors below the PR may benefit more from neoadjuvant therapy. The PR on imaging may be a reliable landmark in addition to the distance from the AV to determine the most appropriate treatment option.</AbstractText>;           <CopyrightInformation>Copyright © 2022 The Author(s). Published by Wolters Kluwer Health, Inc.</CopyrightInformation>"
177-955-569-890-302,Editor's Note: A 13 mer LNA-i-miR-221 Inhibitor Restores Drug Sensitivity in Melphalan-Refractory Multiple Myeloma Cells.,Annamaria Gullà; Maria Teresa Di Martino; Maria Eugenia Gallo Cantafio; Eugenio Morelli; Nicola Amodio; Cirino Botta; Maria Rita Pitari; Santo Giovanni Lio; Domenico Britti; Maria Angelica Stamato; Teru Hideshima; Nikhil C Munshi; Kenneth C Anderson; Pierosandro Tagliaferri; Pierfrancesco Tassone,
178-074-463-764-259,"Sintilimab, bevacizumab biosimilar, and HAIC for unresectable hepatocellular carcinoma conversion therapy: a prospective, single-arm phase II trial.",Dongming Liu; Han Mu; Changfu Liu; Weihao Zhang; Yunlong Cui; Qiang Wu; Xiaolin Zhu; Feng Fang; Wei Zhang; Wenge Xing; Qiang Li; Tianqiang Song; Wei Lu; Huikai Li,"We assessed the efficacy and safety of sintilimab [an anti-programmed death (PD-1)] plus bevacizumab biosimilar (IBI305), and hepatic arterial infusion chemotherapy (HAIC) in patients with unresectable hepatocellular carcinoma (HCC). The patients received sintilimab (200 mg) plus IBI305 (7.5 mg/kg) and HAIC (FOLFOX for 23 h) and were treated every 3 weeks. The primary endpoint was the objective response rate (ORR) assessed by an independent review committee (IRC) per mRECIST v1.1. Twenty-nine patients were enrolled in our clinical trial (1 patient voluntarily withdrew due to adverse events after the initial treatment). Objective response was reached in 17/29 (58.6%) patients per mRECIST. A total of 19/29 (65.5%) patients became eligible for further treatment; 14 of them completed surgical resection; 1 (5.3%) achieved pathological complete response (pCR); and 5 (26.3%) reached major partial response (mPR). The 1-year OS rate was better in the PR or pCR+mPR+PR group than in the PD+SD group by either mRECIST or pathological assessment (p=0.039 and 0.006). The 1-year EFS rate was better in the PR group than in the PD+SD group by pathological assessment (p=0.007). The most common treatment-related adverse events (TEAEs) in 30 HCC patients included thrombocytopenia (40.0%), hypertension (23.3%), and leukopenia (23.3%). The grade 3-5 TEAEs that were observed were hypertension (10%), diarrhea (6.7%), asthenia (3.3%), and ascites (3.3%). Sintilimab plus IBI305 and HAIC showed promising efficacy and manageable safety in patients with unresectable HCC. It might represent a novel treatment option for these patients."
178-733-397-172-701,"Correction: Targeting the Phosphoinositide 3-Kinase p110-α Isoform Impairs Cell Proliferation, Survival, and Tumor Growth in Small Cell Lung Cancer.",Anna Wojtalla; Barbara Fischer; Nataliya Kotelevets; Francesco A Mauri; Jens Sobek; Hubert Rehrauer; Carlos Wotzkow; Mario P Tschan; Michael J Seckl; Uwe Zangemeister-Wittke; Alexandre Arcaro,
178-956-477-299-583,BICC1 drives pancreatic cancer progression by inducing VEGF-independent angiogenesis.,Chongbiao Huang; Hui Li; Yang Xu; Chao Xu; Huizhi Sun; Zengxun Li; Yi Ge; Hongwei Wang; Tiansuo Zhao; Song Gao; Xiuchao Wang; Shengyu Yang; Peiqing Sun; Zhe Liu; Jing Liu; Antao Chang; Jihui Hao,"VEGF inhibitors are one of the most successful antiangiogenic drugs in the treatment of many solid tumors. Nevertheless, pancreatic adenocarcinoma (PAAD) cells can reinstate tumor angiogenesis via activation of VEGF-independent pathways, thereby conferring resistance to VEGF inhibitors. Bioinformatic analysis showed that BICC1 was one of the top genes involved in the specific angiogenesis process of PAAD. The analysis of our own cohort confirmed that BICC1 was overexpressed in human PAAD tissues and was correlated to increased microvessel density and tumor growth, and worse prognosis. In cells and mice with xenograft tumors, BICC1 facilitated angiogenesis in pancreatic cancer in a VEGF-independent manner. Mechanistically, as an RNA binding protein, BICC1 bounds to the 3'UTR of Lipocalin-2 (LCN2) mRNA and post-transcriptionally up-regulated LCN2 expression in PAAD cells. When its level is elevated, LCN2 binds to its receptor 24p3R, which directly phosphorylates JAK2 and activates JAK2/STAT3 signal, leading to increased production of an angiogenic factor CXCL1. Blocking of the BICC1/LCN2 signalling reduced the microvessel density and tumor volume of PAAD cell grafts in mice, and increased the tumor suppressive effect of gemcitabine. In conclusion, BICC1 plays a pivotal role in the process of VEGF-independent angiogenesis in pancreatic cancer, leading to resistance to VEGF inhibitors. BICC1/LCN2 signaling may serve as a promising anti-angiogenic therapeutic target for pancreatic cancer patients."
179-947-581-029-999,Editor's Note: Werner Syndrome Helicase Has a Critical Role in DNA Damage Responses in the Absence of a Functional Fanconi Anemia Pathway.,Monika Aggarwal; Taraswi Banerjee; Joshua A Sommers; Chiara Iannascoli; Pietro Pichierri; Robert H Shoemaker; Robert M Brosh,
180-306-344-402-177,"Non-Small Cell Lung Cancer, Version 3.2022, NCCN Clinical Practice Guidelines in Oncology.",David S Ettinger; Douglas E Wood; Dara L Aisner; Wallace Akerley; Jessica R Bauman; Ankit Bharat; Debora S Bruno; Joe Y Chang; Lucian R Chirieac; Thomas A D'Amico; Malcolm DeCamp; Thomas J Dilling; Jonathan Dowell; Scott Gettinger; Travis E Grotz; Matthew A Gubens; Aparna Hegde; Rudy P Lackner; Michael Lanuti; Jules Lin; Billy W Loo; Christine M Lovly; Fabien Maldonado; Erminia Massarelli; Daniel Morgensztern; Thomas Ng; Gregory A Otterson; Jose M Pacheco; Sandip P Patel; Gregory J Riely; Jonathan Riess; Steven E Schild; Theresa A Shapiro; Aditi P Singh; James Stevenson; Alda Tam; Tawee Tanvetyanon; Jane Yanagawa; Stephen C Yang; Edwin Yau; Kristina Gregory; Miranda Hughes,"NCCN Clinical Practice Guidelines in Oncology (NCCN Guidelines) for Non-Small Cell Lung Cancer (NSCLC) provide recommended management for patients with NSCLC, including diagnosis, primary treatment, surveillance for relapse, and subsequent treatment. Patients with metastatic lung cancer who are eligible for targeted therapies or immunotherapies are now surviving longer. This selection from the NCCN Guidelines for NSCLC focuses on targeted therapies for patients with metastatic NSCLC and actionable mutations."
181-117-782-640-742,Author Correction: Loss of CDK4/6 activity in S/G2 phase leads to cell cycle reversal.,James A Cornwell; Adrijana Crncec; Marwa M Afifi; Kristina Tang; Ruhul Amin; Steven D Cappell,
181-223-590-792-468,Retraction: miRNA-302b Suppresses Human Hepatocellular Carcinoma by Targeting AKT2.,Lumin Wang; Jiayi Yao; Xiaogang Zhang; Bo Guo; Xiaofeng Le; Mark Cubberly; Zongfang Li; Kejun Nan; Tusheng Song; Chen Huang,
181-363-273-973-331,"Kidney Cancer, Version 3.2022, NCCN Clinical Practice Guidelines in Oncology.",Robert J Motzer; Eric Jonasch; Neeraj Agarwal; Ajjai Alva; Michael Baine; Kathryn Beckermann; Maria I Carlo; Toni K Choueiri; Brian A Costello; Ithaar H Derweesh; Arpita Desai; Yasser Ged; Saby George; John L Gore; Naomi Haas; Steven L Hancock; Payal Kapur; Christos Kyriakopoulos; Elaine T Lam; Primo N Lara; Clayton Lau; Bryan Lewis; David C Madoff; Brandon Manley; M Dror Michaelson; Amir Mortazavi; Lakshminarayanan Nandagopal; Elizabeth R Plimack; Lee Ponsky; Sundhar Ramalingam; Brian Shuch; Zachary L Smith; Jeffrey Sosman; Mary A Dwyer; Lisa A Gurski; Angela Motter,"The NCCN Guidelines for Kidney Cancer focus on the screening, diagnosis, staging, treatment, and management of renal cell carcinoma (RCC). Patients with relapsed or stage IV RCC typically undergo surgery and/or receive systemic therapy. Tumor histology and risk stratification of patients is important in therapy selection. The NCCN Guidelines for Kidney Cancer stratify treatment recommendations by histology; recommendations for first-line treatment of ccRCC are also stratified by risk group. To further guide management of advanced RCC, the NCCN Kidney Cancer Panel has categorized all systemic kidney cancer therapy regimens as ""Preferred,"" ""Other Recommended Regimens,"" or ""Useful in Certain Circumstances."" This categorization provides guidance on treatment selection by considering the efficacy, safety, evidence, and other factors that play a role in treatment selection. These factors include pre-existing comorbidities, nature of the disease, and in some cases consideration of access to agents. This article summarizes surgical and systemic therapy recommendations for patients with relapsed or stage IV RCC."
181-549-890-289-741,P3.12.05 Patterns of EGFR Mutations and Real-World Experience of Therapeutic Interventions - a Community Oncology Study,K.N. Jobanputra; K. Chaudhari; A. Pathan; P. Kalaskar; K. Joshi; V. Maniar; A. Joshi; U. Maheshwari; P. Kendre; D. Morzaria; R. Dave; M. Mekha; M. Randive; D. Pal; S. Bhosale; S. Sheth; C. Pethe; A. Shivchhand; A. Rajbhoj; R. Wategaonkar; P. Devde,
182-024-057-673-289,PP 2.15 – 00169 Macrophages are the primary source of virus in semen and male genital tract organs in acutely and chronically infected rhesus macaques,C. Deleage; C. Fennessey; J. Harper; S. Florea; L. Lipkey; R. Fast; M. Paiardini; J. Lifson; B. Keele,
182-147-467-230-78X,Principles and practice of gastrointestinal oncology,David Kelsen,"PRINCIPLES OF GASTROINTESTINAL ONCOLOGY: Gastrointestinal Cancer: Epidemiology / Gastrointestinal Cancer: Pathology / Gastrointestinal Cancer: Cancer Genetics / Gastrointestinal Cancer: Screening and Surveillance / Gastrointestinal Cancer: Surgical Oncology / Gastrointestinal Cancer: Radiation Oncology / Gastrointestinal Cancer: Medical Oncology / Gastrointestinal Cancer: Nutritional Support / Imaging of Gastrointestinal Malignancies / Endoscopic Diagnosis, Staging, and Management of Gastrointestinal Cancers / An Overview of Outcomes Research in Gastrointestinal Cancer / Integrative Oncology: Complementary Therapies in GI Cancer Care / Pain and Symptom Control ESOPHAGEAL CANCER: Esophageal Cancer: Epidemiology, Screening, and Prevention / Esophageal Cancer: Molecular Biology and Genetics / Esophageal Cancer: Pathology / Esophageal Cancer: Anatomy and Staging / Esophageal Cancer: Clinical Management GASTRIC CANCER: Gastric Cancer: Epidemiology, Screening, Surveillance, and Prevention / Gastric Cancer: Molecular Biology and Genetics / Gastric Cancer: Pathology / Gastric Cancer: Staging Systems and Techniques / Gastric Cancer: Clinical Management PANCREAS CANCER: Pancreas Cancer: Epidemiology and Risk Factors / Pancreatic Cancer: Molecular Biology and Genetics / Pancreas Cancer: Anatomy, Staging Systems and Techniques / Pathology of Pancreatic Cancer / Pancreas Cancer: Clinical Management HEPATOCELLULAR CANCER: Hepatocellular Carcinoma: Epidemiology, Screening, and Prevention / Hepatocellular Carcinoma: Molecular Biology and Genetics / Hepatocellular Cancer: Pathology / Hepatocellular Cancer: Anatomy and Staging / Hepatocellular Cancer: Clinical Management CANCERS OF THE BILIARY TREE: Cancer of the Gallbladder and Biliary Tree: Epidemiology / Pathology of Biliary Tract Cancer / Cancers of the Biliary Tree: Anatomy and Staging / Cancers of the Biliary Tree: Clinical Management COLORECTAL CANCER: Environmental and Lifestyle Issues in Colorectal Cancer / Colorectal Cancer: Screening and Prevention / Colorectal Cancer: Molecular Biology and Genetics / Colorectal Cancer: Pathology / Colorectal Cancer: Anatomy and Staging / Colon Cancer: Management of Locoregional Disease / Rectal Cancer: Management of Local and Regional Disease / Systemic Therapy for Metastatic Colorectal Cancer / Colorectal Cancer: Surgery and Local Ablation of Liver Metastases UNCOMMON CANCERS OF THE GASTROINTESTINAL TRACT: Anal Canal Cancer / Neuroendocrine Tumors of the Gastrointestinal Tract / Primary Gastric and Intestinal Lymphomas / Gastrointestinal Stromal Tumors / Small Bowel Cancers / Cancer of Unknown Primary Site / Malignant Peritoneal Mesothelioma"
182-153-422-705-500,Instance segmentation of mitochondria in electron microscopy images with a generalist deep learning model,Ryan Conrad; Kedar Narayan,"<jats:title>Abstract</jats:title>;                 <jats:p>;                   Mitochondria are extremely pleomorphic organelles. Automatically annotating each one accurately and precisely in any 2D or volume electron microscopy (EM) image is an unsolved computational challenge. Current deep learning-based approaches train models on images that provide limited cellular contexts, precluding generality. To address this, we amassed a highly heterogeneous ∼1.5 x 10;                   <jats:sup>6</jats:sup>;                   image 2D unlabeled cellular EM dataset, and segmented ∼135,000 mitochondrial instances therein. MitoNet, a model trained on these resources, performs well on challenging benchmarks and on previously unseen volume EM datasets containing tens of thousands of mitochondria. We release a new Python package and napari plugin, empanada, to rapidly run inference, visualize, and proofread instance segmentations.;                 </jats:p>"
182-942-067-778-095,"Moving Toward Findable, Accessible, Interoperable, Reusable Practices in Epidemiologic Research.",Montserrat García-Closas; Thomas U Ahearn; Mia M Gaudet; Amber N Hurson; Jeya Balaji Balasubramanian; Parichoy Pal Choudhury; Nicole M Gerlanc; Bhaumik Patel; Daniel Russ; Mustapha Abubakar; Neal D Freedman; Wendy S W Wong; Stephen J Chanock; Amy Berrington de Gonzalez; Jonas S Almeida,"Data sharing is essential for reproducibility of epidemiologic research, replication of findings, pooled analyses in consortia efforts, and maximizing study value to address multiple research questions. However, barriers related to confidentiality, costs, and incentives often limit the extent and speed of data sharing. Epidemiological practices that follow Findable, Accessible, Interoperable, Reusable (FAIR) principles can address these barriers by making data resources findable with the necessary metadata, accessible to authorized users, and interoperable with other data, to optimize the reuse of resources with appropriate credit to its creators. We provide an overview of these principles and describe approaches for implementation in epidemiology. Increasing degrees of FAIRness can be achieved by moving data and code from on-site locations to remote, accessible (""Cloud"") data servers, using machine-readable and nonproprietary files, and developing open-source code. Adoption of these practices will improve daily work and collaborative analyses and facilitate compliance with data sharing policies from funders and scientific journals. Achieving a high degree of FAIRness will require funding, training, organizational support, recognition, and incentives for sharing research resources, both data and code. However, these costs are outweighed by the benefits of making research more reproducible, impactful, and equitable by facilitating the reuse of precious research resources by the scientific community."
183-524-053-338-421,Indications for BRCA1 and BRCA2 mutation testing in hereditary breast and ovarian cancer families,Rita K. Schmutzler; U. Schwarz-Boeger; G. Bastert; null Bender; null Beckmann; null Caffier; null Crohns; J. Deininger; null Dietl; null Ditsch; null Distler; null Estevez-Schwarz; William C. Hahn; null Herroder; null Hubbel; null Huttner; null Jackisch; null Kandl; Karin Kast; null Kuschel; Von Minckwitz; null nestle-Kramling; B. Prieshof; null Rensing; null Rhiem; null Schaffer; null Straub; null Untch; T. Volm; Marion Kiechle,9720 Background: Since characterization of BRCA1 and BRCA2 in 1994 1995 resp. genetic testing of these genes is possible. Germline mutations in these genes are the most common reason for hereditary...
183-572-695-686-766,Immunotherapy rechallenge of patients with advanced NSCLC progression after sequential treatment with third-generation EGFR-TKI and immunotherapy.,Shuyi Hu; Zipeng Wu; Yingying Dai; Xinhong Shi; Qin Hu; Caolu Liu; Yifei Zhu; Ruofan Yu; Jingwen Li; Ying Liu; Tianyi Liu; Lin Lu; Chengyun Yao; Bo Shen; Meiqi Shi; Cheng Chen; Xiaohua Wang; Guoren Zhou,"Epidermal growth factor receptor (EGFR) mutations are among the most prevalent driver gene alterations in non-small cell lung cancer (NSCLC). Osimertinib, with or without chemotherapy, the first-line standard treatment for patients with advanced NSCLC bearing sensitive EGFR mutations, significantly"
183-606-865-903-341,Nishi Memorial Award in Gastric Cancer,Shuichi Hironaka; Kensei Yamaguchi; Takeshi Nakajima; Sadamoto Zenda; Narikazu Boku; T Shimamura; Yoshito Komatsu; Akinori Takagane; Takashi Yoshioka; Soh Saitoh; Masaki Munakata; Yuh Sakata; Tsukasa Sato; Tatsuhiro Arai; Hiroshi Saitoh; Ichiro Oda; Takuji Gotoda; Hisanao Hamanaka; Takako Eguchi; Chizu Yokoi; Daizo Saito; Yoshitaka Yamamura; Seiji Ito; Yoshinari Mochizuki; Hayao Nakanishi; Masae Tatematsu; Yasuhiro Kodera; Scott A. Hundahl; Koen Peeters; Elma Meershoek‐Klein Kranenbarg; Henk H. Hartgrink; Cornelis J.�H. van de Velde; Souya Nunobe; Mitsuru Sasako; Makoto Saka; Takeo Fukagawa; Hitoshi Katai; Takeshi Sano,"The Japanese Gastric Cancer Association (JGCA) established the ""Nishi Memorial Award in Gastric Cancer"" to commend high-quality papers published in Gastric Cancer. In each volume of the journal, three articles are selected by the Editorial Committee, and the JGCA awards 100,000 Japanese yen to the first authors. For volumes 9 and 10, the following articles were selected."
183-876-195-709-020,A New Model of Care for Patients with Central Nervous System Cancers: Final Results of a Pilot Study (863),Elena Pentsova; Kathryn Nevel; Franchesca Konig-Toro; Katherine Panageas; Maryann Sibilla; Anne Reiner; Eli Diamond; Anastasia Zankowsky; Dominique Jean-Charles; Gayle Rawlins-Peters; Brian Kelly; Judy Gilman; Alan Carver; Lisa Ruppert,To determine the effect of an interdisciplinary approach to identify and address unmet need of patients (pts) with central nervous system (CNS) cancers and their caregivers.
184-232-688-708-395,"AVENGERS: Analysis of Variant Effects using Next Generation sequencing to Enhance
                  <i>BRCA2</i>
                  Stratification",Sounak Sahu; Melissa Galloux; Eileen Southon; Dylan Caylor; Teresa Sullivan; Matteo Arnaudi; Josephine Geh; Raj Chari; Elena Papaleo; Shyam K. Sharan,"<jats:title>Abstract</jats:title>;                 <jats:p>;                   Accurate interpretation of genetic variation is a critical step towards realizing the potential of precision medicine. Sequencing-based genetic tests have uncovered a vast array of;                   <jats:italic>BRCA2</jats:italic>;                   sequence variants. Due to limited clinical, familial and/or epidemiological data, thousands of variants are considered to be variants of uncertain significance (VUS). To determine the functional impact of VUSs, here we develop AVENGERS: Analysis of Variant Effects using NGs to Enhance BRCA2 Stratification, utilizing CRISPR-Cas9-based saturation genome editing (SGE) in a humanized-mouse embryonic stem cell line. We have categorized nearly all possible missense single nucleotide variants (SNVs) encompassing the C-terminal DNA binding domain of;                   <jats:italic>BRCA2.</jats:italic>;                   We have generated the function scores for 6270 SNVs, covering 95.5% of possible SNVs in exons 15-26 spanning residues 2479-3216, including 1069 unique missense VUS, with 81% functional and 14% found to be nonfunctional. Our classification aligns strongly with pathogenicity data from ClinVar, orthogonal functional assays and computational meta predictors. Our statistical classifier exhibits 92.2% sensitivity and 96% specificity in distinguishing clinically benign and pathogenic variants recorded in ClinVar. Furthermore, we offer proactive evidence for 617 SNVs being non-functional and 3396 SNVs being functional demonstrated by impact on cell growth and response to DNA damaging drugs like cisplatin and olaparib. This classification serves as a valuable resource for interpreting unidentified variants in the population and for physicians and genetic counselors assessing;                   <jats:italic>BRCA2</jats:italic>;                   VUSs in patients.;                 </jats:p>"
184-269-817-245-235,Tumor heterogeneity impairs immunogenicity in mismatch repair deficient tumors.,James L Reading; Deborah R Caswell; Charles Swanton,
184-339-451-236-393,Implementing a Novel Interprofessional Morbidity and Mortality Conference in Hematology/Oncology Fellowship,Aditya Sharma; Natasha Dhawan; Ivy Riano; Melissa Pomeroy; Christi Hayes; Katherine Silvius; Miriam Dowling-Schmitt; Rebecca Johnson; Kori Field; Anna Park; Catherine Rodriguez; Ryan Montano; Philip Benoit; Frederick Lansigan,
184-401-844-191-266,Cancer and Cancer Care,Debbie Wyatt; Nicholas Hulbert-Williams,
185-103-793-860-810,Correction: Comprehensive Metabolic Tracing Reveals the Origin and Catabolism of Cysteine in Mammalian Tissues and Tumors.,Sang Jun Yoon; Joseph A Combs; Aimee Falzone; Nicolas Prieto-Farigua; Samantha Caldwell; Hayley D Ackerman; Elsa R Flores; Gina M DeNicola,
185-789-292-859-685,Optimizing Shape Complementarity Enables the Discovery of Potent Tricyclic BCL6 Inhibitors.,Owen A Davis; Kwai-Ming J Cheung; Alfie Brennan; Matthew G Lloyd; Matthew J Rodrigues; Olivier A Pierrat; Gavin W Collie; Yann-Vaï Le Bihan; Rosemary Huckvale; Alice C Harnden; Ana Varela; Michael D Bright; Paul Eve; Angela Hayes; Alan T Henley; Michael D Carter; P Craig McAndrew; Rachel Talbot; Rosemary Burke; Rob L M van Montfort; Florence I Raynaud; Olivia W Rossanese; Mirco Meniconi; Benjamin R Bellenie; Swen Hoelder,"To identify new chemical series with enhanced binding affinity to the BTB domain of B-cell lymphoma 6 protein, we targeted a subpocket adjacent to Val18. With no opportunities for strong polar interactions, we focused on attaining close shape complementarity by ring fusion onto our quinolinone lead series. Following exploration of different sized rings, we identified a conformationally restricted core which optimally filled the available space, leading to potent BCL6 inhibitors. Through X-ray structure-guided design, combined with efficient synthetic chemistry to make the resulting novel core structures, a >300-fold improvement in activity was obtained by the addition of seven heavy atoms."
186-450-250-040-165,A pro-metastatic tRNA fragment drives aldolase A oligomerization to enhance aerobic glycolysis in lung adenocarcinoma.,Qinglin Wang; Xuming Song; Yijian Zhang; Si Liang; Minhao Zhang; Hui Wang; Yipeng Feng; Rutao Li; Hanlin Ding; Yuzhong Chen; Wenjie Xia; Gaochao Dong; Lin Xu; Qixing Mao; Feng Jiang,"Despite being the leading cause of lung cancer-related deaths, the underlying molecular mechanisms driving metastasis progression are still not fully understood. Transfer RNA-derived fragments (tRFs) have been implicated in various biological processes in cancer. However, the role of tRFs in lung adenocarcinoma (LUAD) remains unclear. Our study identified a tRF, tRF-Val-CAC-024, associated with the high-risk component of LUAD, through validation using 3 cohorts. Our findings demonstrated that tRF-Val-CAC-024 acts as an oncogene in LUAD. Mechanistically, tRF-Val-CAC-024 was revealed to bind to aldolase A (ALDOA) dependent on Q125/E224 and promote the oligomerization of ALDOA, resulting in increased enzyme activity and enhanced aerobic glycolysis in LUAD cells. Additionally, we provide preliminary evidence of its potential clinical value by investigating the therapeutic effects of tRF-Val-CAC-024 antagomir-loaded lipid nanoparticles (LNPs) in cell-line-derived xenograft models. These results could enhance our understanding of the regulatory mechanisms of tRFs in LUAD and provide a potential therapeutic target."
186-574-058-034-616,Preclinical Optimization of a Fully Human CD19 Chimeric Antigen Receptor T (CART) Cell to Enhance Efficacy Against CD19-Antigen Low B-Acute Lymphoblastic Leukemia (B-ALL),Victoria M. Giordani; Justin Mirazee; Marie Pouzolles; Mehdi Benzaoui; Christopher D Chien; Adam Kenet; Sooraj Achar; Saliha Majdoul; James N. Kochenderfer; Nirali N. Shah; Gregoire Altan-Bonnet; Taisuke Kondo; Naomi Taylor,
187-235-365-292-287,Correction: MNK1/NODAL Signaling Promotes Invasive Progression of Breast Ductal Carcinoma In Situ.,Qianyu Guo; Vivian Z Li; Jessica N Nichol; Fan Huang; William Yang; Samuel E J Preston; Zahra Talat; Hanne Lefrère; Henry Yu; Guihua Zhang; Mark Basik; Christophe Gonçalves; Yao Zhan; Dany Plourde; Jie Su; Jose Torres; Maud Marques; Sara Al Habyan; Krikor Bijian; Frédéric Amant; Michael Wichter; Fariba Behbod; Luke McCaffrey; Moulay Alaoui-Jamali; Nadia V Giannakopoulos; Muriel Brackstone; Lynne-Marie Postovit; Sonia V Del Rincón; William H Miller,
187-538-434-109-860,Pharmacokinetics and Pharmacodynamics in Drug Development,Simon Pacey; Debashis Sarker; Paul Workman,
188-079-539-042-021,Correction: Cross-talk Signaling between HER3 and HPV16 E6 and E7 Mediates Resistance to PI3K Inhibitors in Head and Neck Cancer.,Toni M Brand; Stefan Hartmann; Neil E Bhola; Hua Li; Yan Zeng; Rachel A O'Keefe; Max V Ranall; Sourav Bandyopadhyay; Margaret Soucheray; Nevan J Krogan; Carolyn Kemp; Umamaheswar Duvvuri; Theresa LaVallee; Daniel E Johnson; Michelle A Ozbun; Julie E Bauman; Jennifer R Grandis,"In the original version of this article (1), there are errors in Figs. 2C and 4E and Supplementary Fig. S3. The authors inadvertently used the same image for p70S6K in SCC47 and SCC90 cells in Fig. 2C. The image of p-AKT-T308 in 93-VU-147T cells in Fig. 3A was duplicated in Supplementary Fig. S3A for p-AKT-T308 in 93-VU-147T cells. The same image was also used for E6 in the PDX-1 and PDX-3 models in Fig. 4E. In addition, a duplicated image was provided for p-AKT-S473 and p-AKT-T308 in SCC90 cells in Supplementary Fig. S3A. The correct original images have been provided, and the errors have been corrected in the latest online HTML and PDF versions of the article. The authors regret this error.Additional duplications were detected in Fig. 1D, 1F, and Fig. 3D, but the authors were unable to furnish the original data pertaining to those panels, which remain unchanged in the current versions. The editors have therefore addressed those issues in a separate Editor's Note (2)."
188-168-987-843-492,Diagnostic value of 18F-FDG PET/CT in primary and metastatic renal tumors: a pilot study,Zhenyan Ye; Yutang Yao; Jiaqi Shen; Jun Dang; Shiwei Qing; Xiao Jiang; Xiaoxiong Wang; Hao Lu; Shirong Chen; Zhuzhong Cheng,
188-284-609-132-210,P-003 Clinical outcomes among multiple myeloma and lymphoma patients taking beta-blockers undergoing CAR-T therapy,Kristina Balandan; Yi Hwa; Radhika Bansal; Arushi Khurana; Patrick Johnston; Stephen Ansell; Nora Bennani; Moritz Binder; David Dingli; Morie Gertz; Suzanne Haymann; Prashant Kapoor; Taxiarchis Kourelis; Shaji Kumar; Jonas Paludo; Rahma Warsame; Yucai Wang; Joselle Cook; Urshila Durani; Yi Lin; Angela Dispenzieri,
188-431-541-465-867,Prognostic Significance and Adjuvant Therapy Benefits in Patients with Resected Stage I Lung Adenocarcinoma with Micropapillary Pattern,Jianjie Li; Yujia Chi; Bo Jia; Qiwen Zheng; Jianjun Zhang; Aishen Zhou; Wei Sun; Yue Yang; Jun Zhao; Meina Wu; Tongtong An; Yuyan Wang; Minglei Zhuo; Xue Yang; Hanxiao Chen; Jingjing Wang; Xiaoyu Zhai; Yidi Tai; Xiaodan Yang; Sheng Li; Junfeng Li; Menglei Ma; Huan Yu; Yuling He; Lingdong Kong; Xumeng Ji; Yiliang Liu; Nan Wu; Mathew Thomas; Fan Yang; Ziping Wang,
188-526-092-619-155,"Kidney Cancer, Version 3.2022, NCCN Clinical Practice Guidelines in Oncology",Robert J. Motzer; Eric Jonasch; Neeraj Agarwal; Ajjai Alva; Michael Baine; Kathryn Beckermann; Maria I. Carlo; Toni K. Choueiri; Brian A. Costello; Ithaar H. Derweesh; Arpita Desai; Yasser Ged; Saby George; John L. Gore; Naomi Haas; Steven L. Hancock; Payal Kapur; Christos Kyriakopoulos; Elaine T. Lam; Primo N. Lara; Clayton Lau; Bryan Lewis; David C. Madoff; Brandon Manley; M. Dror Michaelson; Amir Mortazavi; Lakshminarayanan Nandagopal; Elizabeth R. Plimack; Lee Ponsky; Sundhar Ramalingam; Brian Shuch; Zachary L. Smith; Jeffrey Sosman; Mary A. Dwyer; Lisa A. Gurski; Angela Motter,"<jats:p>The NCCN Guidelines for Kidney Cancer focus on the screening, diagnosis, staging, treatment, and management of renal cell carcinoma (RCC). Patients with relapsed or stage IV RCC typically undergo surgery and/or receive systemic therapy. Tumor histology and risk stratification of patients is important in therapy selection. The NCCN Guidelines for Kidney Cancer stratify treatment recommendations by histology; recommendations for first-line treatment of ccRCC are also stratified by risk group. To further guide management of advanced RCC, the NCCN Kidney Cancer Panel has categorized all systemic kidney cancer therapy regimens as “Preferred,” “Other Recommended Regimens,” or “Useful in Certain Circumstances.” This categorization provides guidance on treatment selection by considering the efficacy, safety, evidence, and other factors that play a role in treatment selection. These factors include pre-existing comorbidities, nature of the disease, and in some cases consideration of access to agents. This article summarizes surgical and systemic therapy recommendations for patients with relapsed or stage IV RCC.</jats:p>"
188-534-392-858-764,Prediction Recurrence in Stage I Epidermal Growth Factor Receptor-Mutated Non-Small Cell Lung Cancer Using Multi-Modal Data,Akiko Tateishi; Hidehito Horinouchi; Nobuji Kouno; Katsuji Takeda; Ken Takasawa; Takaaki Mizuno; Yu Okubo; Yukihiro Yoshida; Mototaka Miyake; Masahiko Kusumoto; Koji Inaba; Hiroshi Igaki; Yasushi Yatabe; Masami Mukai; Naoki Mihara; Jo Nishino; Aya Kuchiba; Taro Shibata; Kouya Shiraishi; Shun-ichi Watanabe; Masaaki Komatsu; Takashi Kohno; Yuichiro Ohe; Ryuji Hamamoto,
189-566-155-375-630,"Factors affecting the decision to disclose illness and responses from human resource professionals to survivors of childhood, adolescent, and young-adult cancer",Miyako Tsuchiya; Makiko Tazaki; Yoshinori Takata; Miyako Takahashi,
189-737-144-395-808,Supplementary Table 1 and Figure S1- S8 from Targeting the PI3K/AKT Pathway Overcomes Enzalutamide Resistance by Inhibiting Induction of the Glucocorticoid Receptor,Remi Adelaiye-Ogala; Berkley E. Gryder; Yen Thi Minh Nguyen; Aian Neil Alilin; Adlai R. Grayson; Wardah Bajwa; Keith H. Jansson; Michael L. Beshiri; Supreet Agarwal; Jose Antonio Rodriguez-Nieves; Brian Capaldo; Kathleen Kelly; David J. VanderWeele,<jats:p>&lt;p&gt;Supplementary Figure 1. Assessment of ipatasertib as single agent across models representing hormone sensitive PCa in vitro. Supplementary Figure 2. Assessment of ipatasertib on GR expression. Supplementary Figure 3. Western blot indicating effects of inhibitors on PI3K/AKT/mTOR signaling in LREX cell lines.Supplementary Figure 4. (A) Efficient knockdown of GR gene (NR3C1) and protein in LREX cells as indicated by qRT-PCR and western blot. Cell viability assay using LREX cells indicates no added effect when combining ipatasertib and enzalutamide compared to non silencing control following NR3C1 knockdown. (B) Quantitative RT-PCR and western blot indicating exogeneous overexpression of GR in engineered LNCAP and LREX cell lines. Cell viability assay indicates decreased response to ipatasertib in LNCaP and LREX cells overexpressing GR compared to control cells (Right panel). (C) 22RV1 cells have constitutively high GR expression that is not decreased with ipatasertib (right panel) and have marginal response to ipatasertib (left panel).&lt;/p&gt;</jats:p>
189-768-418-408-47X,EP.07A.16 The Prognostic Disparities Between the T3 Descriptors in Surgically Resected Primary Lung Cancer,A. Suzuki; M. Kawahara; Y. Yazaki; S. Yoshimine; J. Ichinose; Y. Matsuura; M. Nakao; S. Okumura; M. Mun,
190-027-951-901-956,Complete responses after neoadjuvant toripalimab and chemoradiotherapy for oesophageal squamous cell carcinoma: in situ and ex vivo 3.0 T MRI assessment.,Lijun Zhao; Xiangzhi Zhu; Ning Jiang; Jingyuan Zhang; Cheng Kong; Qicen Xu; Lingling Gu; Xiaodong Xie; Ming Jiang; Zhen Guo,
190-575-684-980-668,Novel immune subtypes identification of HER2-positive breast cancer based on immunogenomic landscape,Lingli Huang; Xin Liu; Li Li; Lei Wang; Nan Wu; Zhixian Liu,
190-795-597-688-292,Ribosome biogenesis is a therapeutic vulnerability in paediatric neuroblastoma,Camille Jouines; Piero Lo Monaco; Angéline Gaucherot; Marie‐Ambre Monet; Isabelle Iacono; Valentin Simioni; Déborah Monchiet; Jean‐Jacques Diaz; Valérie Combaret; Virginie Marcel; Frédéric Catez,Our study reinforces the therapeutic potential of ribosome biogenesis inhibition in neuroblastoma and expands the list of potential targets to include rRNA maturation factors. These findings highlight the promise of targeting ribosome biogenesis as a novel approach for neuroblastoma treatment.
190-824-146-259-94X,A study protocol for the CHinA National CancEr Screening (CHANCES) Trial: a randomized controlled study to compare the screening strategies for lung cancer and colorectal cancer,Yibo Gao; Ping Hu; Ning Wu; Fengwei Tan; Wei Cao; Wei Tang; Xin Li; Yan Wen; Jiang Li; Fei Wang; Yongjie Xu; Yiwen Yu; Chao Qin; Xuesi Dong; Jiansong Ren; Zhuoyu Yang; Yadi Zheng; Zheng Wu; Paul Pinsky; Philip Prorok; Martina Taylor; Min Dai; Ni Li; Barnett Kramer; Jie He,"<title>Abstract</title>;         <p><bold>Background: </bold>Cancer screening strategies play a crucial role in early detection and subsequent management of lung cancer and colorectal cancer. However, there remains a paucity of high-quality evidence from developing regions. The CHinA National CancEr Screening (CHANCES) Trial aims to comprehensively evaluate and compare different screening strategies for lung cancer and colorectal cancer (CRC) in the Chinese population.; <bold>Methods: </bold>The CHANCES trial is a randomized controlled trial aimed at assessing the effectiveness of screening using low-dose computed tomography (LDCT) either annually or biennially for reducing lung cancer-specific mortality. Additionally, our trial seeks to evaluate the efficacy of various screening strategies for CRC. In this 5-year project, a total of 99,000 participants aged 50-74 from 25 provinces will be enrolled and randomized into one of three arms: i) receiving five annual LDCT scans along with a single colonoscopy (n=19,800); ii) undergoing three biennial LDCT scans and five annual fecal blood tests using fecal immunochemical testing (FIT) (n=39,600); iii) opting for either a single colonoscopy or five annual FIT tests (n=39,600). Participants with positive FIT findings will be recommended to undergo a diagnostic colonoscopy. The primary endpoint of this study is lung cancer-specific mortality, and cost-effectiveness analyses of the various screening strategies in the Chinese population are also planned.; <bold>Discussion</bold>: To our knowledge, this trial represents the first endeavor statistically powered to assess the potential reduction in lung-cancer-specific mortality through screening with LDCT annually or biennially compared to a no screening arm. Additionally, it seeks to explore the feasibility of integrating lung cancer and CRC screening in a developing nation setting. The anticipated findings from this study hold the potential to provide evidence-based recommendations for cancer screening programs, thereby advancing cancer prevention and control efforts not only in China but also globally.; <bold>Trial registration</bold>: ChiCTRN(Chinese Clinical Trial Registry Number), ChiCTR1900025257. Registered on 2019-08-18.</p>"
190-864-121-736-11X,Enhancing CAR T cell therapy through in silico modeling of hinge sequence length based on epitope location,Justin M. Mirazee; Akashnathan Aranganathan; Sooraj Achar; Dongya Jia; Xiang Chen; Bodhi P. Vani; Christopher D. Chien; Marie Pouzolles; Kniya DeDe; Philippe Youkharibache; Kylie Walters; Pratyush Tiwary; Gregoire Altan-Bonnet; Naomi Taylor,
191-993-887-142-38X,Comment on: Cachexia index for prognostication in surgical patients with locally advanced oesophageal or gastric cancer: multicentre cohort study.,Kexun Li; Xuefeng Leng; Yongtao Han; Lin Peng,
192-025-148-311-520,Glutaredoxin 3 (GLRX3) confers a fusion oncogene-dependent vulnerability to Ewing sarcoma,Endrit Vinca; Anna C. Ehlers; Alina Ritter; David Obermeier; Cornelius M. Funk; Florian H. Geyer; Melissa Schmucker; Jing Li; Malenka Zimmermann; A. Katharina Ceranski; Fabia Fuchslocher; Christina Mertens; Ruiyue Qiu; Martina M. Muckenthaler; Alina Dahlhaus; Silvia von Karstedt; Roland Imle; Ana Banito; Javier Alonso; Heike Peterziel; Olaf Witt; Ina Oehme; Florencia Cidre-Aranaz; Thomas G. P. Grünewald; Shunya Ohmura,"<jats:title>ABSTRACT</jats:title>;                 <jats:p>Ewing sarcoma (EwS) is a highly aggressive bone and soft-tissue associated cancer for which there are no effective targeted therapeutics available. Genetically, EwS is driven by aberrantly active EWSR1::ETS fusion transcription factors, most commonly EWSR1::FLI1. Despite their unique expression in EwS, all attempts to effectively target these fusion oncoproteins clinically were not yet successful, wherefore alternative targets are required.</jats:p>;                 <jats:p>Here, we functionally characterize the evolutionarily conserved oxidative stress regulator glutaredoxin 3 (GLRX3) as a EwS-specific and EWSR1::FLI1-dependent vulnerability. Through integration of transcriptome-profiling, conditional drug screens in 3D cultures, and functional experiments, we discover that GLRX3 promotes EwS growth in vitro and in vivo, and that it has a key role in mitigation of oxidative stress and maintenance of iron homeostasis. These GLRX3 functions can be exploited in both GLRX3-high and -low expressing EwS cells by targeted therapeutics including CDK4/6 inhibitors and inducers of apoptotic and ferroptotic cell death. Collectively, our results exemplify how the interplay of an evolutionarily conserved oxidative stress regulator with a dominant oncogene can promote malignancy but provide opportunities for predictive diagnostics and personalized therapy.</jats:p>"
192-637-726-153-761,Enhancing nursing students' awareness of the role of cancer research nurses to improve future recruitment,Ben Hood; Vivienne Wilson; Anne Croudass,"Concerns about oncology nurse recruitment -particularly in research nursing -were raised by the Experimental Cancer Medicine Centres national nurses steering group in 2017, and this led to the development of a national pilot educational engagement project. The project involved delivering educational sessions to nursing students to improve their understanding of the role of cancer research nurses and clinical research in cancer settings. These sessions were delivered onsite to second-year and third-year adult nursing students at two universities in north east England and one in Edinburgh, Scotland, and online to students at Canterbury Christ Church University, England. This article discusses the results of pre-intervention and post-intervention questionnaires that aimed to determine whether the educational sessions improved students' understanding of the research nurse role and whether they would consider it as a career on graduating."
192-677-963-244-997,"NCCN Guidelines® Insights: Non-Small Cell Lung Cancer, Version 7.2025.",Gregory J Riely; Douglas E Wood; Dara L Aisner; Billy W Loo; Andrea L Axtell; Jessica R Bauman; Ankit Bharat; Joe Y Chang; Aakash Desai; Thomas J Dilling; Jonathan Dowell; Gregory A Durm; Scott Gettinger; Travis E Grotz; Matthew A Gubens; Aditya Juloori; Rudy P Lackner; Michael Lanuti; Benjamin Levy; Jules Lin; Christine M Lovly; Fabien Maldonado; Daniel Morgensztern; Trey C Mullikin; Thomas Ng; Dawn Owen; Dwight H Owen; Sandip P Patel; Tejas Patil; Patricio M Polanco; Jonathan Riess; Ana Lucia Ruano Mendez; Theresa A Shapiro; Aditi P Singh; James Stevenson; Alda Tam; Tawee Tanvetyanon; Jane Yanagawa; Edwin Yau; Kristina Gregory; Lisa Hang,"The NCCN Guidelines for Non-Small Cell Lung Cancer (NSCLC) provide recommendations for the treatment of NSCLC. These NCCN Guidelines Insights discuss recent updates to the NCCN Guidelines, with a focus on systemic therapy options for the treatment of patients with nonmetastatic NSCLC and the corresponding molecular testing considerations."
192-813-758-913-948,"Prediction of Cancer Incidence and Mortality in Korea, 2023.",Kyu-Won Jung; Mee Joo Kang; Eun Hye Park; E Hwa Yun; Hye-Jin Kim; Hyun-Joo Kong; Jeong-Soo Im; Hong Gwan Seo,"<AbstractText Label=""PURPOSE"" NlmCategory=""OBJECTIVE"">This study aimed to report the projected cancer incidence and mortality for the year 2023 to estimate Korea's current cancer burden.</AbstractText>;           <AbstractText Label=""Materials and Methods"" NlmCategory=""UNASSIGNED"">Cancer incidence data from 1999 to 2020 were obtained from the Korea National Cancer Incidence Database, and cancer mortality data from 1993 to 2021 were acquired from Statistics Korea. Cancer incidence and mortality were projected by fitting a linear regression model to observed age-specific cancer rates against their respective years and then by multiplying the projected age-specific rates by the anticipated age-specific population for 2023. A joinpoint regression model was used to determine the year in which the linear trend changed significantly; we only used the data of the latest trend.</AbstractText>;           <AbstractText Label=""RESULTS"" NlmCategory=""RESULTS"">In total, 273,076 new cancer cases and 81,818 cancer deaths are expected to occur in Korea in 2023. The most common cancer site is expected to be the lung, followed by the thyroid, breast, colon and rectum, and stomach. These five cancers are expected to represent half of the overall burden of cancer in Korea. The most common type of cancer leading to death is expected to be lung cancer, followed by liver, colorectal, pancreatic, and gallbladder cancers.</AbstractText>;           <AbstractText Label=""CONCLUSION"" NlmCategory=""CONCLUSIONS"">The incidence rates for all types of cancer in Korea are estimated to gradually decrease. These up-to-date estimates of the cancer burden in Korea could be an important resource for planning and evaluating cancer-control programs.</AbstractText>"
192-869-007-408-601,EditorialNote on biomarkers,Shweta Shikhare,"Gynecologic oncology is a specialized field of medicine that focuses on cancers of the female reproductive system, including ovarian cancer, uterine cancer, vaginal cancer, cervical cancer, and vulvar cancer. As specialists, they have extensive training in the diagnosis and treatment of these cancers. Gynecologic oncology is a specialized field of medicine that focuses on cancers of the female reproductive system, including ovarian cancer, uterine cancer, vaginal cancer, cervical cancer, and vulvar cancer. As specialists, they ha"
192-900-799-331-640,121P ATM germline mutations in lethal prostate cancer,R.M. Grochot; S. Carreira; S. Miranda; I. Figueiredo; C. Bertan; J. Rekowski; W. Yuan; A. Ferreira; R. Riisnaes; A. Neeb; B. Gurel; M.D.L.D. Fenor de la Maza; J. Carmichael; D. Westaby; C. Guo; A. Sharp; J.S. de Bono,
192-942-777-913-143,"Modifiable risk-attributable and age-related burden of lung cancer in China, 1990-2019.",Chenran Wang; Yuting Chang; Jingyu Ren; Zheng Wu; Yadi Zheng; Zilin Luo; Chao Qin; Wei Cao; Fei Wang; Yongjie Xu; Liang Zhao; Xuesi Dong; Changfa Xia; Jiang Li; Jiansong Ren; Jufang Shi; Jibin Li; Kaiyong Zou; Wanqing Chen; Fengwei Tan; Ni Li; Jie He,"<AbstractText Label=""BACKGROUND"">There were limited studies on the quantification of the modifiable and nonmodifiable lung cancer burden over time in China. Furthermore, the potential effect of risk factor reduction for lung cancer on gains in life expectancy (LE) remains unknown.</AbstractText>;           <AbstractText Label=""METHODS"">This study explored temporal trends in lung cancer deaths and disability-adjusted life years (DALY) attributable to modifiable risk factors from 1990 to 2019, based on the 2019 Global Burden of Disease Study. The abridged period life table method was used to quantify the effect of risk factors on LE. The authors used the decomposition approach to estimate contributions of aging metrics to change in the lung cancer burden.</AbstractText>;           <AbstractText Label=""RESULTS"">Nationally, the majority of lung cancer deaths and DALYs were attributable to behavioral and environmental risk clusters. Potential gains in life expectancy (PGLE) at birth would be 0.78 years for males and 0.35 years for females if the exposure to risk factors was mitigated to the theoretical minimum level. Tobacco use had the most robust impact on LE for both sexes (PGLE: 0.71 years for males and 0.19 years for females). From 1990 to 2019, risk-attributable age-standardized death and DALY rates of lung cancer showed an increasing trend in both sexes; adult population growth imposed 245.9 thousand deaths and 6.2 million DALYs for lung cancer.</AbstractText>;           <AbstractText Label=""CONCLUSIONS"">The modifiable risk-attributable lung cancer burden remains high in China. Effective tobacco control is the critical step toward addressing the lung cancer burden. Adult population growth was the foremost driver of transition in the age-related lung cancer burden.</AbstractText>;           <AbstractText Label=""PLAIN LANGUAGE SUMMARY"">We estimate the lung cancer burden attributable to modifiable and nonmodifiable contributors and the effect of risk factor reduction for lung cancer on the life expectancy in China. The findings suggest that the majority of lung cancer deaths and disability-adjusted life years were attributable to behavioral risk clusters, and the risk-attributable lung cancer burden increased nationally from 1990 to 2019. The average gains in life expectancy would be 0.78 years for males and 0.35 years for females if the exposure to risk factors for lung cancer was reduced to the theoretical minimum risk exposure level. Adult population growth was identified as the foremost driver of variation in the aging lung cancer burden.</AbstractText>;           <CopyrightInformation>© 2023 American Cancer Society.</CopyrightInformation>"
193-207-236-883-194,Retraction: Cell-Permeable NM23 Blocks the Maintenance and Progression of Established Pulmonary Metastasis.,Junghee Lim; Giyong Jang; Seeun Kang; Guewha Lee; Do Thi Thuy Nga; Do Thi Lan Phuong; Hyuncheol Kim; Wael El-Rifai; H Earl Ruley; Daewoong Jo,
193-537-733-210-97X,"Retraction: Tobacco-specific Carcinogens Induce Hypermethylation, DNA Adducts, and DNA Damage in Bladder Cancer.",Feng Jin; Jose Thaiparambil; Sri Ramya Donepudi; Venkatrao Vantaku; Danthasinghe Waduge Badrajee Piyarathna; Suman Maity; Rashmi Krishnapuram; Vasanta Putluri; Franklin Gu; Preeti Purwaha; Salil Kumar Bhowmik; Chandrashekar R Ambati; Friedrich-Carl von Rundstedt; Florian Roghmann; Sebastian Berg; Joachim Noldus; Kimal Rajapakshe; Daniel Gödde; Stephan Roth; Stephan Störkel; Stephan Degener; George Michailidis; Benny Abraham Kaipparettu; Balasubramanyam Karanam; Martha K Terris; Shyam M Kavuri; Seth P Lerner; Farrah Kheradmand; Cristian Coarfa; Arun Sreekumar; Yair Lotan; Randa El-Zein; Nagireddy Putluri,
193-692-457-196-090,An Analysis of Female Cancer Incidence in Cancer Registries in Jiangxi Province,Yang Xu-li,"[Purpose] To investigate female cancer epidemic status in cancer registries in Jiangxi province,and to provide reference for local cancer control and prevention.[Methods]The cancer data from 2009 to 2011 in cancer registries of Jiangxi province were analyzed.The cancer incidence,standardized incidence rate and cumulative rate were analyzed.[Results]The female crude cancer incidence in cancer registries of Jiangxi province was 141.04/105,the age-standardized incidence by Chinese population was 86.64/105,and age-standardized incidence by World population was 111.23/105,cumulative incidence rate(0～74 years) was 12.40%.The female cancer incidence in urban areas was higher than that in rural areas.The top 5 common cancers in urban was breast cancer,lung cancer,colon rectum cancer,stomach cancer and cervix cancer.Lung cancer was the leading cause of cancer incidence in female in rural areas,followed by stomach cancer,breast cancer,liver cancer and colon cancer.[Conclusion] Cancer prevention and control in female in Jiangxi province should put emphasis on breast cancer,lung cancer,digestive system cancer and cervix cancer."
193-898-391-501-411,Positive rates of endometrial and cervical cytology in ovarian cancer patients with BRCA1/2 germline pathogenic variants.,Eitaro Funada; Hidetaka Nomura; Tsubasa Kon; Yuri Kuratomi; Toshiaki Watanabe; Mayumi Kamata; Atsushi Fusegi; Akiko Abe; Shogo Nishino; Motoko Kanno; Sachiho Netsu; Makiko Omi; Yoichi Aoki; Terumi Tanigawa; Sanshiro Okamoto; Mayu Yunokawa; Naoko Yamazaki; Tomohiro Chiba; Yui Kojima; Akiko Tonooka; Hiroyuki Kanao,
193-935-020-821-889,Pharmacokinetics and Pharmacodynamics in Drug Development,Simon Pacey; Paul Workman; Debashis Sarker,
194-087-897-783-628,"Supplementary Methods, Figure and Table Legends from Caveolin-1 (<i>CAV1</i>) Is a Target of EWS/FLI-1 and a Key Determinant of the Oncogenic Phenotype and Tumorigenicity of Ewing's Sarcoma Cells",Oscar M. Tirado; Silvia Mateo-Lozano; Joaquín Villar; Luis E. Dettin; Anna Llort; Soledad Gallego; Jozef Ban; Heinrich Kovar; Vicente Notario,"<jats:p>Supplementary Methods, Figure and Table Legends from Caveolin-1 (&lt;i&gt;CAV1&lt;/i&gt;) Is a Target of EWS/FLI-1 and a Key Determinant of the Oncogenic Phenotype and Tumorigenicity of Ewing's Sarcoma Cells</jats:p>"
194-189-710-595-836,Editor's Note: Cell Surface Tetraspanin Tspan8 Contributes to Molecular Pathways of Exosome-Induced Endothelial Cell Activation.,Irina Nazarenko; Sanyukta Rana; Alexandra Baumann; Jessica McAlear; Andrea Hellwig; Michael Trendelenburg; Günter Lochnit; Klaus T Preissner; Margot Zöller,
194-194-219-057-639,HORMAD1 drives spindle assembly checkpoint defects and sensitivity to multiple mitotic kinases,C. Walker; D. Weekes; G. Torga; J. Quist; J. Trendell; L. Hitchens; A. Martin; K. Davidson; G. Kollarovic; A. Grigoriadis; J. Pines; S. Pettitt; C. Lord; A. Tutt,
194-199-410-868-31X,Natural Products as a Source of Chemical Diversity in cyclic-AMP dependent Protein Kinase A (PKA) Inhibitor Discovery,Brice Wilson; Ning Li; Juliana Martinez Fiesco; Masoumeh Dalilian; Dongdong Wang; Sarath Senadeera; Lin Du; Richard W. Fuller; Rohan Shah; Emily A. Smith; Ekaterina I. Goncharova; John A. Beutler; Tanja Grkovic; Ping Zhang; Barry R. O'Keefe,
194-211-189-123-202,"Ovarian cancer, renal cancer, urogenitary tract cancer, urinary bladder cancer, cervical uterine cancer, skin cancer, leukemia, multiple myeloma, and sarcoma /",M.A. Hayat.,"Ovarian cancer, renal cancer, urogenitary tract cancer, urinary bladder cancer, cervical uterine cancer, skin cancer, leukemia, multiple myeloma, and sarcoma / , Ovarian cancer, renal cancer, urogenitary tract cancer, urinary bladder cancer, cervical uterine can... , کتابخانه دیجیتال جندی شاپور اهواز"
195-105-066-210-776,Artificial intelligence(AI) for prior-authorization of financial assistance to children with haematolymphoid malignancies,F. Begu; N. Khanna; A. Gokar; A. Rawat; M. Acherjee; G. Nagashayana; N. Ramarajan; G. Srivastava; U. Thorat,
195-170-748-399-925,[Retracted] lncRNA‑u50535 promotes the progression of lung cancer by activating CCL20/ERK signaling.,Wei Wei; Xiaoliang Zhao; Jianquan Zhu; Lianmin Zhang; Yulong Chen; Bin Zhang; Yue Li; Meng Wang; Zhenfa Zhang; Changli Wang,"Following the publication of this paper, it was drawn to the Editor's attention by a concerned reader that certain of the western blotting data shown in Fig. 4B and C on p. 1952, and the Transwell invasion assay data in Fig. 2F and 4I, had already appeared in previously published articles written by different authors at different research institutes (a number of which have been retracted). Owing to the fact that the contentious data in the above article had already been published prior to its submission to <i>Oncology Reports</i>, the Editor has decided that this paper should be retracted from the Journal. The authors were asked for an explanation to account for these concerns, but the Editorial Office did not receive a reply. The Editor apologizes to the readership for any inconvenience caused. [Oncology Reports 42: 1946‑1956, 2019; DOI: 10.3892/or.2019.7302]."
195-335-270-192-417,1412P Immune changes after enzalutamide (Enza) is added to androgen-deprivation therapy (ADT) in first-line metastatic castration-resistant prostate cancer (mCRPC),R.A. Madan; R. Donahue; Y-T. Tsai; F. Karzai; S. Gandhy; M. Bilusic; P. Arlen; M. Theoret; J. Marte; L. Cordes; A. Couvillon; A. Hankin; M. Williams; S. McMahon; W.D. Figg; W. Dahut; J. Schlom; J. Gulley,
195-500-922-162-35X,Correction: p38γ MAPK Is Essential for Aerobic Glycolysis and Pancreatic Tumorigenesis.,Fang Wang; Xiao-Mei Qi; Ryan Wertz; Matthew Mortensen; Catherine Hagen; John Evans; Yuri Sheinin; Michael James; Pengyuan Liu; Susan Tsai; James Thomas; Alexander Mackinnon; Michael Dwinell; Charles R Myers; Ramon Bartrons Bach; Liwu Fu; Guan Chen,
195-732-848-365-134,"Cover Image, Volume 60, Issue 12",Alex J. Lee; Elise Fraser; Brittany Flowers; Jee Kim; Kenneth Wong; Christophe Cataisson; Huaitian Liu; Howard Yang; Maxwell P. Lee; Stuart H. Yuspa; Luowei Li,"The cover image is based on the Research Article RAS induced senescence of skin keratinocytes is mediated through Rho-associated protein kinase (ROCK) by Alex J. Lee et al., https://doi.org/10.1002/mc.23351."
196-251-215-816-678,Editor's Note: Lung Tumor Suppressor GPCR5A Binds EGFR and Restrains Its Effector Signaling.,Shuangshuang Zhong; Hujing Yin; Yueling Liao; Feng Yao; Qi Li; Jie Zhang; Huike Jiao; Yongxu Zhao; Dongliang Xu; Shuli Liu; Hongyong Song; Yong Gao; Jingyi Liu; Lina Ma; Zhi Pang; Ruixu Yang; Chengyi Ding; Beibei Sun; Xiaofeng Lin; Xiaofeng Ye; Wenzheng Guo; Baohui Han; Binhua P Zhou; Y Eugene Chin; Jiong Deng,
196-608-903-568-347,Flow Cytometry-Based Isolation and Therapeutic Evaluation of Tumor-Infiltrating Lymphocytes in a Mouse Model of Pancreatic Cancer.,Xiangqin Zhao; Xinbo Gao; Wenwen Yu; Yi Lu; Xuesong Li; Lu Tan; Xiubao Ren; Yifei Wang; Weijie Song; Jihui Hao; Ying Ma,"Pancreatic cancer is an aggressive malignancy with a dismal prognosis and limited therapeutic options. Adoptive cell therapy, which involves isolating and activating a patient's own immune cells, such as tumor-infiltrating lymphocytes (TILs), before re-infusing them, represents a promising experimental approach. However, techniques for adoptive cell transfer in preclinical pancreatic cancer models are not well established. Here, we describe a detailed protocol for adoptive cell therapy using TILs from a syngeneic pancreatic cancer mouse model. The procedure involves implanting live or irradiated mouse pancreatic cancer cells in fluorescence-labeled reporter mice to initiate immune cell influx, then isolating lymphocytes from primary tumors via flow cytometry sorting and/or activating and expanding tumor-reactive T cells ex vivo, and adoptively transferring these activated T cells intraperitoneally into tumor-bearing mice, followed by interleukin-2 administration. Bioluminescent tumor imaging allows for longitudinal monitoring of orthotopic tumor growth and response to therapy, especially evaluating the tumor-specific cytotoxic effects. This approach recapitulates the logistics involved in developing adoptive cell transfer therapies for pancreatic cancer patients. The results demonstrate enhanced antitumor efficacy of adoptively transferred tumor-reactive T cells compared to irrelevant lymphocyte controls. This versatile methodology enables the in vivo study of adoptive immunotherapy in pancreatic cancer as well as the optimization of cell processing parameters and combination treatment regimens."
196-813-049-743-38X,Additional file 2 of Fibrillarin-mediated ribosomal RNA maturation is a novel therapeutic vulnerability in triple-negative breast cancer,Camille Jouines; Piero Lo Monaco; Angéline Gaucherot; Julie Radermecker; Caroline Isaac; Fleur Bourdelais; Marie-Ambre Monet; Marion Meyer; Mounira Chalabi-Dchar; Flora Nguyen Van Long; Laury Baillon; Carine Froment; Julien Marcoux; Christophe Vanbelle; Tanguy Fenouil; Sébastien Durand; Stéphane Giraud; Jean-Jacques Diaz; Virginie Marcel; Frédéric Catez,Supplementary Material 2
197-608-457-346-483,Effect of Health Intervention via Web-Based Education on Improving Information-Motivation-Behavioral Skills Related to HPV Vaccination Among Chinese Female College Students.,Hong Wang; Xiaoyang Wang; Peipei Chen; Huifang Xu; Yin Liu; Ruihua Kang; Liyang Zheng; Xingyuan Sun; Xibin Sun; Shaokai Zhang,"<b>Objectives:</b> The human papillomavirus (HPV) vaccination rate is generally low in China. This study aimed to assess the effect of web-based education on improving information-motivation-behavior skills related to HPV vaccination among Chinese female college students. <b>Methods:</b> From February to May 2020, female students were recruited from a university and divided into intervention and control groups. The intervention group received 7 days of HPV-related web-based education. Related information were collected using questionnaires in the baseline, 7 days, 1 month, and 3 months after the intervention. Chi-square test and repeated ANOVA were used to compare the differences between the two groups in the four surveys. <b>Results:</b> A total of 449 students (235 in the intervention and 214 in the control group) were included in the analysis. There were no statistical differences in demographic information between the two groups. Compared with the control group, students in the intervention group showed a richer knowledge and subjective norms of HPV vaccination (<i>p</i> < 0.05). <b>Conclusion:</b> The study provides preliminary support for a health intervention <i>via</i> web-based education in increasing HPV vaccination information among female college students."
197-618-685-796-047,Additional file 5 of Fibrillarin-mediated ribosomal RNA maturation is a novel therapeutic vulnerability in triple-negative breast cancer,Camille Jouines; Piero Lo Monaco; Angéline Gaucherot; Julie Radermecker; Caroline Isaac; Fleur Bourdelais; Marie-Ambre Monet; Marion Meyer; Mounira Chalabi-Dchar; Flora Nguyen Van Long; Laury Baillon; Carine Froment; Julien Marcoux; Christophe Vanbelle; Tanguy Fenouil; Sébastien Durand; Stéphane Giraud; Jean-Jacques Diaz; Virginie Marcel; Frédéric Catez,Supplementary Material 5
198-229-888-953-943,Issue information,Carrie Printz; Justin Y. Jeon; Jeffrey A. Meyerhardt; Rajesh Lalla; Joanne M. Bowen; Andrei Barasch; Linda S. Elting; Joel B. Epstein; Dorothy Keefe; Deborah B. McGuire; César A. Migliorati; Ourania Nicolatou‐Galitis; Douglas E. Peterson; Judith E. Raber‐Durlacher; Stephen T. Sonis; Elad Sharon; D. C. Corry; Masakuni Serizawa; Yasuhiro Koh; Hirotsugu Kenmotsu; Mitsuhiro Isaka; Haruyasu Murakami; Hiroaki Akamatsu; Keita Mori; Masato Abe; Isamu Hayashi; Tetsuhiko Taira; Tomohiro Maniwa; Toshiaki Takahashi; Masahiro Endo; Takashi Nakajima; Yasuhisa Ohde; Nobuyuki Yamamoto; Andrea M. Russo; Darrell R. Borger; Jackie Szymonifka; David Ryan; Jennifer Y. Wo; Lawrence S. Blaszkowsky; Eunice L. Kwak; Jill N. Allen; Raymond Wadlow; Andrew Zhu; Janet E. Murphy; Jason E. Faris; Dora Dias‐Santagata; Kevin M. Haigis; Leif W. Ellisen; A. John Iafrate; Theodore S. Hong; Michael W. Drazer; Sandip M. Prasad; Dezheng Huo; Mara A. Schonberg; William Dale; Russell Z. Szmulewitz; Scott E. Eggener; Roshan S. Prabhu; Sheela Hanasoge; Kelly R. Magliocca; Benjamin C. Moeller; Zvonimir L. Milas; William A. Hall; Mark W. El‐Deiry; J Wadsworth; K.A. Higgins; Jonathan J. Beitler; Sima Jeha; Elaine Coustan‐Smith; Deqing Pei; John T. Sandlund; Jeffrey E. Rubnitz; Scott C. Howard; Hiroto Inaba; Deepa Bhojwani; Monika L. Metzger; Cheng Cheng; John Choi; Jeffrey Jacobsen; Sheila Shurtleff; Susana C. Raimondi; Raul C. Ribeiro; Ching‐Hon Pui; Dario Campana; Shuangxi Li; Gusheng Tang; Dong‐Xun Zhou; Yufei Pan; Yexiong Tan; Jian Zhang; Bo Zhang; Zhiwen Ding; Lijuan Liu; Tianyi Jiang; He-Ping Hu; Liwei Dong; Hongyang Wang; Ayal A. Aizer; T.J. Wilhite; Ming‐Hui Chen; Powell L. Graham; Toni K. Choueiri; Karen E. Hoffman; Neil Martin; Quoc‐Dien Trinh; Jim C. Hu; Paul Nguyen; Colleen Pelser; Hannah Arem; Ruth M. Pfeiffer; Joanne W. Elena; Catherine M. Alfano; Albert R. Hollenbeck; Yikyung Park; Masaaki Kawai; Kathleen E. Malone; Mei‐Tzu C. Tang; Christopher Li; Sarah E. Jackson; Andrew D. Davis; Jun Li; Nengjun Yi; Shelley R. McCormick; Carly Grant; Taya Fallen; James M. Ford; Kate Loranger; Jennifer K. Litton; Banu Arun; Kimberly Vande Wydeven; Amer Sidani; Katie Farmer; Merideth Sanders; Kent Hoskins; Robert L. Nussbaum; Laura J. Esserman; Judy Garber; Virginia Kaklamani; Matthew Mossanen; Jason Izard; Jonathan Wright; Jonathan Harper; Michael E. Porter; Kenn B. Daratha; Sarah K. Holt; John L. Gore; David Hui; Neha Didwaniya; Marieberta Vidal; Hoon Shin; Gary B. Chisholm; Joyce Roquemore; Éduardo Bruera; Matthias Uhl; Matthias Mattke; Thomas Welzel; Jan Oelmann; Gregor Habl; Alexandra Jensen; M. Ellerbrock; Thomas Haberer; Klaus Herfarth; J€ Urgen Debus; Rony Dev; Del Fabbro; Marvin Delgado; Marvin Delgado,"This news section offers Cancer readers timely information on events, public policy analysis, topical issues, and personalities. This edition looks at the growing body of evidence that continuing tobacco use among patients with cancer worsens outcomes, new research showing that the diabetes drug metformin may activate a molecule that triggers cancer growth, and results of a new study indicating that women who adhere to cancer prevention guidelines fared better than other women in terms of cancer risk."
198-589-136-498-094,Chromosome 7 to the rescue: overcoming chromosome 10 loss in gliomas,Nishanth Ulhas Nair; Alejandro A. Schäffer; Michael Gertz; Kuoyuan Cheng; Johanna Zerbib; Avinash Sahu; Gil Leor; Eldad D. Shulman; Kenneth Aldape; Uri Ben‐David; Eytan Ruppin,"The co-occurrence of chromosome 10 loss and chromosome 7 gain in gliomas is the most frequent loss-gain co-aneuploidy pair in human cancers, a phenomenon that has been investigated without resolution since the late 1980s. Expanding beyond previous gene-centric studies, we investigate the co-occurrence in a genome-wide manner taking an evolutionary perspective. First, by mining large tumor aneuploidy data, we predict that the more likely order is 10 loss followed by 7 gain. Second, by analyzing extensive genomic and transcriptomic data from both patients and cell lines, we find that this co-occurrence can be explained by functional rescue interactions that are highly enriched on 7, which can possibly compensate for any detrimental consequences arising from the loss of 10. Finally, by analyzing transcriptomic data from normal, non-cancerous, human brain tissues, we provide a plausible reason why this co-occurrence happens preferentially in cancers originating in certain regions of the brain."
198-622-732-217-051,Cancer Rehabilitation: Principles and Practice,Michael D. Stubblefield,"Principles of Cancer and Cancer Treatment The History of Cancer Rehabilitation Principles of Neoplasia Principles of Chemotherapy Principles of Immunotherapy Principles of Radiotherapy Principles of Neurosurgery in Cancer Principles of Orthopedic Surgery in Cancer Principles of Breast Surgery in Cancer Principles of Breast Reconstruction in Cancer Principles of Spine Imaging in Cancer Principles of Plexus Imaging in Cancer Cancer Statistics Introduction to Evaluation and Treatment of Malignancy Evaluation and Treatment of Breast Cancer Evaluation and Treatment of Prostate and Genitourinary Cancer Evaluation and Treatment of Lung and Bronchus Cancer Evaluation and Treatment of Gastrointestinal Cancer Evaluation and Treatment of Melanoma Evaluation and Treatment of Lymphoma Evaluation and Treatment of Leukemia and Myelodysplasia Evaluation and Treatment of Primary Central Nervous System Tumors Evaluation and Treatment of Gynecologic Cancer Evaluation and Treatment of Head and Neck Cancer Evaluation and Treatment of Thyroid Cancer Evaluation and Treatment of Sarcoma Evaluation and Treatment of Primary Bone Tumors Medical Complications of Cancer Pulmonary Complications of Cancer and Its Treatment Cardiac Complications of Cancer and Its Treatment Gastrointestinal Complications of Cancer and Its Treatment Renal Complications of Cancer and Its Treatment Endocrine Complications of Cancer and Its Treatment Hematologic Complications of Cancer and Its Treatment Infectious Complications of Cancer and Its Treatment Thromboembolic Complications of Cancer and Its Treatment Paraneoplastic Complications of Cancer and Its Treatment Pain in Cancer Approach to Evaluation of Pain Disorders in the Cancer Patient Somatic Pain in Cancer Visceral Pain in Cancer Neuopathic Pain in Cancer Non-pharmacologic Pain Management in the Cancer Patient Pharmacologic Pain Management in the Cancer Patient Interventional Pain Management in the Cancer Patient Complementary Therapies for Pain Management in the Cancer Patient Neurological and Neuromuscular Complications of Cancer Rehabilitation of Patients with Brain Tumors Rehabilitation of Patients with Spinal Cord Dysfunction in the Cancer Setting Radiculopathy in Cancer Plexopathy in Cancer Peripheral Neuropathy in Cancer Neuromuscular Junction Disorders in Cancer Myopathy in Cancer Motor Neuron Disease in Cancer Autonomic Dysfunction in Cancer Electrodiagnosis in Cancer Intraoperative Neurophysiologic Monitoring in Cancer Musculoskeletal Complications of Cancer Spine Disorders in Cancer Upper Extremity Disorders in Cancer Lower Extremity Disorders in Cancer Radiation Fibrosis Syndrome Graft versus Host Disease Osteoporosis in Cancer Bony Metastases General Topics in Cancer Rehabilitation Principles of Physical and Occupational Therapy in Cancer Therapeutic Modalities in Cancer Therapeutic Exercise in Cancer Post-surgical Rehabilitation in Cancer Nutritional Care of the Cancer Patient Sexuality Issues in Cancer Rehabilitation Depression, Anxiety, and Psychosocial Dysfunction in the Cancer Patient Rehabilitation of the Pediatric Cancer Patient Geriatric Issues in Cancer Rehabilitation Palliative Care of the Cancer Patient Complementary Therapies in Cancer Rehabilitation Specific Diagnoses in Cancer Rehabilitation. Balance and Gait Dysfunction in the Cancer Patient Cancer Related Fatigue Communication and Swallowing Dysfunction in the Cancer Patient Bladder Dysfunction in the Cancer Patient Bowel Dysfunction in the Cancer Patient Cognitive Dysfunction in the Cancer Patient Activities of Daily Living in the Cancer Patient Lymphedema in the Cancer Patient Special Topics in Cancer Rehabilitation Metrics in Cancer Rehabilitation Research Funding Issues and Priorities in Cancer Rehabilitation Public Policy Issues in Cancer Rehabilitation Health Maintenance and Screening in Cancer Survivors."
198-737-187-079-422,Correction: Proliferation and AKT Activity Biomarker Analyses after Capivasertib (AZD5363) Treatment of Patients with ER+ Invasive Breast Cancer (STAKT).,John F R Robertson; Robert E Coleman; Kwok-Leung Cheung; Abigail Evans; Chris Holcombe; Anthony Skene; Daniel Rea; Samreen Ahmed; Ali Jahan; Kieran Horgan; Petra Rauchhaus; Roberta Littleford; S Y Amy Cheung; Marie Cullberg; Elza C de Bruin; Loumpiana Koulai; Justin P O Lindemann; Martin Pass; Paul Rugman; Gaia Schiavon; Rahul Deb; Pauline Finlay; Andrew Foxley; Julia M W Gee,"In the original version of this article (1), the values in Table 2B for Capivasertib 240 mg b.i.d"
199-406-826-268-941,Head & Neck Oncology Track: Carotid Resection is an Effect Method for Locoregional Control in Very Advanced Head and Neck Cancer,Nicholas Bial; R. Bryan Bell; Allen Cheng; Ashish Patel,
199-434-748-233-097,Editor's Note: Deciphering the Mechanisms of Tumorigenesis in Human Pancreatic Ductal Epithelial Cells.,Zhe Chang; Zhongkui Li; Xiaoyang Wang; Ya'an Kang; Yuhui Yuan; Jiangong Niu; Huamin Wang; Deyali Chatterjee; Jason B Fleming; Min Li; James L Abbruzzese; Paul J Chiao,
199-536-842-016-504,Defining concepts in cancer survivorship.,Michelle A Mollica; Michelle Doose; Crystal Reed; Emily Tonorezos,"<jats:p>The National Cancer Institute’s Office of Cancer Survivorship (OCS) leads efforts to define and address the complex and evolving needs of cancer survivors, caregivers, and families through research, care, collaboration, and advocacy. This article provides updated definitions for key terms—cancer survivor, survivorship, survivorship care, and survivorship research—to guide practice, policy, and research in improving outcomes across the cancer care continuum.</jats:p>"
199-793-269-625-872,Cancer. Cancer cachexia,Deborah Howland,
